problem,instance_id,seed,n,k,r,invariant,rejected,status,timeout,memory_limited,error
pm_stb,pm_stb-n3k0-s89,89,3,0,3,linear_dependency,False,success,False,False,
pm_stb,pm_stb-n3k0-s89,89,3,0,3,signatures,False,success,False,False,
pm_stb,pm_stb-n3k0-s773,773,3,0,3,linear_dependency,False,success,False,False,
pm_stb,pm_stb-n3k0-s773,773,3,0,3,signatures,False,success,False,False,
pm_stb,pm_stb-n3k0-s654,654,3,0,3,linear_dependency,False,success,False,False,
pm_stb,pm_stb-n3k0-s654,654,3,0,3,signatures,False,success,False,False,
pm_stb,pm_stb-n3k0-s438,438,3,0,3,linear_dependency,False,success,False,False,
pm_stb,pm_stb-n3k0-s438,438,3,0,3,signatures,False,success,False,False,
pm_stb,pm_stb-n3k0-s433,433,3,0,3,linear_dependency,False,success,False,False,
pm_stb,pm_stb-n3k0-s433,433,3,0,3,signatures,False,success,False,False,
pm_stb,pm_stb-n3k0-s858,858,3,0,3,linear_dependency,False,success,False,False,
pm_stb,pm_stb-n3k0-s858,858,3,0,3,signatures,False,success,False,False,
pm_stb,pm_stb-n3k0-s85,85,3,0,3,linear_dependency,True,success,False,False,
pm_stb,pm_stb-n3k0-s85,85,3,0,3,signatures,True,success,False,False,
pm_stb,pm_stb-n3k0-s697,697,3,0,3,linear_dependency,False,success,False,False,
pm_stb,pm_stb-n3k0-s697,697,3,0,3,signatures,False,success,False,False,
pm_stb,pm_stb-n3k0-s201,201,3,0,3,linear_dependency,True,success,False,False,
pm_stb,pm_stb-n3k0-s201,201,3,0,3,signatures,True,success,False,False,
pm_stb,pm_stb-n3k0-s94,94,3,0,3,linear_dependency,False,success,False,False,
pm_stb,pm_stb-n3k0-s94,94,3,0,3,signatures,False,success,False,False,
pm_stb,pm_stb-n3k1-s89,89,3,1,2,linear_dependency,True,success,False,False,
pm_stb,pm_stb-n3k1-s89,89,3,1,2,signatures,True,success,False,False,
pm_stb,pm_stb-n3k1-s773,773,3,1,2,linear_dependency,True,success,False,False,
pm_stb,pm_stb-n3k1-s773,773,3,1,2,signatures,True,success,False,False,
pm_stb,pm_stb-n3k1-s654,654,3,1,2,linear_dependency,False,success,False,False,
pm_stb,pm_stb-n3k1-s654,654,3,1,2,signatures,False,success,False,False,
pm_stb,pm_stb-n3k1-s438,438,3,1,2,linear_dependency,True,success,False,False,
pm_stb,pm_stb-n3k1-s438,438,3,1,2,signatures,True,success,False,False,
pm_stb,pm_stb-n3k1-s433,433,3,1,2,linear_dependency,True,success,False,False,
pm_stb,pm_stb-n3k1-s433,433,3,1,2,signatures,False,success,False,False,
pm_stb,pm_stb-n3k1-s858,858,3,1,2,linear_dependency,True,success,False,False,
pm_stb,pm_stb-n3k1-s858,858,3,1,2,signatures,False,success,False,False,
pm_stb,pm_stb-n3k1-s85,85,3,1,2,linear_dependency,False,success,False,False,
pm_stb,pm_stb-n3k1-s85,85,3,1,2,signatures,False,success,False,False,
pm_stb,pm_stb-n3k1-s697,697,3,1,2,linear_dependency,True,success,False,False,
pm_stb,pm_stb-n3k1-s697,697,3,1,2,signatures,True,success,False,False,
pm_stb,pm_stb-n3k1-s201,201,3,1,2,linear_dependency,False,success,False,False,
pm_stb,pm_stb-n3k1-s201,201,3,1,2,signatures,False,success,False,False,
pm_stb,pm_stb-n3k1-s94,94,3,1,2,linear_dependency,False,success,False,False,
pm_stb,pm_stb-n3k1-s94,94,3,1,2,signatures,False,success,False,False,
pm_stb,pm_stb-n3k2-s89,89,3,2,1,linear_dependency,False,success,False,False,
pm_stb,pm_stb-n3k2-s89,89,3,2,1,signatures,False,success,False,False,
pm_stb,pm_stb-n3k2-s773,773,3,2,1,linear_dependency,False,success,False,False,
pm_stb,pm_stb-n3k2-s773,773,3,2,1,signatures,False,success,False,False,
pm_stb,pm_stb-n3k2-s654,654,3,2,1,linear_dependency,False,success,False,False,
pm_stb,pm_stb-n3k2-s654,654,3,2,1,signatures,False,success,False,False,
pm_stb,pm_stb-n3k2-s438,438,3,2,1,linear_dependency,False,success,False,False,
pm_stb,pm_stb-n3k2-s438,438,3,2,1,signatures,False,success,False,False,
pm_stb,pm_stb-n3k2-s433,433,3,2,1,linear_dependency,True,success,False,False,
pm_stb,pm_stb-n3k2-s433,433,3,2,1,signatures,True,success,False,False,
pm_stb,pm_stb-n3k2-s858,858,3,2,1,linear_dependency,True,success,False,False,
pm_stb,pm_stb-n3k2-s858,858,3,2,1,signatures,True,success,False,False,
pm_stb,pm_stb-n3k2-s85,85,3,2,1,linear_dependency,False,success,False,False,
pm_stb,pm_stb-n3k2-s85,85,3,2,1,signatures,False,success,False,False,
pm_stb,pm_stb-n3k2-s697,697,3,2,1,linear_dependency,False,success,False,False,
pm_stb,pm_stb-n3k2-s697,697,3,2,1,signatures,False,success,False,False,
pm_stb,pm_stb-n3k2-s201,201,3,2,1,linear_dependency,False,success,False,False,
pm_stb,pm_stb-n3k2-s201,201,3,2,1,signatures,False,success,False,False,
pm_stb,pm_stb-n3k2-s94,94,3,2,1,linear_dependency,False,success,False,False,
pm_stb,pm_stb-n3k2-s94,94,3,2,1,signatures,False,success,False,False,
pm_stb,pm_stb-n4k0-s89,89,4,0,4,linear_dependency,False,success,False,False,
pm_stb,pm_stb-n4k0-s89,89,4,0,4,signatures,False,success,False,False,
pm_stb,pm_stb-n4k0-s773,773,4,0,4,linear_dependency,False,success,False,False,
pm_stb,pm_stb-n4k0-s773,773,4,0,4,signatures,False,success,False,False,
pm_stb,pm_stb-n4k0-s654,654,4,0,4,linear_dependency,False,success,False,False,
pm_stb,pm_stb-n4k0-s654,654,4,0,4,signatures,False,success,False,False,
pm_stb,pm_stb-n4k0-s438,438,4,0,4,linear_dependency,False,success,False,False,
pm_stb,pm_stb-n4k0-s438,438,4,0,4,signatures,False,success,False,False,
pm_stb,pm_stb-n4k0-s433,433,4,0,4,linear_dependency,False,success,False,False,
pm_stb,pm_stb-n4k0-s433,433,4,0,4,signatures,False,success,False,False,
pm_stb,pm_stb-n4k0-s858,858,4,0,4,linear_dependency,False,success,False,False,
pm_stb,pm_stb-n4k0-s858,858,4,0,4,signatures,False,success,False,False,
pm_stb,pm_stb-n4k0-s85,85,4,0,4,linear_dependency,True,success,False,False,
pm_stb,pm_stb-n4k0-s85,85,4,0,4,signatures,True,success,False,False,
pm_stb,pm_stb-n4k0-s697,697,4,0,4,linear_dependency,False,success,False,False,
pm_stb,pm_stb-n4k0-s697,697,4,0,4,signatures,False,success,False,False,
pm_stb,pm_stb-n4k0-s201,201,4,0,4,linear_dependency,False,success,False,False,
pm_stb,pm_stb-n4k0-s201,201,4,0,4,signatures,False,success,False,False,
pm_stb,pm_stb-n4k0-s94,94,4,0,4,linear_dependency,False,success,False,False,
pm_stb,pm_stb-n4k0-s94,94,4,0,4,signatures,False,success,False,False,
pm_stb,pm_stb-n4k1-s89,89,4,1,3,linear_dependency,False,success,False,False,
pm_stb,pm_stb-n4k1-s89,89,4,1,3,signatures,False,success,False,False,
pm_stb,pm_stb-n4k1-s773,773,4,1,3,linear_dependency,False,success,False,False,
pm_stb,pm_stb-n4k1-s773,773,4,1,3,signatures,False,success,False,False,
pm_stb,pm_stb-n4k1-s654,654,4,1,3,linear_dependency,True,success,False,False,
pm_stb,pm_stb-n4k1-s654,654,4,1,3,signatures,True,success,False,False,
pm_stb,pm_stb-n4k1-s438,438,4,1,3,linear_dependency,False,success,False,False,
pm_stb,pm_stb-n4k1-s438,438,4,1,3,signatures,False,success,False,False,
pm_stb,pm_stb-n4k1-s433,433,4,1,3,linear_dependency,False,success,False,False,
pm_stb,pm_stb-n4k1-s433,433,4,1,3,signatures,False,success,False,False,
pm_stb,pm_stb-n4k1-s858,858,4,1,3,linear_dependency,True,success,False,False,
pm_stb,pm_stb-n4k1-s858,858,4,1,3,signatures,True,success,False,False,
pm_stb,pm_stb-n4k1-s85,85,4,1,3,linear_dependency,False,success,False,False,
pm_stb,pm_stb-n4k1-s85,85,4,1,3,signatures,False,success,False,False,
pm_stb,pm_stb-n4k1-s697,697,4,1,3,linear_dependency,False,success,False,False,
pm_stb,pm_stb-n4k1-s697,697,4,1,3,signatures,False,success,False,False,
pm_stb,pm_stb-n4k1-s201,201,4,1,3,linear_dependency,False,success,False,False,
pm_stb,pm_stb-n4k1-s201,201,4,1,3,signatures,False,success,False,False,
pm_stb,pm_stb-n4k1-s94,94,4,1,3,linear_dependency,False,success,False,False,
pm_stb,pm_stb-n4k1-s94,94,4,1,3,signatures,False,success,False,False,
pm_stb,pm_stb-n4k2-s89,89,4,2,2,linear_dependency,False,success,False,False,
pm_stb,pm_stb-n4k2-s89,89,4,2,2,signatures,False,success,False,False,
pm_stb,pm_stb-n4k2-s773,773,4,2,2,linear_dependency,False,success,False,False,
pm_stb,pm_stb-n4k2-s773,773,4,2,2,signatures,False,success,False,False,
pm_stb,pm_stb-n4k2-s654,654,4,2,2,linear_dependency,False,success,False,False,
pm_stb,pm_stb-n4k2-s654,654,4,2,2,signatures,False,success,False,False,
pm_stb,pm_stb-n4k2-s438,438,4,2,2,linear_dependency,False,success,False,False,
pm_stb,pm_stb-n4k2-s438,438,4,2,2,signatures,False,success,False,False,
pm_stb,pm_stb-n4k2-s433,433,4,2,2,linear_dependency,False,success,False,False,
pm_stb,pm_stb-n4k2-s433,433,4,2,2,signatures,False,success,False,False,
pm_stb,pm_stb-n4k2-s858,858,4,2,2,linear_dependency,True,success,False,False,
pm_stb,pm_stb-n4k2-s858,858,4,2,2,signatures,False,success,False,False,
pm_stb,pm_stb-n4k2-s85,85,4,2,2,linear_dependency,True,success,False,False,
pm_stb,pm_stb-n4k2-s85,85,4,2,2,signatures,True,success,False,False,
pm_stb,pm_stb-n4k2-s697,697,4,2,2,linear_dependency,False,success,False,False,
pm_stb,pm_stb-n4k2-s697,697,4,2,2,signatures,False,success,False,False,
pm_stb,pm_stb-n4k2-s201,201,4,2,2,linear_dependency,False,success,False,False,
pm_stb,pm_stb-n4k2-s201,201,4,2,2,signatures,False,success,False,False,
pm_stb,pm_stb-n4k2-s94,94,4,2,2,linear_dependency,True,success,False,False,
pm_stb,pm_stb-n4k2-s94,94,4,2,2,signatures,False,success,False,False,
pm_stb,pm_stb-n4k3-s89,89,4,3,1,linear_dependency,False,success,False,False,
pm_stb,pm_stb-n4k3-s89,89,4,3,1,signatures,False,success,False,False,
pm_stb,pm_stb-n4k3-s773,773,4,3,1,linear_dependency,False,success,False,False,
pm_stb,pm_stb-n4k3-s773,773,4,3,1,signatures,False,success,False,False,
pm_stb,pm_stb-n4k3-s654,654,4,3,1,linear_dependency,False,success,False,False,
pm_stb,pm_stb-n4k3-s654,654,4,3,1,signatures,False,success,False,False,
pm_stb,pm_stb-n4k3-s438,438,4,3,1,linear_dependency,True,success,False,False,
pm_stb,pm_stb-n4k3-s438,438,4,3,1,signatures,True,success,False,False,
pm_stb,pm_stb-n4k3-s433,433,4,3,1,linear_dependency,True,success,False,False,
pm_stb,pm_stb-n4k3-s433,433,4,3,1,signatures,True,success,False,False,
pm_stb,pm_stb-n4k3-s858,858,4,3,1,linear_dependency,False,success,False,False,
pm_stb,pm_stb-n4k3-s858,858,4,3,1,signatures,False,success,False,False,
pm_stb,pm_stb-n4k3-s85,85,4,3,1,linear_dependency,False,success,False,False,
pm_stb,pm_stb-n4k3-s85,85,4,3,1,signatures,False,success,False,False,
pm_stb,pm_stb-n4k3-s697,697,4,3,1,linear_dependency,False,success,False,False,
pm_stb,pm_stb-n4k3-s697,697,4,3,1,signatures,False,success,False,False,
pm_stb,pm_stb-n4k3-s201,201,4,3,1,linear_dependency,False,success,False,False,
pm_stb,pm_stb-n4k3-s201,201,4,3,1,signatures,False,success,False,False,
pm_stb,pm_stb-n4k3-s94,94,4,3,1,linear_dependency,True,success,False,False,
pm_stb,pm_stb-n4k3-s94,94,4,3,1,signatures,True,success,False,False,
pm_stb,pm_stb-n5k0-s89,89,5,0,5,linear_dependency,False,success,False,False,
pm_stb,pm_stb-n5k0-s89,89,5,0,5,signatures,False,success,False,False,
pm_stb,pm_stb-n5k0-s773,773,5,0,5,linear_dependency,False,success,False,False,
pm_stb,pm_stb-n5k0-s773,773,5,0,5,signatures,False,success,False,False,
pm_stb,pm_stb-n5k0-s654,654,5,0,5,linear_dependency,False,success,False,False,
pm_stb,pm_stb-n5k0-s654,654,5,0,5,signatures,False,success,False,False,
pm_stb,pm_stb-n5k0-s438,438,5,0,5,linear_dependency,False,success,False,False,
pm_stb,pm_stb-n5k0-s438,438,5,0,5,signatures,False,success,False,False,
pm_stb,pm_stb-n5k0-s433,433,5,0,5,linear_dependency,False,success,False,False,
pm_stb,pm_stb-n5k0-s433,433,5,0,5,signatures,False,success,False,False,
pm_stb,pm_stb-n5k0-s858,858,5,0,5,linear_dependency,False,success,False,False,
pm_stb,pm_stb-n5k0-s858,858,5,0,5,signatures,False,success,False,False,
pm_stb,pm_stb-n5k0-s85,85,5,0,5,linear_dependency,False,success,False,False,
pm_stb,pm_stb-n5k0-s85,85,5,0,5,signatures,False,success,False,False,
pm_stb,pm_stb-n5k0-s697,697,5,0,5,linear_dependency,True,success,False,False,
pm_stb,pm_stb-n5k0-s697,697,5,0,5,signatures,True,success,False,False,
pm_stb,pm_stb-n5k0-s201,201,5,0,5,linear_dependency,False,success,False,False,
pm_stb,pm_stb-n5k0-s201,201,5,0,5,signatures,False,success,False,False,
pm_stb,pm_stb-n5k0-s94,94,5,0,5,linear_dependency,False,success,False,False,
pm_stb,pm_stb-n5k0-s94,94,5,0,5,signatures,False,success,False,False,
pm_stb,pm_stb-n5k1-s89,89,5,1,4,linear_dependency,False,success,False,False,
pm_stb,pm_stb-n5k1-s89,89,5,1,4,signatures,False,success,False,False,
pm_stb,pm_stb-n5k1-s773,773,5,1,4,linear_dependency,False,success,False,False,
pm_stb,pm_stb-n5k1-s773,773,5,1,4,signatures,False,success,False,False,
pm_stb,pm_stb-n5k1-s654,654,5,1,4,linear_dependency,False,success,False,False,
pm_stb,pm_stb-n5k1-s654,654,5,1,4,signatures,False,success,False,False,
pm_stb,pm_stb-n5k1-s438,438,5,1,4,linear_dependency,True,success,False,False,
pm_stb,pm_stb-n5k1-s438,438,5,1,4,signatures,True,success,False,False,
pm_stb,pm_stb-n5k1-s433,433,5,1,4,linear_dependency,False,success,False,False,
pm_stb,pm_stb-n5k1-s433,433,5,1,4,signatures,False,success,False,False,
pm_stb,pm_stb-n5k1-s858,858,5,1,4,linear_dependency,False,success,False,False,
pm_stb,pm_stb-n5k1-s858,858,5,1,4,signatures,False,success,False,False,
pm_stb,pm_stb-n5k1-s85,85,5,1,4,linear_dependency,False,success,False,False,
pm_stb,pm_stb-n5k1-s85,85,5,1,4,signatures,False,success,False,False,
pm_stb,pm_stb-n5k1-s697,697,5,1,4,linear_dependency,False,success,False,False,
pm_stb,pm_stb-n5k1-s697,697,5,1,4,signatures,False,success,False,False,
pm_stb,pm_stb-n5k1-s201,201,5,1,4,linear_dependency,True,success,False,False,
pm_stb,pm_stb-n5k1-s201,201,5,1,4,signatures,True,success,False,False,
pm_stb,pm_stb-n5k1-s94,94,5,1,4,linear_dependency,False,success,False,False,
pm_stb,pm_stb-n5k1-s94,94,5,1,4,signatures,False,success,False,False,
pm_stb,pm_stb-n5k2-s89,89,5,2,3,linear_dependency,True,success,False,False,
pm_stb,pm_stb-n5k2-s89,89,5,2,3,signatures,True,success,False,False,
pm_stb,pm_stb-n5k2-s773,773,5,2,3,linear_dependency,True,success,False,False,
pm_stb,pm_stb-n5k2-s773,773,5,2,3,signatures,True,success,False,False,
pm_stb,pm_stb-n5k2-s654,654,5,2,3,linear_dependency,False,success,False,False,
pm_stb,pm_stb-n5k2-s654,654,5,2,3,signatures,False,success,False,False,
pm_stb,pm_stb-n5k2-s438,438,5,2,3,linear_dependency,False,success,False,False,
pm_stb,pm_stb-n5k2-s438,438,5,2,3,signatures,False,success,False,False,
pm_stb,pm_stb-n5k2-s433,433,5,2,3,linear_dependency,False,success,False,False,
pm_stb,pm_stb-n5k2-s433,433,5,2,3,signatures,False,success,False,False,
pm_stb,pm_stb-n5k2-s858,858,5,2,3,linear_dependency,True,success,False,False,
pm_stb,pm_stb-n5k2-s858,858,5,2,3,signatures,True,success,False,False,
pm_stb,pm_stb-n5k2-s85,85,5,2,3,linear_dependency,False,success,False,False,
pm_stb,pm_stb-n5k2-s85,85,5,2,3,signatures,False,success,False,False,
pm_stb,pm_stb-n5k2-s697,697,5,2,3,linear_dependency,True,success,False,False,
pm_stb,pm_stb-n5k2-s697,697,5,2,3,signatures,True,success,False,False,
pm_stb,pm_stb-n5k2-s201,201,5,2,3,linear_dependency,False,success,False,False,
pm_stb,pm_stb-n5k2-s201,201,5,2,3,signatures,False,success,False,False,
pm_stb,pm_stb-n5k2-s94,94,5,2,3,linear_dependency,False,success,False,False,
pm_stb,pm_stb-n5k2-s94,94,5,2,3,signatures,False,success,False,False,
pm_stb,pm_stb-n5k3-s89,89,5,3,2,linear_dependency,False,success,False,False,
pm_stb,pm_stb-n5k3-s89,89,5,3,2,signatures,False,success,False,False,
pm_stb,pm_stb-n5k3-s773,773,5,3,2,linear_dependency,True,success,False,False,
pm_stb,pm_stb-n5k3-s773,773,5,3,2,signatures,True,success,False,False,
pm_stb,pm_stb-n5k3-s654,654,5,3,2,linear_dependency,False,success,False,False,
pm_stb,pm_stb-n5k3-s654,654,5,3,2,signatures,False,success,False,False,
pm_stb,pm_stb-n5k3-s438,438,5,3,2,linear_dependency,False,success,False,False,
pm_stb,pm_stb-n5k3-s438,438,5,3,2,signatures,False,success,False,False,
pm_stb,pm_stb-n5k3-s433,433,5,3,2,linear_dependency,False,success,False,False,
pm_stb,pm_stb-n5k3-s433,433,5,3,2,signatures,False,success,False,False,
pm_stb,pm_stb-n5k3-s858,858,5,3,2,linear_dependency,False,success,False,False,
pm_stb,pm_stb-n5k3-s858,858,5,3,2,signatures,False,success,False,False,
pm_stb,pm_stb-n5k3-s85,85,5,3,2,linear_dependency,False,success,False,False,
pm_stb,pm_stb-n5k3-s85,85,5,3,2,signatures,False,success,False,False,
pm_stb,pm_stb-n5k3-s697,697,5,3,2,linear_dependency,False,success,False,False,
pm_stb,pm_stb-n5k3-s697,697,5,3,2,signatures,False,success,False,False,
pm_stb,pm_stb-n5k3-s201,201,5,3,2,linear_dependency,True,success,False,False,
pm_stb,pm_stb-n5k3-s201,201,5,3,2,signatures,True,success,False,False,
pm_stb,pm_stb-n5k3-s94,94,5,3,2,linear_dependency,True,success,False,False,
pm_stb,pm_stb-n5k3-s94,94,5,3,2,signatures,True,success,False,False,
pm_stb,pm_stb-n5k4-s89,89,5,4,1,linear_dependency,False,success,False,False,
pm_stb,pm_stb-n5k4-s89,89,5,4,1,signatures,False,success,False,False,
pm_stb,pm_stb-n5k4-s773,773,5,4,1,linear_dependency,False,success,False,False,
pm_stb,pm_stb-n5k4-s773,773,5,4,1,signatures,False,success,False,False,
pm_stb,pm_stb-n5k4-s654,654,5,4,1,linear_dependency,False,success,False,False,
pm_stb,pm_stb-n5k4-s654,654,5,4,1,signatures,False,success,False,False,
pm_stb,pm_stb-n5k4-s438,438,5,4,1,linear_dependency,False,success,False,False,
pm_stb,pm_stb-n5k4-s438,438,5,4,1,signatures,False,success,False,False,
pm_stb,pm_stb-n5k4-s433,433,5,4,1,linear_dependency,False,success,False,False,
pm_stb,pm_stb-n5k4-s433,433,5,4,1,signatures,False,success,False,False,
pm_stb,pm_stb-n5k4-s858,858,5,4,1,linear_dependency,False,success,False,False,
pm_stb,pm_stb-n5k4-s858,858,5,4,1,signatures,False,success,False,False,
pm_stb,pm_stb-n5k4-s85,85,5,4,1,linear_dependency,False,success,False,False,
pm_stb,pm_stb-n5k4-s85,85,5,4,1,signatures,False,success,False,False,
pm_stb,pm_stb-n5k4-s697,697,5,4,1,linear_dependency,False,success,False,False,
pm_stb,pm_stb-n5k4-s697,697,5,4,1,signatures,False,success,False,False,
pm_stb,pm_stb-n5k4-s201,201,5,4,1,linear_dependency,False,success,False,False,
pm_stb,pm_stb-n5k4-s201,201,5,4,1,signatures,False,success,False,False,
pm_stb,pm_stb-n5k4-s94,94,5,4,1,linear_dependency,False,success,False,False,
pm_stb,pm_stb-n5k4-s94,94,5,4,1,signatures,False,success,False,False,
pm_stb,pm_stb-n6k0-s89,89,6,0,6,linear_dependency,False,success,False,False,
pm_stb,pm_stb-n6k0-s89,89,6,0,6,signatures,False,success,False,False,
pm_stb,pm_stb-n6k0-s773,773,6,0,6,linear_dependency,True,success,False,False,
pm_stb,pm_stb-n6k0-s773,773,6,0,6,signatures,True,success,False,False,
pm_stb,pm_stb-n6k0-s654,654,6,0,6,linear_dependency,False,success,False,False,
pm_stb,pm_stb-n6k0-s654,654,6,0,6,signatures,False,success,False,False,
pm_stb,pm_stb-n6k0-s438,438,6,0,6,linear_dependency,False,success,False,False,
pm_stb,pm_stb-n6k0-s438,438,6,0,6,signatures,False,success,False,False,
pm_stb,pm_stb-n6k0-s433,433,6,0,6,linear_dependency,False,success,False,False,
pm_stb,pm_stb-n6k0-s433,433,6,0,6,signatures,False,success,False,False,
pm_stb,pm_stb-n6k0-s858,858,6,0,6,linear_dependency,True,success,False,False,
pm_stb,pm_stb-n6k0-s858,858,6,0,6,signatures,True,success,False,False,
pm_stb,pm_stb-n6k0-s85,85,6,0,6,linear_dependency,False,success,False,False,
pm_stb,pm_stb-n6k0-s85,85,6,0,6,signatures,False,success,False,False,
pm_stb,pm_stb-n6k0-s697,697,6,0,6,linear_dependency,True,success,False,False,
pm_stb,pm_stb-n6k0-s697,697,6,0,6,signatures,True,success,False,False,
pm_stb,pm_stb-n6k0-s201,201,6,0,6,linear_dependency,False,success,False,False,
pm_stb,pm_stb-n6k0-s201,201,6,0,6,signatures,False,success,False,False,
pm_stb,pm_stb-n6k0-s94,94,6,0,6,linear_dependency,True,success,False,False,
pm_stb,pm_stb-n6k0-s94,94,6,0,6,signatures,True,success,False,False,
pm_stb,pm_stb-n6k1-s89,89,6,1,5,linear_dependency,False,success,False,False,
pm_stb,pm_stb-n6k1-s89,89,6,1,5,signatures,False,success,False,False,
pm_stb,pm_stb-n6k1-s773,773,6,1,5,linear_dependency,False,success,False,False,
pm_stb,pm_stb-n6k1-s773,773,6,1,5,signatures,False,success,False,False,
pm_stb,pm_stb-n6k1-s654,654,6,1,5,linear_dependency,False,success,False,False,
pm_stb,pm_stb-n6k1-s654,654,6,1,5,signatures,False,success,False,False,
pm_stb,pm_stb-n6k1-s438,438,6,1,5,linear_dependency,False,success,False,False,
pm_stb,pm_stb-n6k1-s438,438,6,1,5,signatures,False,success,False,False,
pm_stb,pm_stb-n6k1-s433,433,6,1,5,linear_dependency,False,success,False,False,
pm_stb,pm_stb-n6k1-s433,433,6,1,5,signatures,False,success,False,False,
pm_stb,pm_stb-n6k1-s858,858,6,1,5,linear_dependency,True,success,False,False,
pm_stb,pm_stb-n6k1-s858,858,6,1,5,signatures,True,success,False,False,
pm_stb,pm_stb-n6k1-s85,85,6,1,5,linear_dependency,False,success,False,False,
pm_stb,pm_stb-n6k1-s85,85,6,1,5,signatures,False,success,False,False,
pm_stb,pm_stb-n6k1-s697,697,6,1,5,linear_dependency,False,success,False,False,
pm_stb,pm_stb-n6k1-s697,697,6,1,5,signatures,False,success,False,False,
pm_stb,pm_stb-n6k1-s201,201,6,1,5,linear_dependency,False,success,False,False,
pm_stb,pm_stb-n6k1-s201,201,6,1,5,signatures,False,success,False,False,
pm_stb,pm_stb-n6k1-s94,94,6,1,5,linear_dependency,False,success,False,False,
pm_stb,pm_stb-n6k1-s94,94,6,1,5,signatures,False,success,False,False,
pm_stb,pm_stb-n6k2-s89,89,6,2,4,linear_dependency,True,success,False,False,
pm_stb,pm_stb-n6k2-s89,89,6,2,4,signatures,True,success,False,False,
pm_stb,pm_stb-n6k2-s773,773,6,2,4,linear_dependency,False,success,False,False,
pm_stb,pm_stb-n6k2-s773,773,6,2,4,signatures,False,success,False,False,
pm_stb,pm_stb-n6k2-s654,654,6,2,4,linear_dependency,False,success,False,False,
pm_stb,pm_stb-n6k2-s654,654,6,2,4,signatures,False,success,False,False,
pm_stb,pm_stb-n6k2-s438,438,6,2,4,linear_dependency,False,success,False,False,
pm_stb,pm_stb-n6k2-s438,438,6,2,4,signatures,False,success,False,False,
pm_stb,pm_stb-n6k2-s433,433,6,2,4,linear_dependency,False,success,False,False,
pm_stb,pm_stb-n6k2-s433,433,6,2,4,signatures,False,success,False,False,
pm_stb,pm_stb-n6k2-s858,858,6,2,4,linear_dependency,False,success,False,False,
pm_stb,pm_stb-n6k2-s858,858,6,2,4,signatures,False,success,False,False,
pm_stb,pm_stb-n6k2-s85,85,6,2,4,linear_dependency,False,success,False,False,
pm_stb,pm_stb-n6k2-s85,85,6,2,4,signatures,False,success,False,False,
pm_stb,pm_stb-n6k2-s697,697,6,2,4,linear_dependency,False,success,False,False,
pm_stb,pm_stb-n6k2-s697,697,6,2,4,signatures,False,success,False,False,
pm_stb,pm_stb-n6k2-s201,201,6,2,4,linear_dependency,False,success,False,False,
pm_stb,pm_stb-n6k2-s201,201,6,2,4,signatures,False,success,False,False,
pm_stb,pm_stb-n6k2-s94,94,6,2,4,linear_dependency,True,success,False,False,
pm_stb,pm_stb-n6k2-s94,94,6,2,4,signatures,True,success,False,False,
pm_stb,pm_stb-n6k3-s89,89,6,3,3,linear_dependency,False,success,False,False,
pm_stb,pm_stb-n6k3-s89,89,6,3,3,signatures,False,success,False,False,
pm_stb,pm_stb-n6k3-s773,773,6,3,3,linear_dependency,True,success,False,False,
pm_stb,pm_stb-n6k3-s773,773,6,3,3,signatures,True,success,False,False,
pm_stb,pm_stb-n6k3-s654,654,6,3,3,linear_dependency,True,success,False,False,
pm_stb,pm_stb-n6k3-s654,654,6,3,3,signatures,True,success,False,False,
pm_stb,pm_stb-n6k3-s438,438,6,3,3,linear_dependency,False,success,False,False,
pm_stb,pm_stb-n6k3-s438,438,6,3,3,signatures,False,success,False,False,
pm_stb,pm_stb-n6k3-s433,433,6,3,3,linear_dependency,False,success,False,False,
pm_stb,pm_stb-n6k3-s433,433,6,3,3,signatures,False,success,False,False,
pm_stb,pm_stb-n6k3-s858,858,6,3,3,linear_dependency,True,success,False,False,
pm_stb,pm_stb-n6k3-s858,858,6,3,3,signatures,True,success,False,False,
pm_stb,pm_stb-n6k3-s85,85,6,3,3,linear_dependency,False,success,False,False,
pm_stb,pm_stb-n6k3-s85,85,6,3,3,signatures,False,success,False,False,
pm_stb,pm_stb-n6k3-s697,697,6,3,3,linear_dependency,True,success,False,False,
pm_stb,pm_stb-n6k3-s697,697,6,3,3,signatures,True,success,False,False,
pm_stb,pm_stb-n6k3-s201,201,6,3,3,linear_dependency,False,success,False,False,
pm_stb,pm_stb-n6k3-s201,201,6,3,3,signatures,False,success,False,False,
pm_stb,pm_stb-n6k3-s94,94,6,3,3,linear_dependency,True,success,False,False,
pm_stb,pm_stb-n6k3-s94,94,6,3,3,signatures,True,success,False,False,
pm_stb,pm_stb-n6k4-s89,89,6,4,2,linear_dependency,False,success,False,False,
pm_stb,pm_stb-n6k4-s89,89,6,4,2,signatures,False,success,False,False,
pm_stb,pm_stb-n6k4-s773,773,6,4,2,linear_dependency,True,success,False,False,
pm_stb,pm_stb-n6k4-s773,773,6,4,2,signatures,True,success,False,False,
pm_stb,pm_stb-n6k4-s654,654,6,4,2,linear_dependency,True,success,False,False,
pm_stb,pm_stb-n6k4-s654,654,6,4,2,signatures,True,success,False,False,
pm_stb,pm_stb-n6k4-s438,438,6,4,2,linear_dependency,True,success,False,False,
pm_stb,pm_stb-n6k4-s438,438,6,4,2,signatures,True,success,False,False,
pm_stb,pm_stb-n6k4-s433,433,6,4,2,linear_dependency,True,success,False,False,
pm_stb,pm_stb-n6k4-s433,433,6,4,2,signatures,True,success,False,False,
pm_stb,pm_stb-n6k4-s858,858,6,4,2,linear_dependency,False,success,False,False,
pm_stb,pm_stb-n6k4-s858,858,6,4,2,signatures,False,success,False,False,
pm_stb,pm_stb-n6k4-s85,85,6,4,2,linear_dependency,False,success,False,False,
pm_stb,pm_stb-n6k4-s85,85,6,4,2,signatures,False,success,False,False,
pm_stb,pm_stb-n6k4-s697,697,6,4,2,linear_dependency,True,success,False,False,
pm_stb,pm_stb-n6k4-s697,697,6,4,2,signatures,True,success,False,False,
pm_stb,pm_stb-n6k4-s201,201,6,4,2,linear_dependency,False,success,False,False,
pm_stb,pm_stb-n6k4-s201,201,6,4,2,signatures,False,success,False,False,
pm_stb,pm_stb-n6k4-s94,94,6,4,2,linear_dependency,False,success,False,False,
pm_stb,pm_stb-n6k4-s94,94,6,4,2,signatures,False,success,False,False,
pm_stb,pm_stb-n6k5-s89,89,6,5,1,linear_dependency,False,success,False,False,
pm_stb,pm_stb-n6k5-s89,89,6,5,1,signatures,False,success,False,False,
pm_stb,pm_stb-n6k5-s773,773,6,5,1,linear_dependency,False,success,False,False,
pm_stb,pm_stb-n6k5-s773,773,6,5,1,signatures,False,success,False,False,
pm_stb,pm_stb-n6k5-s654,654,6,5,1,linear_dependency,False,success,False,False,
pm_stb,pm_stb-n6k5-s654,654,6,5,1,signatures,False,success,False,False,
pm_stb,pm_stb-n6k5-s438,438,6,5,1,linear_dependency,True,success,False,False,
pm_stb,pm_stb-n6k5-s438,438,6,5,1,signatures,True,success,False,False,
pm_stb,pm_stb-n6k5-s433,433,6,5,1,linear_dependency,True,success,False,False,
pm_stb,pm_stb-n6k5-s433,433,6,5,1,signatures,True,success,False,False,
pm_stb,pm_stb-n6k5-s858,858,6,5,1,linear_dependency,False,success,False,False,
pm_stb,pm_stb-n6k5-s858,858,6,5,1,signatures,False,success,False,False,
pm_stb,pm_stb-n6k5-s85,85,6,5,1,linear_dependency,True,success,False,False,
pm_stb,pm_stb-n6k5-s85,85,6,5,1,signatures,True,success,False,False,
pm_stb,pm_stb-n6k5-s697,697,6,5,1,linear_dependency,True,success,False,False,
pm_stb,pm_stb-n6k5-s697,697,6,5,1,signatures,True,success,False,False,
pm_stb,pm_stb-n6k5-s201,201,6,5,1,linear_dependency,False,success,False,False,
pm_stb,pm_stb-n6k5-s201,201,6,5,1,signatures,False,success,False,False,
pm_stb,pm_stb-n6k5-s94,94,6,5,1,linear_dependency,False,success,False,False,
pm_stb,pm_stb-n6k5-s94,94,6,5,1,signatures,False,success,False,False,
pm_stb,pm_stb-n7k0-s89,89,7,0,7,linear_dependency,False,success,False,False,
pm_stb,pm_stb-n7k0-s89,89,7,0,7,signatures,False,success,False,False,
pm_stb,pm_stb-n7k0-s773,773,7,0,7,linear_dependency,False,success,False,False,
pm_stb,pm_stb-n7k0-s773,773,7,0,7,signatures,False,success,False,False,
pm_stb,pm_stb-n7k0-s654,654,7,0,7,linear_dependency,False,success,False,False,
pm_stb,pm_stb-n7k0-s654,654,7,0,7,signatures,False,success,False,False,
pm_stb,pm_stb-n7k0-s438,438,7,0,7,linear_dependency,False,success,False,False,
pm_stb,pm_stb-n7k0-s438,438,7,0,7,signatures,False,success,False,False,
pm_stb,pm_stb-n7k0-s433,433,7,0,7,linear_dependency,False,success,False,False,
pm_stb,pm_stb-n7k0-s433,433,7,0,7,signatures,False,success,False,False,
pm_stb,pm_stb-n7k0-s858,858,7,0,7,linear_dependency,False,success,False,False,
pm_stb,pm_stb-n7k0-s858,858,7,0,7,signatures,False,success,False,False,
pm_stb,pm_stb-n7k0-s85,85,7,0,7,linear_dependency,False,success,False,False,
pm_stb,pm_stb-n7k0-s85,85,7,0,7,signatures,False,success,False,False,
pm_stb,pm_stb-n7k0-s697,697,7,0,7,linear_dependency,False,success,False,False,
pm_stb,pm_stb-n7k0-s697,697,7,0,7,signatures,False,success,False,False,
pm_stb,pm_stb-n7k0-s201,201,7,0,7,linear_dependency,True,success,False,False,
pm_stb,pm_stb-n7k0-s201,201,7,0,7,signatures,True,success,False,False,
pm_stb,pm_stb-n7k0-s94,94,7,0,7,linear_dependency,False,success,False,False,
pm_stb,pm_stb-n7k0-s94,94,7,0,7,signatures,False,success,False,False,
pm_stb,pm_stb-n7k2-s89,89,7,2,5,linear_dependency,False,success,False,False,
pm_stb,pm_stb-n7k2-s89,89,7,2,5,signatures,False,success,False,False,
pm_stb,pm_stb-n7k2-s773,773,7,2,5,linear_dependency,True,success,False,False,
pm_stb,pm_stb-n7k2-s773,773,7,2,5,signatures,True,success,False,False,
pm_stb,pm_stb-n7k2-s654,654,7,2,5,linear_dependency,True,success,False,False,
pm_stb,pm_stb-n7k2-s654,654,7,2,5,signatures,True,success,False,False,
pm_stb,pm_stb-n7k2-s438,438,7,2,5,linear_dependency,False,success,False,False,
pm_stb,pm_stb-n7k2-s438,438,7,2,5,signatures,False,success,False,False,
pm_stb,pm_stb-n7k2-s433,433,7,2,5,linear_dependency,False,success,False,False,
pm_stb,pm_stb-n7k2-s433,433,7,2,5,signatures,False,success,False,False,
pm_stb,pm_stb-n7k2-s858,858,7,2,5,linear_dependency,True,success,False,False,
pm_stb,pm_stb-n7k2-s858,858,7,2,5,signatures,True,success,False,False,
pm_stb,pm_stb-n7k2-s85,85,7,2,5,linear_dependency,False,success,False,False,
pm_stb,pm_stb-n7k2-s85,85,7,2,5,signatures,False,success,False,False,
pm_stb,pm_stb-n7k2-s697,697,7,2,5,linear_dependency,True,success,False,False,
pm_stb,pm_stb-n7k2-s697,697,7,2,5,signatures,True,success,False,False,
pm_stb,pm_stb-n7k2-s201,201,7,2,5,linear_dependency,False,success,False,False,
pm_stb,pm_stb-n7k2-s201,201,7,2,5,signatures,False,success,False,False,
pm_stb,pm_stb-n7k2-s94,94,7,2,5,linear_dependency,True,success,False,False,
pm_stb,pm_stb-n7k2-s94,94,7,2,5,signatures,True,success,False,False,
pm_stb,pm_stb-n7k4-s89,89,7,4,3,linear_dependency,True,success,False,False,
pm_stb,pm_stb-n7k4-s89,89,7,4,3,signatures,True,success,False,False,
pm_stb,pm_stb-n7k4-s773,773,7,4,3,linear_dependency,True,success,False,False,
pm_stb,pm_stb-n7k4-s773,773,7,4,3,signatures,True,success,False,False,
pm_stb,pm_stb-n7k4-s654,654,7,4,3,linear_dependency,False,success,False,False,
pm_stb,pm_stb-n7k4-s654,654,7,4,3,signatures,False,success,False,False,
pm_stb,pm_stb-n7k4-s438,438,7,4,3,linear_dependency,True,success,False,False,
pm_stb,pm_stb-n7k4-s438,438,7,4,3,signatures,True,success,False,False,
pm_stb,pm_stb-n7k4-s433,433,7,4,3,linear_dependency,False,success,False,False,
pm_stb,pm_stb-n7k4-s433,433,7,4,3,signatures,False,success,False,False,
pm_stb,pm_stb-n7k4-s858,858,7,4,3,linear_dependency,True,success,False,False,
pm_stb,pm_stb-n7k4-s858,858,7,4,3,signatures,True,success,False,False,
pm_stb,pm_stb-n7k4-s85,85,7,4,3,linear_dependency,True,success,False,False,
pm_stb,pm_stb-n7k4-s85,85,7,4,3,signatures,True,success,False,False,
pm_stb,pm_stb-n7k4-s697,697,7,4,3,linear_dependency,True,success,False,False,
pm_stb,pm_stb-n7k4-s697,697,7,4,3,signatures,True,success,False,False,
pm_stb,pm_stb-n7k4-s201,201,7,4,3,linear_dependency,True,success,False,False,
pm_stb,pm_stb-n7k4-s201,201,7,4,3,signatures,True,success,False,False,
pm_stb,pm_stb-n7k4-s94,94,7,4,3,linear_dependency,True,success,False,False,
pm_stb,pm_stb-n7k4-s94,94,7,4,3,signatures,True,success,False,False,
pm_stb,pm_stb-n7k6-s89,89,7,6,1,linear_dependency,False,success,False,False,
pm_stb,pm_stb-n7k6-s89,89,7,6,1,signatures,False,success,False,False,
pm_stb,pm_stb-n7k6-s773,773,7,6,1,linear_dependency,True,success,False,False,
pm_stb,pm_stb-n7k6-s773,773,7,6,1,signatures,True,success,False,False,
pm_stb,pm_stb-n7k6-s654,654,7,6,1,linear_dependency,True,success,False,False,
pm_stb,pm_stb-n7k6-s654,654,7,6,1,signatures,True,success,False,False,
pm_stb,pm_stb-n7k6-s438,438,7,6,1,linear_dependency,True,success,False,False,
pm_stb,pm_stb-n7k6-s438,438,7,6,1,signatures,True,success,False,False,
pm_stb,pm_stb-n7k6-s433,433,7,6,1,linear_dependency,False,success,False,False,
pm_stb,pm_stb-n7k6-s433,433,7,6,1,signatures,False,success,False,False,
pm_stb,pm_stb-n7k6-s858,858,7,6,1,linear_dependency,False,success,False,False,
pm_stb,pm_stb-n7k6-s858,858,7,6,1,signatures,False,success,False,False,
pm_stb,pm_stb-n7k6-s85,85,7,6,1,linear_dependency,True,success,False,False,
pm_stb,pm_stb-n7k6-s85,85,7,6,1,signatures,True,success,False,False,
pm_stb,pm_stb-n7k6-s697,697,7,6,1,linear_dependency,False,success,False,False,
pm_stb,pm_stb-n7k6-s697,697,7,6,1,signatures,False,success,False,False,
pm_stb,pm_stb-n7k6-s201,201,7,6,1,linear_dependency,True,success,False,False,
pm_stb,pm_stb-n7k6-s201,201,7,6,1,signatures,True,success,False,False,
pm_stb,pm_stb-n7k6-s94,94,7,6,1,linear_dependency,False,success,False,False,
pm_stb,pm_stb-n7k6-s94,94,7,6,1,signatures,False,success,False,False,
pm_stb,pm_stb-n8k0-s89,89,8,0,8,linear_dependency,True,success,False,False,
pm_stb,pm_stb-n8k0-s89,89,8,0,8,signatures,True,success,False,False,
pm_stb,pm_stb-n8k0-s773,773,8,0,8,linear_dependency,True,success,False,False,
pm_stb,pm_stb-n8k0-s773,773,8,0,8,signatures,True,success,False,False,
pm_stb,pm_stb-n8k0-s654,654,8,0,8,linear_dependency,True,success,False,False,
pm_stb,pm_stb-n8k0-s654,654,8,0,8,signatures,True,success,False,False,
pm_stb,pm_stb-n8k0-s438,438,8,0,8,linear_dependency,False,success,False,False,
pm_stb,pm_stb-n8k0-s438,438,8,0,8,signatures,False,success,False,False,
pm_stb,pm_stb-n8k0-s433,433,8,0,8,linear_dependency,False,success,False,False,
pm_stb,pm_stb-n8k0-s433,433,8,0,8,signatures,False,success,False,False,
pm_stb,pm_stb-n8k0-s858,858,8,0,8,linear_dependency,False,success,False,False,
pm_stb,pm_stb-n8k0-s858,858,8,0,8,signatures,False,success,False,False,
pm_stb,pm_stb-n8k0-s85,85,8,0,8,linear_dependency,True,success,False,False,
pm_stb,pm_stb-n8k0-s85,85,8,0,8,signatures,True,success,False,False,
pm_stb,pm_stb-n8k0-s697,697,8,0,8,linear_dependency,False,success,False,False,
pm_stb,pm_stb-n8k0-s697,697,8,0,8,signatures,False,success,False,False,
pm_stb,pm_stb-n8k0-s201,201,8,0,8,linear_dependency,True,success,False,False,
pm_stb,pm_stb-n8k0-s201,201,8,0,8,signatures,True,success,False,False,
pm_stb,pm_stb-n8k0-s94,94,8,0,8,linear_dependency,True,success,False,False,
pm_stb,pm_stb-n8k0-s94,94,8,0,8,signatures,True,success,False,False,
pm_stb,pm_stb-n8k2-s89,89,8,2,6,linear_dependency,True,success,False,False,
pm_stb,pm_stb-n8k2-s89,89,8,2,6,signatures,True,success,False,False,
pm_stb,pm_stb-n8k2-s773,773,8,2,6,linear_dependency,False,success,False,False,
pm_stb,pm_stb-n8k2-s773,773,8,2,6,signatures,False,success,False,False,
pm_stb,pm_stb-n8k2-s654,654,8,2,6,linear_dependency,False,success,False,False,
pm_stb,pm_stb-n8k2-s654,654,8,2,6,signatures,False,success,False,False,
pm_stb,pm_stb-n8k2-s438,438,8,2,6,linear_dependency,False,success,False,False,
pm_stb,pm_stb-n8k2-s438,438,8,2,6,signatures,False,success,False,False,
pm_stb,pm_stb-n8k2-s433,433,8,2,6,linear_dependency,False,success,False,False,
pm_stb,pm_stb-n8k2-s433,433,8,2,6,signatures,False,success,False,False,
pm_stb,pm_stb-n8k2-s858,858,8,2,6,linear_dependency,True,success,False,False,
pm_stb,pm_stb-n8k2-s858,858,8,2,6,signatures,True,success,False,False,
pm_stb,pm_stb-n8k2-s85,85,8,2,6,linear_dependency,False,success,False,False,
pm_stb,pm_stb-n8k2-s85,85,8,2,6,signatures,False,success,False,False,
pm_stb,pm_stb-n8k2-s697,697,8,2,6,linear_dependency,False,success,False,False,
pm_stb,pm_stb-n8k2-s697,697,8,2,6,signatures,False,success,False,False,
pm_stb,pm_stb-n8k2-s201,201,8,2,6,linear_dependency,False,success,False,False,
pm_stb,pm_stb-n8k2-s201,201,8,2,6,signatures,False,success,False,False,
pm_stb,pm_stb-n8k2-s94,94,8,2,6,linear_dependency,False,success,False,False,
pm_stb,pm_stb-n8k2-s94,94,8,2,6,signatures,False,success,False,False,
pm_stb,pm_stb-n8k4-s89,89,8,4,4,linear_dependency,False,success,False,False,
pm_stb,pm_stb-n8k4-s89,89,8,4,4,signatures,False,success,False,False,
pm_stb,pm_stb-n8k4-s773,773,8,4,4,linear_dependency,True,success,False,False,
pm_stb,pm_stb-n8k4-s773,773,8,4,4,signatures,True,success,False,False,
pm_stb,pm_stb-n8k4-s654,654,8,4,4,linear_dependency,False,success,False,False,
pm_stb,pm_stb-n8k4-s654,654,8,4,4,signatures,False,success,False,False,
pm_stb,pm_stb-n8k4-s438,438,8,4,4,linear_dependency,False,success,False,False,
pm_stb,pm_stb-n8k4-s438,438,8,4,4,signatures,False,success,False,False,
pm_stb,pm_stb-n8k4-s433,433,8,4,4,linear_dependency,False,success,False,False,
pm_stb,pm_stb-n8k4-s433,433,8,4,4,signatures,False,success,False,False,
pm_stb,pm_stb-n8k4-s858,858,8,4,4,linear_dependency,True,success,False,False,
pm_stb,pm_stb-n8k4-s858,858,8,4,4,signatures,True,success,False,False,
pm_stb,pm_stb-n8k4-s85,85,8,4,4,linear_dependency,False,success,False,False,
pm_stb,pm_stb-n8k4-s85,85,8,4,4,signatures,False,success,False,False,
pm_stb,pm_stb-n8k4-s697,697,8,4,4,linear_dependency,False,success,False,False,
pm_stb,pm_stb-n8k4-s697,697,8,4,4,signatures,False,success,False,False,
pm_stb,pm_stb-n8k4-s201,201,8,4,4,linear_dependency,True,success,False,False,
pm_stb,pm_stb-n8k4-s201,201,8,4,4,signatures,True,success,False,False,
pm_stb,pm_stb-n8k4-s94,94,8,4,4,linear_dependency,True,success,False,False,
pm_stb,pm_stb-n8k4-s94,94,8,4,4,signatures,True,success,False,False,
pm_stb,pm_stb-n8k6-s89,89,8,6,2,linear_dependency,True,success,False,False,
pm_stb,pm_stb-n8k6-s89,89,8,6,2,signatures,True,success,False,False,
pm_stb,pm_stb-n8k6-s773,773,8,6,2,linear_dependency,True,success,False,False,
pm_stb,pm_stb-n8k6-s773,773,8,6,2,signatures,True,success,False,False,
pm_stb,pm_stb-n8k6-s654,654,8,6,2,linear_dependency,False,success,False,False,
pm_stb,pm_stb-n8k6-s654,654,8,6,2,signatures,False,success,False,False,
pm_stb,pm_stb-n8k6-s438,438,8,6,2,linear_dependency,True,success,False,False,
pm_stb,pm_stb-n8k6-s438,438,8,6,2,signatures,True,success,False,False,
pm_stb,pm_stb-n8k6-s433,433,8,6,2,linear_dependency,False,success,False,False,
pm_stb,pm_stb-n8k6-s433,433,8,6,2,signatures,False,success,False,False,
pm_stb,pm_stb-n8k6-s858,858,8,6,2,linear_dependency,False,success,False,False,
pm_stb,pm_stb-n8k6-s858,858,8,6,2,signatures,False,success,False,False,
pm_stb,pm_stb-n8k6-s85,85,8,6,2,linear_dependency,False,success,False,False,
pm_stb,pm_stb-n8k6-s85,85,8,6,2,signatures,False,success,False,False,
pm_stb,pm_stb-n8k6-s697,697,8,6,2,linear_dependency,False,success,False,False,
pm_stb,pm_stb-n8k6-s697,697,8,6,2,signatures,False,success,False,False,
pm_stb,pm_stb-n8k6-s201,201,8,6,2,linear_dependency,False,success,False,False,
pm_stb,pm_stb-n8k6-s201,201,8,6,2,signatures,False,success,False,False,
pm_stb,pm_stb-n8k6-s94,94,8,6,2,linear_dependency,True,success,False,False,
pm_stb,pm_stb-n8k6-s94,94,8,6,2,signatures,True,success,False,False,
pm_stb,pm_stb-n9k0-s89,89,9,0,9,linear_dependency,False,success,False,False,
pm_stb,pm_stb-n9k0-s89,89,9,0,9,signatures,False,success,False,False,
pm_stb,pm_stb-n9k0-s773,773,9,0,9,linear_dependency,True,success,False,False,
pm_stb,pm_stb-n9k0-s773,773,9,0,9,signatures,True,success,False,False,
pm_stb,pm_stb-n9k0-s654,654,9,0,9,linear_dependency,True,success,False,False,
pm_stb,pm_stb-n9k0-s654,654,9,0,9,signatures,True,success,False,False,
pm_stb,pm_stb-n9k0-s438,438,9,0,9,linear_dependency,False,success,False,False,
pm_stb,pm_stb-n9k0-s438,438,9,0,9,signatures,False,success,False,False,
pm_stb,pm_stb-n9k0-s433,433,9,0,9,linear_dependency,True,success,False,False,
pm_stb,pm_stb-n9k0-s433,433,9,0,9,signatures,True,success,False,False,
pm_stb,pm_stb-n9k0-s858,858,9,0,9,linear_dependency,True,success,False,False,
pm_stb,pm_stb-n9k0-s858,858,9,0,9,signatures,True,success,False,False,
pm_stb,pm_stb-n9k0-s85,85,9,0,9,linear_dependency,True,success,False,False,
pm_stb,pm_stb-n9k0-s85,85,9,0,9,signatures,True,success,False,False,
pm_stb,pm_stb-n9k0-s697,697,9,0,9,linear_dependency,False,success,False,False,
pm_stb,pm_stb-n9k0-s697,697,9,0,9,signatures,True,success,False,False,
pm_stb,pm_stb-n9k0-s201,201,9,0,9,linear_dependency,False,success,False,False,
pm_stb,pm_stb-n9k0-s201,201,9,0,9,signatures,False,success,False,False,
pm_stb,pm_stb-n9k0-s94,94,9,0,9,linear_dependency,True,success,False,False,
pm_stb,pm_stb-n9k0-s94,94,9,0,9,signatures,True,success,False,False,
pm_stb,pm_stb-n9k2-s89,89,9,2,7,linear_dependency,False,success,False,False,
pm_stb,pm_stb-n9k2-s89,89,9,2,7,signatures,False,success,False,False,
pm_stb,pm_stb-n9k2-s773,773,9,2,7,linear_dependency,True,success,False,False,
pm_stb,pm_stb-n9k2-s773,773,9,2,7,signatures,True,success,False,False,
pm_stb,pm_stb-n9k2-s654,654,9,2,7,linear_dependency,False,success,False,False,
pm_stb,pm_stb-n9k2-s654,654,9,2,7,signatures,False,success,False,False,
pm_stb,pm_stb-n9k2-s438,438,9,2,7,linear_dependency,False,success,False,False,
pm_stb,pm_stb-n9k2-s438,438,9,2,7,signatures,False,success,False,False,
pm_stb,pm_stb-n9k2-s433,433,9,2,7,linear_dependency,True,success,False,False,
pm_stb,pm_stb-n9k2-s433,433,9,2,7,signatures,True,success,False,False,
pm_stb,pm_stb-n9k2-s858,858,9,2,7,linear_dependency,True,success,False,False,
pm_stb,pm_stb-n9k2-s858,858,9,2,7,signatures,True,success,False,False,
pm_stb,pm_stb-n9k2-s85,85,9,2,7,linear_dependency,False,success,False,False,
pm_stb,pm_stb-n9k2-s85,85,9,2,7,signatures,False,success,False,False,
pm_stb,pm_stb-n9k2-s697,697,9,2,7,linear_dependency,False,success,False,False,
pm_stb,pm_stb-n9k2-s697,697,9,2,7,signatures,False,success,False,False,
pm_stb,pm_stb-n9k2-s201,201,9,2,7,linear_dependency,False,success,False,False,
pm_stb,pm_stb-n9k2-s201,201,9,2,7,signatures,False,success,False,False,
pm_stb,pm_stb-n9k2-s94,94,9,2,7,linear_dependency,True,success,False,False,
pm_stb,pm_stb-n9k2-s94,94,9,2,7,signatures,True,success,False,False,
pm_stb,pm_stb-n9k4-s89,89,9,4,5,linear_dependency,False,success,False,False,
pm_stb,pm_stb-n9k4-s89,89,9,4,5,signatures,False,success,False,False,
pm_stb,pm_stb-n9k4-s773,773,9,4,5,linear_dependency,False,success,False,False,
pm_stb,pm_stb-n9k4-s773,773,9,4,5,signatures,False,success,False,False,
pm_stb,pm_stb-n9k4-s654,654,9,4,5,linear_dependency,True,success,False,False,
pm_stb,pm_stb-n9k4-s654,654,9,4,5,signatures,True,success,False,False,
pm_stb,pm_stb-n9k4-s438,438,9,4,5,linear_dependency,True,success,False,False,
pm_stb,pm_stb-n9k4-s438,438,9,4,5,signatures,True,success,False,False,
pm_stb,pm_stb-n9k4-s433,433,9,4,5,linear_dependency,False,success,False,False,
pm_stb,pm_stb-n9k4-s433,433,9,4,5,signatures,False,success,False,False,
pm_stb,pm_stb-n9k4-s858,858,9,4,5,linear_dependency,True,success,False,False,
pm_stb,pm_stb-n9k4-s858,858,9,4,5,signatures,True,success,False,False,
pm_stb,pm_stb-n9k4-s85,85,9,4,5,linear_dependency,True,success,False,False,
pm_stb,pm_stb-n9k4-s85,85,9,4,5,signatures,True,success,False,False,
pm_stb,pm_stb-n9k4-s697,697,9,4,5,linear_dependency,False,success,False,False,
pm_stb,pm_stb-n9k4-s697,697,9,4,5,signatures,False,success,False,False,
pm_stb,pm_stb-n9k4-s201,201,9,4,5,linear_dependency,False,success,False,False,
pm_stb,pm_stb-n9k4-s201,201,9,4,5,signatures,False,success,False,False,
pm_stb,pm_stb-n9k4-s94,94,9,4,5,linear_dependency,True,success,False,False,
pm_stb,pm_stb-n9k4-s94,94,9,4,5,signatures,True,success,False,False,
pm_stb,pm_stb-n9k6-s89,89,9,6,3,linear_dependency,True,success,False,False,
pm_stb,pm_stb-n9k6-s89,89,9,6,3,signatures,True,success,False,False,
pm_stb,pm_stb-n9k6-s773,773,9,6,3,linear_dependency,False,success,False,False,
pm_stb,pm_stb-n9k6-s773,773,9,6,3,signatures,False,success,False,False,
pm_stb,pm_stb-n9k6-s654,654,9,6,3,linear_dependency,True,success,False,False,
pm_stb,pm_stb-n9k6-s654,654,9,6,3,signatures,True,success,False,False,
pm_stb,pm_stb-n9k6-s438,438,9,6,3,linear_dependency,False,success,False,False,
pm_stb,pm_stb-n9k6-s438,438,9,6,3,signatures,False,success,False,False,
pm_stb,pm_stb-n9k6-s433,433,9,6,3,linear_dependency,True,success,False,False,
pm_stb,pm_stb-n9k6-s433,433,9,6,3,signatures,True,success,False,False,
pm_stb,pm_stb-n9k6-s858,858,9,6,3,linear_dependency,False,success,False,False,
pm_stb,pm_stb-n9k6-s858,858,9,6,3,signatures,False,success,False,False,
pm_stb,pm_stb-n9k6-s85,85,9,6,3,linear_dependency,True,success,False,False,
pm_stb,pm_stb-n9k6-s85,85,9,6,3,signatures,True,success,False,False,
pm_stb,pm_stb-n9k6-s697,697,9,6,3,linear_dependency,True,success,False,False,
pm_stb,pm_stb-n9k6-s697,697,9,6,3,signatures,True,success,False,False,
pm_stb,pm_stb-n9k6-s201,201,9,6,3,linear_dependency,True,success,False,False,
pm_stb,pm_stb-n9k6-s201,201,9,6,3,signatures,True,success,False,False,
pm_stb,pm_stb-n9k6-s94,94,9,6,3,linear_dependency,False,success,False,False,
pm_stb,pm_stb-n9k6-s94,94,9,6,3,signatures,False,success,False,False,
pm_stb,pm_stb-n9k8-s89,89,9,8,1,linear_dependency,True,success,False,False,
pm_stb,pm_stb-n9k8-s89,89,9,8,1,signatures,True,success,False,False,
pm_stb,pm_stb-n9k8-s773,773,9,8,1,linear_dependency,False,success,False,False,
pm_stb,pm_stb-n9k8-s773,773,9,8,1,signatures,False,success,False,False,
pm_stb,pm_stb-n9k8-s654,654,9,8,1,linear_dependency,False,success,False,False,
pm_stb,pm_stb-n9k8-s654,654,9,8,1,signatures,False,success,False,False,
pm_stb,pm_stb-n9k8-s438,438,9,8,1,linear_dependency,True,success,False,False,
pm_stb,pm_stb-n9k8-s438,438,9,8,1,signatures,True,success,False,False,
pm_stb,pm_stb-n9k8-s433,433,9,8,1,linear_dependency,False,success,False,False,
pm_stb,pm_stb-n9k8-s433,433,9,8,1,signatures,False,success,False,False,
pm_stb,pm_stb-n9k8-s858,858,9,8,1,linear_dependency,True,success,False,False,
pm_stb,pm_stb-n9k8-s858,858,9,8,1,signatures,True,success,False,False,
pm_stb,pm_stb-n9k8-s85,85,9,8,1,linear_dependency,False,success,False,False,
pm_stb,pm_stb-n9k8-s85,85,9,8,1,signatures,False,success,False,False,
pm_stb,pm_stb-n9k8-s697,697,9,8,1,linear_dependency,False,success,False,False,
pm_stb,pm_stb-n9k8-s697,697,9,8,1,signatures,False,success,False,False,
pm_stb,pm_stb-n9k8-s201,201,9,8,1,linear_dependency,False,success,False,False,
pm_stb,pm_stb-n9k8-s201,201,9,8,1,signatures,False,success,False,False,
pm_stb,pm_stb-n9k8-s94,94,9,8,1,linear_dependency,False,success,False,False,
pm_stb,pm_stb-n9k8-s94,94,9,8,1,signatures,False,success,False,False,
pm_stb,pm_stb-n10k0-s89,89,10,0,10,linear_dependency,True,success,False,False,
pm_stb,pm_stb-n10k0-s89,89,10,0,10,signatures,True,success,False,False,
pm_stb,pm_stb-n10k0-s773,773,10,0,10,linear_dependency,False,success,False,False,
pm_stb,pm_stb-n10k0-s773,773,10,0,10,signatures,False,success,False,False,
pm_stb,pm_stb-n10k0-s654,654,10,0,10,linear_dependency,True,success,False,False,
pm_stb,pm_stb-n10k0-s654,654,10,0,10,signatures,True,success,False,False,
pm_stb,pm_stb-n10k0-s438,438,10,0,10,linear_dependency,False,success,False,False,
pm_stb,pm_stb-n10k0-s438,438,10,0,10,signatures,False,success,False,False,
pm_stb,pm_stb-n10k0-s433,433,10,0,10,linear_dependency,True,success,False,False,
pm_stb,pm_stb-n10k0-s433,433,10,0,10,signatures,True,success,False,False,
pm_stb,pm_stb-n10k0-s858,858,10,0,10,linear_dependency,False,success,False,False,
pm_stb,pm_stb-n10k0-s858,858,10,0,10,signatures,False,success,False,False,
pm_stb,pm_stb-n10k0-s85,85,10,0,10,linear_dependency,True,success,False,False,
pm_stb,pm_stb-n10k0-s85,85,10,0,10,signatures,True,success,False,False,
pm_stb,pm_stb-n10k0-s697,697,10,0,10,linear_dependency,True,success,False,False,
pm_stb,pm_stb-n10k0-s697,697,10,0,10,signatures,True,success,False,False,
pm_stb,pm_stb-n10k0-s201,201,10,0,10,linear_dependency,False,success,False,False,
pm_stb,pm_stb-n10k0-s201,201,10,0,10,signatures,False,success,False,False,
pm_stb,pm_stb-n10k0-s94,94,10,0,10,linear_dependency,True,success,False,False,
pm_stb,pm_stb-n10k0-s94,94,10,0,10,signatures,True,success,False,False,
pm_stb,pm_stb-n10k2-s89,89,10,2,8,linear_dependency,True,success,False,False,
pm_stb,pm_stb-n10k2-s89,89,10,2,8,signatures,True,success,False,False,
pm_stb,pm_stb-n10k2-s773,773,10,2,8,linear_dependency,True,success,False,False,
pm_stb,pm_stb-n10k2-s773,773,10,2,8,signatures,True,success,False,False,
pm_stb,pm_stb-n10k2-s654,654,10,2,8,linear_dependency,False,success,False,False,
pm_stb,pm_stb-n10k2-s654,654,10,2,8,signatures,False,success,False,False,
pm_stb,pm_stb-n10k2-s438,438,10,2,8,linear_dependency,True,success,False,False,
pm_stb,pm_stb-n10k2-s438,438,10,2,8,signatures,True,success,False,False,
pm_stb,pm_stb-n10k2-s433,433,10,2,8,linear_dependency,False,success,False,False,
pm_stb,pm_stb-n10k2-s433,433,10,2,8,signatures,False,success,False,False,
pm_stb,pm_stb-n10k2-s858,858,10,2,8,linear_dependency,False,success,False,False,
pm_stb,pm_stb-n10k2-s858,858,10,2,8,signatures,False,success,False,False,
pm_stb,pm_stb-n10k2-s85,85,10,2,8,linear_dependency,True,success,False,False,
pm_stb,pm_stb-n10k2-s85,85,10,2,8,signatures,True,success,False,False,
pm_stb,pm_stb-n10k2-s697,697,10,2,8,linear_dependency,True,success,False,False,
pm_stb,pm_stb-n10k2-s697,697,10,2,8,signatures,True,success,False,False,
pm_stb,pm_stb-n10k2-s201,201,10,2,8,linear_dependency,True,success,False,False,
pm_stb,pm_stb-n10k2-s201,201,10,2,8,signatures,True,success,False,False,
pm_stb,pm_stb-n10k2-s94,94,10,2,8,linear_dependency,False,success,False,False,
pm_stb,pm_stb-n10k2-s94,94,10,2,8,signatures,False,success,False,False,
pm_stb,pm_stb-n10k4-s89,89,10,4,6,linear_dependency,False,success,False,False,
pm_stb,pm_stb-n10k4-s89,89,10,4,6,signatures,False,success,False,False,
pm_stb,pm_stb-n10k4-s773,773,10,4,6,linear_dependency,False,success,False,False,
pm_stb,pm_stb-n10k4-s773,773,10,4,6,signatures,False,success,False,False,
pm_stb,pm_stb-n10k4-s654,654,10,4,6,linear_dependency,False,success,False,False,
pm_stb,pm_stb-n10k4-s654,654,10,4,6,signatures,False,success,False,False,
pm_stb,pm_stb-n10k4-s438,438,10,4,6,linear_dependency,True,success,False,False,
pm_stb,pm_stb-n10k4-s438,438,10,4,6,signatures,True,success,False,False,
pm_stb,pm_stb-n10k4-s433,433,10,4,6,linear_dependency,True,success,False,False,
pm_stb,pm_stb-n10k4-s433,433,10,4,6,signatures,True,success,False,False,
pm_stb,pm_stb-n10k4-s858,858,10,4,6,linear_dependency,True,success,False,False,
pm_stb,pm_stb-n10k4-s858,858,10,4,6,signatures,True,success,False,False,
pm_stb,pm_stb-n10k4-s85,85,10,4,6,linear_dependency,False,success,False,False,
pm_stb,pm_stb-n10k4-s85,85,10,4,6,signatures,False,success,False,False,
pm_stb,pm_stb-n10k4-s697,697,10,4,6,linear_dependency,False,success,False,False,
pm_stb,pm_stb-n10k4-s697,697,10,4,6,signatures,False,success,False,False,
pm_stb,pm_stb-n10k4-s201,201,10,4,6,linear_dependency,True,success,False,False,
pm_stb,pm_stb-n10k4-s201,201,10,4,6,signatures,True,success,False,False,
pm_stb,pm_stb-n10k4-s94,94,10,4,6,linear_dependency,True,success,False,False,
pm_stb,pm_stb-n10k4-s94,94,10,4,6,signatures,True,success,False,False,
pm_stb,pm_stb-n10k6-s89,89,10,6,4,linear_dependency,True,success,False,False,
pm_stb,pm_stb-n10k6-s89,89,10,6,4,signatures,True,success,False,False,
pm_stb,pm_stb-n10k6-s773,773,10,6,4,linear_dependency,False,success,False,False,
pm_stb,pm_stb-n10k6-s773,773,10,6,4,signatures,False,success,False,False,
pm_stb,pm_stb-n10k6-s654,654,10,6,4,linear_dependency,False,success,False,False,
pm_stb,pm_stb-n10k6-s654,654,10,6,4,signatures,False,success,False,False,
pm_stb,pm_stb-n10k6-s438,438,10,6,4,linear_dependency,False,success,False,False,
pm_stb,pm_stb-n10k6-s438,438,10,6,4,signatures,False,success,False,False,
pm_stb,pm_stb-n10k6-s433,433,10,6,4,linear_dependency,False,success,False,False,
pm_stb,pm_stb-n10k6-s433,433,10,6,4,signatures,False,success,False,False,
pm_stb,pm_stb-n10k6-s858,858,10,6,4,linear_dependency,False,success,False,False,
pm_stb,pm_stb-n10k6-s858,858,10,6,4,signatures,False,success,False,False,
pm_stb,pm_stb-n10k6-s85,85,10,6,4,linear_dependency,False,success,False,False,
pm_stb,pm_stb-n10k6-s85,85,10,6,4,signatures,False,success,False,False,
pm_stb,pm_stb-n10k6-s697,697,10,6,4,linear_dependency,True,success,False,False,
pm_stb,pm_stb-n10k6-s697,697,10,6,4,signatures,True,success,False,False,
pm_stb,pm_stb-n10k6-s201,201,10,6,4,linear_dependency,False,success,False,False,
pm_stb,pm_stb-n10k6-s201,201,10,6,4,signatures,False,success,False,False,
pm_stb,pm_stb-n10k6-s94,94,10,6,4,linear_dependency,False,success,False,False,
pm_stb,pm_stb-n10k6-s94,94,10,6,4,signatures,False,success,False,False,
pm_stb,pm_stb-n10k8-s89,89,10,8,2,linear_dependency,True,success,False,False,
pm_stb,pm_stb-n10k8-s89,89,10,8,2,signatures,True,success,False,False,
pm_stb,pm_stb-n10k8-s773,773,10,8,2,linear_dependency,True,success,False,False,
pm_stb,pm_stb-n10k8-s773,773,10,8,2,signatures,True,success,False,False,
pm_stb,pm_stb-n10k8-s654,654,10,8,2,linear_dependency,True,success,False,False,
pm_stb,pm_stb-n10k8-s654,654,10,8,2,signatures,True,success,False,False,
pm_stb,pm_stb-n10k8-s438,438,10,8,2,linear_dependency,False,success,False,False,
pm_stb,pm_stb-n10k8-s438,438,10,8,2,signatures,False,success,False,False,
pm_stb,pm_stb-n10k8-s433,433,10,8,2,linear_dependency,False,success,False,False,
pm_stb,pm_stb-n10k8-s433,433,10,8,2,signatures,False,success,False,False,
pm_stb,pm_stb-n10k8-s858,858,10,8,2,linear_dependency,False,success,False,False,
pm_stb,pm_stb-n10k8-s858,858,10,8,2,signatures,False,success,False,False,
pm_stb,pm_stb-n10k8-s85,85,10,8,2,linear_dependency,True,success,False,False,
pm_stb,pm_stb-n10k8-s85,85,10,8,2,signatures,True,success,False,False,
pm_stb,pm_stb-n10k8-s697,697,10,8,2,linear_dependency,True,success,False,False,
pm_stb,pm_stb-n10k8-s697,697,10,8,2,signatures,True,success,False,False,
pm_stb,pm_stb-n10k8-s201,201,10,8,2,linear_dependency,False,success,False,False,
pm_stb,pm_stb-n10k8-s201,201,10,8,2,signatures,False,success,False,False,
pm_stb,pm_stb-n10k8-s94,94,10,8,2,linear_dependency,True,success,False,False,
pm_stb,pm_stb-n10k8-s94,94,10,8,2,signatures,True,success,False,False,
pm_stb,pm_stb-n11k0-s89,89,11,0,11,linear_dependency,False,success,False,False,
pm_stb,pm_stb-n11k0-s89,89,11,0,11,signatures,False,success,False,False,
pm_stb,pm_stb-n11k0-s773,773,11,0,11,linear_dependency,False,success,False,False,
pm_stb,pm_stb-n11k0-s773,773,11,0,11,signatures,False,success,False,False,
pm_stb,pm_stb-n11k0-s654,654,11,0,11,linear_dependency,True,success,False,False,
pm_stb,pm_stb-n11k0-s654,654,11,0,11,signatures,True,success,False,False,
pm_stb,pm_stb-n11k0-s438,438,11,0,11,linear_dependency,False,success,False,False,
pm_stb,pm_stb-n11k0-s438,438,11,0,11,signatures,False,success,False,False,
pm_stb,pm_stb-n11k0-s433,433,11,0,11,linear_dependency,True,success,False,False,
pm_stb,pm_stb-n11k0-s433,433,11,0,11,signatures,True,success,False,False,
pm_stb,pm_stb-n11k0-s858,858,11,0,11,linear_dependency,False,success,False,False,
pm_stb,pm_stb-n11k0-s858,858,11,0,11,signatures,False,success,False,False,
pm_stb,pm_stb-n11k0-s85,85,11,0,11,linear_dependency,False,success,False,False,
pm_stb,pm_stb-n11k0-s85,85,11,0,11,signatures,False,success,False,False,
pm_stb,pm_stb-n11k0-s697,697,11,0,11,linear_dependency,True,success,False,False,
pm_stb,pm_stb-n11k0-s697,697,11,0,11,signatures,True,success,False,False,
pm_stb,pm_stb-n11k0-s201,201,11,0,11,linear_dependency,True,success,False,False,
pm_stb,pm_stb-n11k0-s201,201,11,0,11,signatures,True,success,False,False,
pm_stb,pm_stb-n11k0-s94,94,11,0,11,linear_dependency,False,success,False,False,
pm_stb,pm_stb-n11k0-s94,94,11,0,11,signatures,False,success,False,False,
pm_stb,pm_stb-n11k2-s89,89,11,2,9,linear_dependency,True,success,False,False,
pm_stb,pm_stb-n11k2-s89,89,11,2,9,signatures,True,success,False,False,
pm_stb,pm_stb-n11k2-s773,773,11,2,9,linear_dependency,True,success,False,False,
pm_stb,pm_stb-n11k2-s773,773,11,2,9,signatures,True,success,False,False,
pm_stb,pm_stb-n11k2-s654,654,11,2,9,linear_dependency,False,success,False,False,
pm_stb,pm_stb-n11k2-s654,654,11,2,9,signatures,False,success,False,False,
pm_stb,pm_stb-n11k2-s438,438,11,2,9,linear_dependency,False,success,False,False,
pm_stb,pm_stb-n11k2-s438,438,11,2,9,signatures,False,success,False,False,
pm_stb,pm_stb-n11k2-s433,433,11,2,9,linear_dependency,True,success,False,False,
pm_stb,pm_stb-n11k2-s433,433,11,2,9,signatures,True,success,False,False,
pm_stb,pm_stb-n11k2-s858,858,11,2,9,linear_dependency,False,success,False,False,
pm_stb,pm_stb-n11k2-s858,858,11,2,9,signatures,True,success,False,False,
pm_stb,pm_stb-n11k2-s85,85,11,2,9,linear_dependency,False,success,False,False,
pm_stb,pm_stb-n11k2-s85,85,11,2,9,signatures,False,success,False,False,
pm_stb,pm_stb-n11k2-s697,697,11,2,9,linear_dependency,False,success,False,False,
pm_stb,pm_stb-n11k2-s697,697,11,2,9,signatures,False,success,False,False,
pm_stb,pm_stb-n11k2-s201,201,11,2,9,linear_dependency,False,success,False,False,
pm_stb,pm_stb-n11k2-s201,201,11,2,9,signatures,False,success,False,False,
pm_stb,pm_stb-n11k2-s94,94,11,2,9,linear_dependency,False,success,False,False,
pm_stb,pm_stb-n11k2-s94,94,11,2,9,signatures,False,success,False,False,
pm_stb,pm_stb-n11k4-s89,89,11,4,7,linear_dependency,True,success,False,False,
pm_stb,pm_stb-n11k4-s89,89,11,4,7,signatures,True,success,False,False,
pm_stb,pm_stb-n11k4-s773,773,11,4,7,linear_dependency,True,success,False,False,
pm_stb,pm_stb-n11k4-s773,773,11,4,7,signatures,True,success,False,False,
pm_stb,pm_stb-n11k4-s654,654,11,4,7,linear_dependency,False,success,False,False,
pm_stb,pm_stb-n11k4-s654,654,11,4,7,signatures,False,success,False,False,
pm_stb,pm_stb-n11k4-s438,438,11,4,7,linear_dependency,False,success,False,False,
pm_stb,pm_stb-n11k4-s438,438,11,4,7,signatures,False,success,False,False,
pm_stb,pm_stb-n11k4-s433,433,11,4,7,linear_dependency,True,success,False,False,
pm_stb,pm_stb-n11k4-s433,433,11,4,7,signatures,True,success,False,False,
pm_stb,pm_stb-n11k4-s858,858,11,4,7,linear_dependency,True,success,False,False,
pm_stb,pm_stb-n11k4-s858,858,11,4,7,signatures,True,success,False,False,
pm_stb,pm_stb-n11k4-s85,85,11,4,7,linear_dependency,True,success,False,False,
pm_stb,pm_stb-n11k4-s85,85,11,4,7,signatures,True,success,False,False,
pm_stb,pm_stb-n11k4-s697,697,11,4,7,linear_dependency,False,success,False,False,
pm_stb,pm_stb-n11k4-s697,697,11,4,7,signatures,False,success,False,False,
pm_stb,pm_stb-n11k4-s201,201,11,4,7,linear_dependency,False,success,False,False,
pm_stb,pm_stb-n11k4-s201,201,11,4,7,signatures,False,success,False,False,
pm_stb,pm_stb-n11k4-s94,94,11,4,7,linear_dependency,False,success,False,False,
pm_stb,pm_stb-n11k4-s94,94,11,4,7,signatures,False,success,False,False,
pm_stb,pm_stb-n11k6-s89,89,11,6,5,linear_dependency,True,success,False,False,
pm_stb,pm_stb-n11k6-s89,89,11,6,5,signatures,True,success,False,False,
pm_stb,pm_stb-n11k6-s773,773,11,6,5,linear_dependency,False,success,False,False,
pm_stb,pm_stb-n11k6-s773,773,11,6,5,signatures,False,success,False,False,
pm_stb,pm_stb-n11k6-s654,654,11,6,5,linear_dependency,True,success,False,False,
pm_stb,pm_stb-n11k6-s654,654,11,6,5,signatures,True,success,False,False,
pm_stb,pm_stb-n11k6-s438,438,11,6,5,linear_dependency,False,success,False,False,
pm_stb,pm_stb-n11k6-s438,438,11,6,5,signatures,False,success,False,False,
pm_stb,pm_stb-n11k6-s433,433,11,6,5,linear_dependency,True,success,False,False,
pm_stb,pm_stb-n11k6-s433,433,11,6,5,signatures,True,success,False,False,
pm_stb,pm_stb-n11k6-s858,858,11,6,5,linear_dependency,True,success,False,False,
pm_stb,pm_stb-n11k6-s858,858,11,6,5,signatures,True,success,False,False,
pm_stb,pm_stb-n11k6-s85,85,11,6,5,linear_dependency,True,success,False,False,
pm_stb,pm_stb-n11k6-s85,85,11,6,5,signatures,True,success,False,False,
pm_stb,pm_stb-n11k6-s697,697,11,6,5,linear_dependency,True,success,False,False,
pm_stb,pm_stb-n11k6-s697,697,11,6,5,signatures,True,success,False,False,
pm_stb,pm_stb-n11k6-s201,201,11,6,5,linear_dependency,True,success,False,False,
pm_stb,pm_stb-n11k6-s201,201,11,6,5,signatures,True,success,False,False,
pm_stb,pm_stb-n11k6-s94,94,11,6,5,linear_dependency,False,success,False,False,
pm_stb,pm_stb-n11k6-s94,94,11,6,5,signatures,False,success,False,False,
pm_stb,pm_stb-n11k8-s89,89,11,8,3,linear_dependency,True,success,False,False,
pm_stb,pm_stb-n11k8-s89,89,11,8,3,signatures,True,success,False,False,
pm_stb,pm_stb-n11k8-s773,773,11,8,3,linear_dependency,False,success,False,False,
pm_stb,pm_stb-n11k8-s773,773,11,8,3,signatures,False,success,False,False,
pm_stb,pm_stb-n11k8-s654,654,11,8,3,linear_dependency,False,success,False,False,
pm_stb,pm_stb-n11k8-s654,654,11,8,3,signatures,False,success,False,False,
pm_stb,pm_stb-n11k8-s438,438,11,8,3,linear_dependency,True,success,False,False,
pm_stb,pm_stb-n11k8-s438,438,11,8,3,signatures,True,success,False,False,
pm_stb,pm_stb-n11k8-s433,433,11,8,3,linear_dependency,False,success,False,False,
pm_stb,pm_stb-n11k8-s433,433,11,8,3,signatures,False,success,False,False,
pm_stb,pm_stb-n11k8-s858,858,11,8,3,linear_dependency,False,success,False,False,
pm_stb,pm_stb-n11k8-s858,858,11,8,3,signatures,False,success,False,False,
pm_stb,pm_stb-n11k8-s85,85,11,8,3,linear_dependency,False,success,False,False,
pm_stb,pm_stb-n11k8-s85,85,11,8,3,signatures,False,success,False,False,
pm_stb,pm_stb-n11k8-s697,697,11,8,3,linear_dependency,True,success,False,False,
pm_stb,pm_stb-n11k8-s697,697,11,8,3,signatures,True,success,False,False,
pm_stb,pm_stb-n11k8-s201,201,11,8,3,linear_dependency,True,success,False,False,
pm_stb,pm_stb-n11k8-s201,201,11,8,3,signatures,True,success,False,False,
pm_stb,pm_stb-n11k8-s94,94,11,8,3,linear_dependency,True,success,False,False,
pm_stb,pm_stb-n11k8-s94,94,11,8,3,signatures,True,success,False,False,
pm_stb,pm_stb-n11k10-s89,89,11,10,1,linear_dependency,False,success,False,False,
pm_stb,pm_stb-n11k10-s89,89,11,10,1,signatures,False,success,False,False,
pm_stb,pm_stb-n11k10-s773,773,11,10,1,linear_dependency,False,success,False,False,
pm_stb,pm_stb-n11k10-s773,773,11,10,1,signatures,False,success,False,False,
pm_stb,pm_stb-n11k10-s654,654,11,10,1,linear_dependency,True,success,False,False,
pm_stb,pm_stb-n11k10-s654,654,11,10,1,signatures,True,success,False,False,
pm_stb,pm_stb-n11k10-s438,438,11,10,1,linear_dependency,True,success,False,False,
pm_stb,pm_stb-n11k10-s438,438,11,10,1,signatures,True,success,False,False,
pm_stb,pm_stb-n11k10-s433,433,11,10,1,linear_dependency,True,success,False,False,
pm_stb,pm_stb-n11k10-s433,433,11,10,1,signatures,True,success,False,False,
pm_stb,pm_stb-n11k10-s858,858,11,10,1,linear_dependency,False,success,False,False,
pm_stb,pm_stb-n11k10-s858,858,11,10,1,signatures,False,success,False,False,
pm_stb,pm_stb-n11k10-s85,85,11,10,1,linear_dependency,False,success,False,False,
pm_stb,pm_stb-n11k10-s85,85,11,10,1,signatures,False,success,False,False,
pm_stb,pm_stb-n11k10-s697,697,11,10,1,linear_dependency,True,success,False,False,
pm_stb,pm_stb-n11k10-s697,697,11,10,1,signatures,True,success,False,False,
pm_stb,pm_stb-n11k10-s201,201,11,10,1,linear_dependency,False,success,False,False,
pm_stb,pm_stb-n11k10-s201,201,11,10,1,signatures,False,success,False,False,
pm_stb,pm_stb-n11k10-s94,94,11,10,1,linear_dependency,False,success,False,False,
pm_stb,pm_stb-n11k10-s94,94,11,10,1,signatures,False,success,False,False,
pm_stb,pm_stb-n12k0-s89,89,12,0,12,linear_dependency,False,success,False,False,
pm_stb,pm_stb-n12k0-s89,89,12,0,12,signatures,False,success,False,False,
pm_stb,pm_stb-n12k0-s773,773,12,0,12,linear_dependency,True,success,False,False,
pm_stb,pm_stb-n12k0-s773,773,12,0,12,signatures,True,success,False,False,
pm_stb,pm_stb-n12k0-s654,654,12,0,12,linear_dependency,True,success,False,False,
pm_stb,pm_stb-n12k0-s654,654,12,0,12,signatures,True,success,False,False,
pm_stb,pm_stb-n12k0-s438,438,12,0,12,linear_dependency,False,success,False,False,
pm_stb,pm_stb-n12k0-s438,438,12,0,12,signatures,False,success,False,False,
pm_stb,pm_stb-n12k0-s433,433,12,0,12,linear_dependency,True,success,False,False,
pm_stb,pm_stb-n12k0-s433,433,12,0,12,signatures,True,success,False,False,
pm_stb,pm_stb-n12k0-s858,858,12,0,12,linear_dependency,False,success,False,False,
pm_stb,pm_stb-n12k0-s858,858,12,0,12,signatures,False,success,False,False,
pm_stb,pm_stb-n12k0-s85,85,12,0,12,linear_dependency,False,success,False,False,
pm_stb,pm_stb-n12k0-s85,85,12,0,12,signatures,False,success,False,False,
pm_stb,pm_stb-n12k0-s697,697,12,0,12,linear_dependency,False,success,False,False,
pm_stb,pm_stb-n12k0-s697,697,12,0,12,signatures,False,success,False,False,
pm_stb,pm_stb-n12k0-s201,201,12,0,12,linear_dependency,False,success,False,False,
pm_stb,pm_stb-n12k0-s201,201,12,0,12,signatures,False,success,False,False,
pm_stb,pm_stb-n12k0-s94,94,12,0,12,linear_dependency,False,success,False,False,
pm_stb,pm_stb-n12k0-s94,94,12,0,12,signatures,False,success,False,False,
pm_stb,pm_stb-n12k2-s89,89,12,2,10,linear_dependency,True,success,False,False,
pm_stb,pm_stb-n12k2-s89,89,12,2,10,signatures,True,success,False,False,
pm_stb,pm_stb-n12k2-s773,773,12,2,10,linear_dependency,True,success,False,False,
pm_stb,pm_stb-n12k2-s773,773,12,2,10,signatures,True,success,False,False,
pm_stb,pm_stb-n12k2-s654,654,12,2,10,linear_dependency,False,success,False,False,
pm_stb,pm_stb-n12k2-s654,654,12,2,10,signatures,True,success,False,False,
pm_stb,pm_stb-n12k2-s438,438,12,2,10,linear_dependency,False,success,False,False,
pm_stb,pm_stb-n12k2-s438,438,12,2,10,signatures,False,success,False,False,
pm_stb,pm_stb-n12k2-s433,433,12,2,10,linear_dependency,True,success,False,False,
pm_stb,pm_stb-n12k2-s433,433,12,2,10,signatures,True,success,False,False,
pm_stb,pm_stb-n12k2-s858,858,12,2,10,linear_dependency,False,success,False,False,
pm_stb,pm_stb-n12k2-s858,858,12,2,10,signatures,False,success,False,False,
pm_stb,pm_stb-n12k2-s85,85,12,2,10,linear_dependency,False,success,False,False,
pm_stb,pm_stb-n12k2-s85,85,12,2,10,signatures,True,success,False,False,
pm_stb,pm_stb-n12k2-s697,697,12,2,10,linear_dependency,False,success,False,False,
pm_stb,pm_stb-n12k2-s697,697,12,2,10,signatures,False,success,False,False,
pm_stb,pm_stb-n12k2-s201,201,12,2,10,linear_dependency,True,success,False,False,
pm_stb,pm_stb-n12k2-s201,201,12,2,10,signatures,True,success,False,False,
pm_stb,pm_stb-n12k2-s94,94,12,2,10,linear_dependency,True,success,False,False,
pm_stb,pm_stb-n12k2-s94,94,12,2,10,signatures,True,success,False,False,
pm_stb,pm_stb-n12k4-s89,89,12,4,8,linear_dependency,False,success,False,False,
pm_stb,pm_stb-n12k4-s89,89,12,4,8,signatures,False,success,False,False,
pm_stb,pm_stb-n12k4-s773,773,12,4,8,linear_dependency,True,success,False,False,
pm_stb,pm_stb-n12k4-s773,773,12,4,8,signatures,True,success,False,False,
pm_stb,pm_stb-n12k4-s654,654,12,4,8,linear_dependency,True,success,False,False,
pm_stb,pm_stb-n12k4-s654,654,12,4,8,signatures,True,success,False,False,
pm_stb,pm_stb-n12k4-s438,438,12,4,8,linear_dependency,False,success,False,False,
pm_stb,pm_stb-n12k4-s438,438,12,4,8,signatures,False,success,False,False,
pm_stb,pm_stb-n12k4-s433,433,12,4,8,linear_dependency,True,success,False,False,
pm_stb,pm_stb-n12k4-s433,433,12,4,8,signatures,True,success,False,False,
pm_stb,pm_stb-n12k4-s858,858,12,4,8,linear_dependency,True,success,False,False,
pm_stb,pm_stb-n12k4-s858,858,12,4,8,signatures,True,success,False,False,
pm_stb,pm_stb-n12k4-s85,85,12,4,8,linear_dependency,True,success,False,False,
pm_stb,pm_stb-n12k4-s85,85,12,4,8,signatures,True,success,False,False,
pm_stb,pm_stb-n12k4-s697,697,12,4,8,linear_dependency,True,success,False,False,
pm_stb,pm_stb-n12k4-s697,697,12,4,8,signatures,True,success,False,False,
pm_stb,pm_stb-n12k4-s201,201,12,4,8,linear_dependency,False,success,False,False,
pm_stb,pm_stb-n12k4-s201,201,12,4,8,signatures,True,success,False,False,
pm_stb,pm_stb-n12k4-s94,94,12,4,8,linear_dependency,False,success,False,False,
pm_stb,pm_stb-n12k4-s94,94,12,4,8,signatures,False,success,False,False,
pm_stb,pm_stb-n12k6-s89,89,12,6,6,linear_dependency,True,success,False,False,
pm_stb,pm_stb-n12k6-s89,89,12,6,6,signatures,True,success,False,False,
pm_stb,pm_stb-n12k6-s773,773,12,6,6,linear_dependency,True,success,False,False,
pm_stb,pm_stb-n12k6-s773,773,12,6,6,signatures,True,success,False,False,
pm_stb,pm_stb-n12k6-s654,654,12,6,6,linear_dependency,False,success,False,False,
pm_stb,pm_stb-n12k6-s654,654,12,6,6,signatures,False,success,False,False,
pm_stb,pm_stb-n12k6-s438,438,12,6,6,linear_dependency,False,success,False,False,
pm_stb,pm_stb-n12k6-s438,438,12,6,6,signatures,False,success,False,False,
pm_stb,pm_stb-n12k6-s433,433,12,6,6,linear_dependency,True,success,False,False,
pm_stb,pm_stb-n12k6-s433,433,12,6,6,signatures,True,success,False,False,
pm_stb,pm_stb-n12k6-s858,858,12,6,6,linear_dependency,True,success,False,False,
pm_stb,pm_stb-n12k6-s858,858,12,6,6,signatures,True,success,False,False,
pm_stb,pm_stb-n12k6-s85,85,12,6,6,linear_dependency,True,success,False,False,
pm_stb,pm_stb-n12k6-s85,85,12,6,6,signatures,True,success,False,False,
pm_stb,pm_stb-n12k6-s697,697,12,6,6,linear_dependency,True,success,False,False,
pm_stb,pm_stb-n12k6-s697,697,12,6,6,signatures,True,success,False,False,
pm_stb,pm_stb-n12k6-s201,201,12,6,6,linear_dependency,False,success,False,False,
pm_stb,pm_stb-n12k6-s201,201,12,6,6,signatures,False,success,False,False,
pm_stb,pm_stb-n12k6-s94,94,12,6,6,linear_dependency,True,success,False,False,
pm_stb,pm_stb-n12k6-s94,94,12,6,6,signatures,True,success,False,False,
pm_stb,pm_stb-n12k8-s89,89,12,8,4,linear_dependency,False,success,False,False,
pm_stb,pm_stb-n12k8-s89,89,12,8,4,signatures,False,success,False,False,
pm_stb,pm_stb-n12k8-s773,773,12,8,4,linear_dependency,False,success,False,False,
pm_stb,pm_stb-n12k8-s773,773,12,8,4,signatures,False,success,False,False,
pm_stb,pm_stb-n12k8-s654,654,12,8,4,linear_dependency,True,success,False,False,
pm_stb,pm_stb-n12k8-s654,654,12,8,4,signatures,True,success,False,False,
pm_stb,pm_stb-n12k8-s438,438,12,8,4,linear_dependency,True,success,False,False,
pm_stb,pm_stb-n12k8-s438,438,12,8,4,signatures,True,success,False,False,
pm_stb,pm_stb-n12k8-s433,433,12,8,4,linear_dependency,True,success,False,False,
pm_stb,pm_stb-n12k8-s433,433,12,8,4,signatures,True,success,False,False,
pm_stb,pm_stb-n12k8-s858,858,12,8,4,linear_dependency,False,success,False,False,
pm_stb,pm_stb-n12k8-s858,858,12,8,4,signatures,False,success,False,False,
pm_stb,pm_stb-n12k8-s85,85,12,8,4,linear_dependency,False,success,False,False,
pm_stb,pm_stb-n12k8-s85,85,12,8,4,signatures,False,success,False,False,
pm_stb,pm_stb-n12k8-s697,697,12,8,4,linear_dependency,False,success,False,False,
pm_stb,pm_stb-n12k8-s697,697,12,8,4,signatures,False,success,False,False,
pm_stb,pm_stb-n12k8-s201,201,12,8,4,linear_dependency,True,success,False,False,
pm_stb,pm_stb-n12k8-s201,201,12,8,4,signatures,True,success,False,False,
pm_stb,pm_stb-n12k8-s94,94,12,8,4,linear_dependency,False,success,False,False,
pm_stb,pm_stb-n12k8-s94,94,12,8,4,signatures,False,success,False,False,
pm_stb,pm_stb-n12k10-s89,89,12,10,2,linear_dependency,False,success,False,False,
pm_stb,pm_stb-n12k10-s89,89,12,10,2,signatures,False,success,False,False,
pm_stb,pm_stb-n12k10-s773,773,12,10,2,linear_dependency,False,success,False,False,
pm_stb,pm_stb-n12k10-s773,773,12,10,2,signatures,False,success,False,False,
pm_stb,pm_stb-n12k10-s654,654,12,10,2,linear_dependency,False,success,False,False,
pm_stb,pm_stb-n12k10-s654,654,12,10,2,signatures,False,success,False,False,
pm_stb,pm_stb-n12k10-s438,438,12,10,2,linear_dependency,False,success,False,False,
pm_stb,pm_stb-n12k10-s438,438,12,10,2,signatures,False,success,False,False,
pm_stb,pm_stb-n12k10-s433,433,12,10,2,linear_dependency,False,success,False,False,
pm_stb,pm_stb-n12k10-s433,433,12,10,2,signatures,False,success,False,False,
pm_stb,pm_stb-n12k10-s858,858,12,10,2,linear_dependency,True,success,False,False,
pm_stb,pm_stb-n12k10-s858,858,12,10,2,signatures,True,success,False,False,
pm_stb,pm_stb-n12k10-s85,85,12,10,2,linear_dependency,True,success,False,False,
pm_stb,pm_stb-n12k10-s85,85,12,10,2,signatures,True,success,False,False,
pm_stb,pm_stb-n12k10-s697,697,12,10,2,linear_dependency,True,success,False,False,
pm_stb,pm_stb-n12k10-s697,697,12,10,2,signatures,True,success,False,False,
pm_stb,pm_stb-n12k10-s201,201,12,10,2,linear_dependency,True,success,False,False,
pm_stb,pm_stb-n12k10-s201,201,12,10,2,signatures,True,success,False,False,
pm_stb,pm_stb-n12k10-s94,94,12,10,2,linear_dependency,True,success,False,False,
pm_stb,pm_stb-n12k10-s94,94,12,10,2,signatures,True,success,False,False,
pm_stb,pm_stb-n13k0-s89,89,13,0,13,linear_dependency,False,success,False,False,
pm_stb,pm_stb-n13k0-s89,89,13,0,13,signatures,False,success,False,False,
pm_stb,pm_stb-n13k0-s773,773,13,0,13,linear_dependency,True,success,False,False,
pm_stb,pm_stb-n13k0-s773,773,13,0,13,signatures,True,success,False,False,
pm_stb,pm_stb-n13k0-s654,654,13,0,13,linear_dependency,True,success,False,False,
pm_stb,pm_stb-n13k0-s654,654,13,0,13,signatures,True,success,False,False,
pm_stb,pm_stb-n13k0-s438,438,13,0,13,linear_dependency,True,success,False,False,
pm_stb,pm_stb-n13k0-s438,438,13,0,13,signatures,True,success,False,False,
pm_stb,pm_stb-n13k0-s433,433,13,0,13,linear_dependency,False,success,False,False,
pm_stb,pm_stb-n13k0-s433,433,13,0,13,signatures,False,success,False,False,
pm_stb,pm_stb-n13k0-s858,858,13,0,13,linear_dependency,True,success,False,False,
pm_stb,pm_stb-n13k0-s858,858,13,0,13,signatures,True,success,False,False,
pm_stb,pm_stb-n13k0-s85,85,13,0,13,linear_dependency,True,success,False,False,
pm_stb,pm_stb-n13k0-s85,85,13,0,13,signatures,True,success,False,False,
pm_stb,pm_stb-n13k0-s697,697,13,0,13,linear_dependency,False,success,False,False,
pm_stb,pm_stb-n13k0-s697,697,13,0,13,signatures,False,success,False,False,
pm_stb,pm_stb-n13k0-s201,201,13,0,13,linear_dependency,False,success,False,False,
pm_stb,pm_stb-n13k0-s201,201,13,0,13,signatures,False,success,False,False,
pm_stb,pm_stb-n13k0-s94,94,13,0,13,linear_dependency,False,success,False,False,
pm_stb,pm_stb-n13k0-s94,94,13,0,13,signatures,False,success,False,False,
pm_stb,pm_stb-n13k2-s89,89,13,2,11,linear_dependency,False,success,False,False,
pm_stb,pm_stb-n13k2-s89,89,13,2,11,signatures,False,success,False,False,
pm_stb,pm_stb-n13k2-s773,773,13,2,11,linear_dependency,True,success,False,False,
pm_stb,pm_stb-n13k2-s773,773,13,2,11,signatures,True,success,False,False,
pm_stb,pm_stb-n13k2-s654,654,13,2,11,linear_dependency,True,success,False,False,
pm_stb,pm_stb-n13k2-s654,654,13,2,11,signatures,True,success,False,False,
pm_stb,pm_stb-n13k2-s438,438,13,2,11,linear_dependency,True,success,False,False,
pm_stb,pm_stb-n13k2-s438,438,13,2,11,signatures,True,success,False,False,
pm_stb,pm_stb-n13k2-s433,433,13,2,11,linear_dependency,True,success,False,False,
pm_stb,pm_stb-n13k2-s433,433,13,2,11,signatures,True,success,False,False,
pm_stb,pm_stb-n13k2-s858,858,13,2,11,linear_dependency,True,success,False,False,
pm_stb,pm_stb-n13k2-s858,858,13,2,11,signatures,True,success,False,False,
pm_stb,pm_stb-n13k2-s85,85,13,2,11,linear_dependency,False,success,False,False,
pm_stb,pm_stb-n13k2-s85,85,13,2,11,signatures,True,success,False,False,
pm_stb,pm_stb-n13k2-s697,697,13,2,11,linear_dependency,True,success,False,False,
pm_stb,pm_stb-n13k2-s697,697,13,2,11,signatures,True,success,False,False,
pm_stb,pm_stb-n13k2-s201,201,13,2,11,linear_dependency,True,success,False,False,
pm_stb,pm_stb-n13k2-s201,201,13,2,11,signatures,True,success,False,False,
pm_stb,pm_stb-n13k2-s94,94,13,2,11,linear_dependency,True,success,False,False,
pm_stb,pm_stb-n13k2-s94,94,13,2,11,signatures,True,success,False,False,
pm_stb,pm_stb-n13k4-s89,89,13,4,9,linear_dependency,False,success,False,False,
pm_stb,pm_stb-n13k4-s89,89,13,4,9,signatures,True,success,False,False,
pm_stb,pm_stb-n13k4-s773,773,13,4,9,linear_dependency,False,success,False,False,
pm_stb,pm_stb-n13k4-s773,773,13,4,9,signatures,False,success,False,False,
pm_stb,pm_stb-n13k4-s654,654,13,4,9,linear_dependency,False,success,False,False,
pm_stb,pm_stb-n13k4-s654,654,13,4,9,signatures,False,success,False,False,
pm_stb,pm_stb-n13k4-s438,438,13,4,9,linear_dependency,True,success,False,False,
pm_stb,pm_stb-n13k4-s438,438,13,4,9,signatures,True,success,False,False,
pm_stb,pm_stb-n13k4-s433,433,13,4,9,linear_dependency,True,success,False,False,
pm_stb,pm_stb-n13k4-s433,433,13,4,9,signatures,True,success,False,False,
pm_stb,pm_stb-n13k4-s858,858,13,4,9,linear_dependency,True,success,False,False,
pm_stb,pm_stb-n13k4-s858,858,13,4,9,signatures,True,success,False,False,
pm_stb,pm_stb-n13k4-s85,85,13,4,9,linear_dependency,True,success,False,False,
pm_stb,pm_stb-n13k4-s85,85,13,4,9,signatures,True,success,False,False,
pm_stb,pm_stb-n13k4-s697,697,13,4,9,linear_dependency,True,success,False,False,
pm_stb,pm_stb-n13k4-s697,697,13,4,9,signatures,True,success,False,False,
pm_stb,pm_stb-n13k4-s201,201,13,4,9,linear_dependency,True,success,False,False,
pm_stb,pm_stb-n13k4-s201,201,13,4,9,signatures,True,success,False,False,
pm_stb,pm_stb-n13k4-s94,94,13,4,9,linear_dependency,True,success,False,False,
pm_stb,pm_stb-n13k4-s94,94,13,4,9,signatures,True,success,False,False,
pm_stb,pm_stb-n13k6-s89,89,13,6,7,linear_dependency,True,success,False,False,
pm_stb,pm_stb-n13k6-s89,89,13,6,7,signatures,True,success,False,False,
pm_stb,pm_stb-n13k6-s773,773,13,6,7,linear_dependency,True,success,False,False,
pm_stb,pm_stb-n13k6-s773,773,13,6,7,signatures,True,success,False,False,
pm_stb,pm_stb-n13k6-s654,654,13,6,7,linear_dependency,True,success,False,False,
pm_stb,pm_stb-n13k6-s654,654,13,6,7,signatures,True,success,False,False,
pm_stb,pm_stb-n13k6-s438,438,13,6,7,linear_dependency,False,success,False,False,
pm_stb,pm_stb-n13k6-s438,438,13,6,7,signatures,False,success,False,False,
pm_stb,pm_stb-n13k6-s433,433,13,6,7,linear_dependency,True,success,False,False,
pm_stb,pm_stb-n13k6-s433,433,13,6,7,signatures,True,success,False,False,
pm_stb,pm_stb-n13k6-s858,858,13,6,7,linear_dependency,False,success,False,False,
pm_stb,pm_stb-n13k6-s858,858,13,6,7,signatures,False,success,False,False,
pm_stb,pm_stb-n13k6-s85,85,13,6,7,linear_dependency,True,success,False,False,
pm_stb,pm_stb-n13k6-s85,85,13,6,7,signatures,True,success,False,False,
pm_stb,pm_stb-n13k6-s697,697,13,6,7,linear_dependency,True,success,False,False,
pm_stb,pm_stb-n13k6-s697,697,13,6,7,signatures,True,success,False,False,
pm_stb,pm_stb-n13k6-s201,201,13,6,7,linear_dependency,True,success,False,False,
pm_stb,pm_stb-n13k6-s201,201,13,6,7,signatures,True,success,False,False,
pm_stb,pm_stb-n13k6-s94,94,13,6,7,linear_dependency,True,success,False,False,
pm_stb,pm_stb-n13k6-s94,94,13,6,7,signatures,True,success,False,False,
pm_stb,pm_stb-n13k8-s89,89,13,8,5,linear_dependency,True,success,False,False,
pm_stb,pm_stb-n13k8-s89,89,13,8,5,signatures,True,success,False,False,
pm_stb,pm_stb-n13k8-s773,773,13,8,5,linear_dependency,True,success,False,False,
pm_stb,pm_stb-n13k8-s773,773,13,8,5,signatures,True,success,False,False,
pm_stb,pm_stb-n13k8-s654,654,13,8,5,linear_dependency,True,success,False,False,
pm_stb,pm_stb-n13k8-s654,654,13,8,5,signatures,True,success,False,False,
pm_stb,pm_stb-n13k8-s438,438,13,8,5,linear_dependency,False,success,False,False,
pm_stb,pm_stb-n13k8-s438,438,13,8,5,signatures,False,success,False,False,
pm_stb,pm_stb-n13k8-s433,433,13,8,5,linear_dependency,True,success,False,False,
pm_stb,pm_stb-n13k8-s433,433,13,8,5,signatures,True,success,False,False,
pm_stb,pm_stb-n13k8-s858,858,13,8,5,linear_dependency,True,success,False,False,
pm_stb,pm_stb-n13k8-s858,858,13,8,5,signatures,True,success,False,False,
pm_stb,pm_stb-n13k8-s85,85,13,8,5,linear_dependency,True,success,False,False,
pm_stb,pm_stb-n13k8-s85,85,13,8,5,signatures,True,success,False,False,
pm_stb,pm_stb-n13k8-s697,697,13,8,5,linear_dependency,False,success,False,False,
pm_stb,pm_stb-n13k8-s697,697,13,8,5,signatures,False,success,False,False,
pm_stb,pm_stb-n13k8-s201,201,13,8,5,linear_dependency,False,success,False,False,
pm_stb,pm_stb-n13k8-s201,201,13,8,5,signatures,False,success,False,False,
pm_stb,pm_stb-n13k8-s94,94,13,8,5,linear_dependency,False,success,False,False,
pm_stb,pm_stb-n13k8-s94,94,13,8,5,signatures,False,success,False,False,
pm_stb,pm_stb-n13k10-s89,89,13,10,3,linear_dependency,False,success,False,False,
pm_stb,pm_stb-n13k10-s89,89,13,10,3,signatures,False,success,False,False,
pm_stb,pm_stb-n13k10-s773,773,13,10,3,linear_dependency,False,success,False,False,
pm_stb,pm_stb-n13k10-s773,773,13,10,3,signatures,False,success,False,False,
pm_stb,pm_stb-n13k10-s654,654,13,10,3,linear_dependency,False,success,False,False,
pm_stb,pm_stb-n13k10-s654,654,13,10,3,signatures,False,success,False,False,
pm_stb,pm_stb-n13k10-s438,438,13,10,3,linear_dependency,False,success,False,False,
pm_stb,pm_stb-n13k10-s438,438,13,10,3,signatures,False,success,False,False,
pm_stb,pm_stb-n13k10-s433,433,13,10,3,linear_dependency,True,success,False,False,
pm_stb,pm_stb-n13k10-s433,433,13,10,3,signatures,True,success,False,False,
pm_stb,pm_stb-n13k10-s858,858,13,10,3,linear_dependency,True,success,False,False,
pm_stb,pm_stb-n13k10-s858,858,13,10,3,signatures,True,success,False,False,
pm_stb,pm_stb-n13k10-s85,85,13,10,3,linear_dependency,False,success,False,False,
pm_stb,pm_stb-n13k10-s85,85,13,10,3,signatures,False,success,False,False,
pm_stb,pm_stb-n13k10-s697,697,13,10,3,linear_dependency,True,success,False,False,
pm_stb,pm_stb-n13k10-s697,697,13,10,3,signatures,True,success,False,False,
pm_stb,pm_stb-n13k10-s201,201,13,10,3,linear_dependency,False,success,False,False,
pm_stb,pm_stb-n13k10-s201,201,13,10,3,signatures,False,success,False,False,
pm_stb,pm_stb-n13k10-s94,94,13,10,3,linear_dependency,True,success,False,False,
pm_stb,pm_stb-n13k10-s94,94,13,10,3,signatures,True,success,False,False,
pm_stb,pm_stb-n13k12-s89,89,13,12,1,linear_dependency,True,success,False,False,
pm_stb,pm_stb-n13k12-s89,89,13,12,1,signatures,True,success,False,False,
pm_stb,pm_stb-n13k12-s773,773,13,12,1,linear_dependency,False,success,False,False,
pm_stb,pm_stb-n13k12-s773,773,13,12,1,signatures,False,success,False,False,
pm_stb,pm_stb-n13k12-s654,654,13,12,1,linear_dependency,False,success,False,False,
pm_stb,pm_stb-n13k12-s654,654,13,12,1,signatures,False,success,False,False,
pm_stb,pm_stb-n13k12-s438,438,13,12,1,linear_dependency,True,success,False,False,
pm_stb,pm_stb-n13k12-s438,438,13,12,1,signatures,True,success,False,False,
pm_stb,pm_stb-n13k12-s433,433,13,12,1,linear_dependency,False,success,False,False,
pm_stb,pm_stb-n13k12-s433,433,13,12,1,signatures,False,success,False,False,
pm_stb,pm_stb-n13k12-s858,858,13,12,1,linear_dependency,False,success,False,False,
pm_stb,pm_stb-n13k12-s858,858,13,12,1,signatures,False,success,False,False,
pm_stb,pm_stb-n13k12-s85,85,13,12,1,linear_dependency,True,success,False,False,
pm_stb,pm_stb-n13k12-s85,85,13,12,1,signatures,True,success,False,False,
pm_stb,pm_stb-n13k12-s697,697,13,12,1,linear_dependency,False,success,False,False,
pm_stb,pm_stb-n13k12-s697,697,13,12,1,signatures,False,success,False,False,
pm_stb,pm_stb-n13k12-s201,201,13,12,1,linear_dependency,True,success,False,False,
pm_stb,pm_stb-n13k12-s201,201,13,12,1,signatures,True,success,False,False,
pm_stb,pm_stb-n13k12-s94,94,13,12,1,linear_dependency,True,success,False,False,
pm_stb,pm_stb-n13k12-s94,94,13,12,1,signatures,True,success,False,False,
pm_stb,pm_stb-n14k0-s89,89,14,0,14,linear_dependency,False,success,False,False,
pm_stb,pm_stb-n14k0-s89,89,14,0,14,signatures,False,success,False,False,
pm_stb,pm_stb-n14k0-s773,773,14,0,14,linear_dependency,False,success,False,False,
pm_stb,pm_stb-n14k0-s773,773,14,0,14,signatures,False,success,False,False,
pm_stb,pm_stb-n14k0-s654,654,14,0,14,linear_dependency,False,success,False,False,
pm_stb,pm_stb-n14k0-s654,654,14,0,14,signatures,False,success,False,False,
pm_stb,pm_stb-n14k0-s438,438,14,0,14,linear_dependency,False,success,False,False,
pm_stb,pm_stb-n14k0-s438,438,14,0,14,signatures,False,success,False,False,
pm_stb,pm_stb-n14k0-s433,433,14,0,14,linear_dependency,True,success,False,False,
pm_stb,pm_stb-n14k0-s433,433,14,0,14,signatures,True,success,False,False,
pm_stb,pm_stb-n14k0-s858,858,14,0,14,linear_dependency,False,success,False,False,
pm_stb,pm_stb-n14k0-s858,858,14,0,14,signatures,False,success,False,False,
pm_stb,pm_stb-n14k0-s85,85,14,0,14,linear_dependency,False,success,False,False,
pm_stb,pm_stb-n14k0-s85,85,14,0,14,signatures,False,success,False,False,
pm_stb,pm_stb-n14k0-s697,697,14,0,14,linear_dependency,False,success,False,False,
pm_stb,pm_stb-n14k0-s697,697,14,0,14,signatures,False,success,False,False,
pm_stb,pm_stb-n14k0-s201,201,14,0,14,linear_dependency,False,success,False,False,
pm_stb,pm_stb-n14k0-s201,201,14,0,14,signatures,False,success,False,False,
pm_stb,pm_stb-n14k0-s94,94,14,0,14,linear_dependency,False,success,False,False,
pm_stb,pm_stb-n14k0-s94,94,14,0,14,signatures,False,success,False,False,
pm_stb,pm_stb-n14k2-s89,89,14,2,12,linear_dependency,False,success,False,False,
pm_stb,pm_stb-n14k2-s89,89,14,2,12,signatures,False,success,False,False,
pm_stb,pm_stb-n14k2-s773,773,14,2,12,linear_dependency,False,success,False,False,
pm_stb,pm_stb-n14k2-s773,773,14,2,12,signatures,False,success,False,False,
pm_stb,pm_stb-n14k2-s654,654,14,2,12,linear_dependency,True,success,False,False,
pm_stb,pm_stb-n14k2-s654,654,14,2,12,signatures,True,success,False,False,
pm_stb,pm_stb-n14k2-s438,438,14,2,12,linear_dependency,False,success,False,False,
pm_stb,pm_stb-n14k2-s438,438,14,2,12,signatures,False,success,False,False,
pm_stb,pm_stb-n14k2-s433,433,14,2,12,linear_dependency,False,success,False,False,
pm_stb,pm_stb-n14k2-s433,433,14,2,12,signatures,False,success,False,False,
pm_stb,pm_stb-n14k2-s858,858,14,2,12,linear_dependency,False,success,False,False,
pm_stb,pm_stb-n14k2-s858,858,14,2,12,signatures,False,success,False,False,
pm_stb,pm_stb-n14k2-s85,85,14,2,12,linear_dependency,False,success,False,False,
pm_stb,pm_stb-n14k2-s85,85,14,2,12,signatures,False,success,False,False,
pm_stb,pm_stb-n14k2-s697,697,14,2,12,linear_dependency,True,success,False,False,
pm_stb,pm_stb-n14k2-s697,697,14,2,12,signatures,True,success,False,False,
pm_stb,pm_stb-n14k2-s201,201,14,2,12,linear_dependency,False,success,False,False,
pm_stb,pm_stb-n14k2-s201,201,14,2,12,signatures,False,success,False,False,
pm_stb,pm_stb-n14k2-s94,94,14,2,12,linear_dependency,False,success,False,False,
pm_stb,pm_stb-n14k2-s94,94,14,2,12,signatures,False,success,False,False,
pm_stb,pm_stb-n14k4-s89,89,14,4,10,linear_dependency,False,success,False,False,
pm_stb,pm_stb-n14k4-s89,89,14,4,10,signatures,False,success,False,False,
pm_stb,pm_stb-n14k4-s773,773,14,4,10,linear_dependency,False,success,False,False,
pm_stb,pm_stb-n14k4-s773,773,14,4,10,signatures,False,success,False,False,
pm_stb,pm_stb-n14k4-s654,654,14,4,10,linear_dependency,True,success,False,False,
pm_stb,pm_stb-n14k4-s654,654,14,4,10,signatures,True,success,False,False,
pm_stb,pm_stb-n14k4-s438,438,14,4,10,linear_dependency,True,success,False,False,
pm_stb,pm_stb-n14k4-s438,438,14,4,10,signatures,True,success,False,False,
pm_stb,pm_stb-n14k4-s433,433,14,4,10,linear_dependency,True,success,False,False,
pm_stb,pm_stb-n14k4-s433,433,14,4,10,signatures,True,success,False,False,
pm_stb,pm_stb-n14k4-s858,858,14,4,10,linear_dependency,False,success,False,False,
pm_stb,pm_stb-n14k4-s858,858,14,4,10,signatures,False,success,False,False,
pm_stb,pm_stb-n14k4-s85,85,14,4,10,linear_dependency,False,success,False,False,
pm_stb,pm_stb-n14k4-s85,85,14,4,10,signatures,False,success,False,False,
pm_stb,pm_stb-n14k4-s697,697,14,4,10,linear_dependency,False,success,False,False,
pm_stb,pm_stb-n14k4-s697,697,14,4,10,signatures,False,success,False,False,
pm_stb,pm_stb-n14k4-s201,201,14,4,10,linear_dependency,True,success,False,False,
pm_stb,pm_stb-n14k4-s201,201,14,4,10,signatures,True,success,False,False,
pm_stb,pm_stb-n14k4-s94,94,14,4,10,linear_dependency,True,success,False,False,
pm_stb,pm_stb-n14k4-s94,94,14,4,10,signatures,True,success,False,False,
pm_stb,pm_stb-n14k6-s89,89,14,6,8,linear_dependency,True,success,False,False,
pm_stb,pm_stb-n14k6-s89,89,14,6,8,signatures,True,success,False,False,
pm_stb,pm_stb-n14k6-s773,773,14,6,8,linear_dependency,False,success,False,False,
pm_stb,pm_stb-n14k6-s773,773,14,6,8,signatures,False,success,False,False,
pm_stb,pm_stb-n14k6-s654,654,14,6,8,linear_dependency,True,success,False,False,
pm_stb,pm_stb-n14k6-s654,654,14,6,8,signatures,True,success,False,False,
pm_stb,pm_stb-n14k6-s438,438,14,6,8,linear_dependency,False,success,False,False,
pm_stb,pm_stb-n14k6-s438,438,14,6,8,signatures,False,success,False,False,
pm_stb,pm_stb-n14k6-s433,433,14,6,8,linear_dependency,False,success,False,False,
pm_stb,pm_stb-n14k6-s433,433,14,6,8,signatures,False,success,False,False,
pm_stb,pm_stb-n14k6-s858,858,14,6,8,linear_dependency,False,success,False,False,
pm_stb,pm_stb-n14k6-s858,858,14,6,8,signatures,False,success,False,False,
pm_stb,pm_stb-n14k6-s85,85,14,6,8,linear_dependency,True,success,False,False,
pm_stb,pm_stb-n14k6-s85,85,14,6,8,signatures,True,success,False,False,
pm_stb,pm_stb-n14k6-s697,697,14,6,8,linear_dependency,False,success,False,False,
pm_stb,pm_stb-n14k6-s697,697,14,6,8,signatures,False,success,False,False,
pm_stb,pm_stb-n14k6-s201,201,14,6,8,linear_dependency,False,success,False,False,
pm_stb,pm_stb-n14k6-s201,201,14,6,8,signatures,False,success,False,False,
pm_stb,pm_stb-n14k6-s94,94,14,6,8,linear_dependency,True,success,False,False,
pm_stb,pm_stb-n14k6-s94,94,14,6,8,signatures,True,success,False,False,
pm_stb,pm_stb-n14k8-s89,89,14,8,6,linear_dependency,True,success,False,False,
pm_stb,pm_stb-n14k8-s89,89,14,8,6,signatures,True,success,False,False,
pm_stb,pm_stb-n14k8-s773,773,14,8,6,linear_dependency,True,success,False,False,
pm_stb,pm_stb-n14k8-s773,773,14,8,6,signatures,True,success,False,False,
pm_stb,pm_stb-n14k8-s654,654,14,8,6,linear_dependency,True,success,False,False,
pm_stb,pm_stb-n14k8-s654,654,14,8,6,signatures,True,success,False,False,
pm_stb,pm_stb-n14k8-s438,438,14,8,6,linear_dependency,False,success,False,False,
pm_stb,pm_stb-n14k8-s438,438,14,8,6,signatures,False,success,False,False,
pm_stb,pm_stb-n14k8-s433,433,14,8,6,linear_dependency,False,success,False,False,
pm_stb,pm_stb-n14k8-s433,433,14,8,6,signatures,False,success,False,False,
pm_stb,pm_stb-n14k8-s858,858,14,8,6,linear_dependency,False,success,False,False,
pm_stb,pm_stb-n14k8-s858,858,14,8,6,signatures,False,success,False,False,
pm_stb,pm_stb-n14k8-s85,85,14,8,6,linear_dependency,False,success,False,False,
pm_stb,pm_stb-n14k8-s85,85,14,8,6,signatures,False,success,False,False,
pm_stb,pm_stb-n14k8-s697,697,14,8,6,linear_dependency,False,success,False,False,
pm_stb,pm_stb-n14k8-s697,697,14,8,6,signatures,False,success,False,False,
pm_stb,pm_stb-n14k8-s201,201,14,8,6,linear_dependency,True,success,False,False,
pm_stb,pm_stb-n14k8-s201,201,14,8,6,signatures,True,success,False,False,
pm_stb,pm_stb-n14k8-s94,94,14,8,6,linear_dependency,False,success,False,False,
pm_stb,pm_stb-n14k8-s94,94,14,8,6,signatures,False,success,False,False,
pm_stb,pm_stb-n14k10-s89,89,14,10,4,linear_dependency,False,success,False,False,
pm_stb,pm_stb-n14k10-s89,89,14,10,4,signatures,False,success,False,False,
pm_stb,pm_stb-n14k10-s773,773,14,10,4,linear_dependency,False,success,False,False,
pm_stb,pm_stb-n14k10-s773,773,14,10,4,signatures,False,success,False,False,
pm_stb,pm_stb-n14k10-s654,654,14,10,4,linear_dependency,False,success,False,False,
pm_stb,pm_stb-n14k10-s654,654,14,10,4,signatures,False,success,False,False,
pm_stb,pm_stb-n14k10-s438,438,14,10,4,linear_dependency,True,success,False,False,
pm_stb,pm_stb-n14k10-s438,438,14,10,4,signatures,True,success,False,False,
pm_stb,pm_stb-n14k10-s433,433,14,10,4,linear_dependency,True,success,False,False,
pm_stb,pm_stb-n14k10-s433,433,14,10,4,signatures,True,success,False,False,
pm_stb,pm_stb-n14k10-s858,858,14,10,4,linear_dependency,True,success,False,False,
pm_stb,pm_stb-n14k10-s858,858,14,10,4,signatures,True,success,False,False,
pm_stb,pm_stb-n14k10-s85,85,14,10,4,linear_dependency,False,success,False,False,
pm_stb,pm_stb-n14k10-s85,85,14,10,4,signatures,False,success,False,False,
pm_stb,pm_stb-n14k10-s697,697,14,10,4,linear_dependency,True,success,False,False,
pm_stb,pm_stb-n14k10-s697,697,14,10,4,signatures,True,success,False,False,
pm_stb,pm_stb-n14k10-s201,201,14,10,4,linear_dependency,False,success,False,False,
pm_stb,pm_stb-n14k10-s201,201,14,10,4,signatures,False,success,False,False,
pm_stb,pm_stb-n14k10-s94,94,14,10,4,linear_dependency,True,success,False,False,
pm_stb,pm_stb-n14k10-s94,94,14,10,4,signatures,True,success,False,False,
pm_stb,pm_stb-n14k12-s89,89,14,12,2,linear_dependency,True,success,False,False,
pm_stb,pm_stb-n14k12-s89,89,14,12,2,signatures,True,success,False,False,
pm_stb,pm_stb-n14k12-s773,773,14,12,2,linear_dependency,True,success,False,False,
pm_stb,pm_stb-n14k12-s773,773,14,12,2,signatures,True,success,False,False,
pm_stb,pm_stb-n14k12-s654,654,14,12,2,linear_dependency,True,success,False,False,
pm_stb,pm_stb-n14k12-s654,654,14,12,2,signatures,True,success,False,False,
pm_stb,pm_stb-n14k12-s438,438,14,12,2,linear_dependency,True,success,False,False,
pm_stb,pm_stb-n14k12-s438,438,14,12,2,signatures,True,success,False,False,
pm_stb,pm_stb-n14k12-s433,433,14,12,2,linear_dependency,True,success,False,False,
pm_stb,pm_stb-n14k12-s433,433,14,12,2,signatures,True,success,False,False,
pm_stb,pm_stb-n14k12-s858,858,14,12,2,linear_dependency,False,success,False,False,
pm_stb,pm_stb-n14k12-s858,858,14,12,2,signatures,False,success,False,False,
pm_stb,pm_stb-n14k12-s85,85,14,12,2,linear_dependency,True,success,False,False,
pm_stb,pm_stb-n14k12-s85,85,14,12,2,signatures,True,success,False,False,
pm_stb,pm_stb-n14k12-s697,697,14,12,2,linear_dependency,True,success,False,False,
pm_stb,pm_stb-n14k12-s697,697,14,12,2,signatures,True,success,False,False,
pm_stb,pm_stb-n14k12-s201,201,14,12,2,linear_dependency,False,success,False,False,
pm_stb,pm_stb-n14k12-s201,201,14,12,2,signatures,False,success,False,False,
pm_stb,pm_stb-n14k12-s94,94,14,12,2,linear_dependency,False,success,False,False,
pm_stb,pm_stb-n14k12-s94,94,14,12,2,signatures,False,success,False,False,
pm_stb,pm_stb-n15k0-s89,89,15,0,15,linear_dependency,False,success,False,False,
pm_stb,pm_stb-n15k0-s89,89,15,0,15,signatures,False,success,False,False,
pm_stb,pm_stb-n15k0-s773,773,15,0,15,linear_dependency,True,success,False,False,
pm_stb,pm_stb-n15k0-s773,773,15,0,15,signatures,True,success,False,False,
pm_stb,pm_stb-n15k0-s654,654,15,0,15,linear_dependency,True,success,False,False,
pm_stb,pm_stb-n15k0-s654,654,15,0,15,signatures,True,success,False,False,
pm_stb,pm_stb-n15k0-s438,438,15,0,15,linear_dependency,False,success,False,False,
pm_stb,pm_stb-n15k0-s438,438,15,0,15,signatures,False,success,False,False,
pm_stb,pm_stb-n15k0-s433,433,15,0,15,linear_dependency,True,success,False,False,
pm_stb,pm_stb-n15k0-s433,433,15,0,15,signatures,True,success,False,False,
pm_stb,pm_stb-n15k0-s858,858,15,0,15,linear_dependency,False,success,False,False,
pm_stb,pm_stb-n15k0-s858,858,15,0,15,signatures,False,success,False,False,
pm_stb,pm_stb-n15k0-s85,85,15,0,15,linear_dependency,True,success,False,False,
pm_stb,pm_stb-n15k0-s85,85,15,0,15,signatures,True,success,False,False,
pm_stb,pm_stb-n15k0-s697,697,15,0,15,linear_dependency,False,success,False,False,
pm_stb,pm_stb-n15k0-s697,697,15,0,15,signatures,False,success,False,False,
pm_stb,pm_stb-n15k0-s201,201,15,0,15,linear_dependency,False,success,False,False,
pm_stb,pm_stb-n15k0-s201,201,15,0,15,signatures,False,success,False,False,
pm_stb,pm_stb-n15k0-s94,94,15,0,15,linear_dependency,True,success,False,False,
pm_stb,pm_stb-n15k0-s94,94,15,0,15,signatures,True,success,False,False,
pm_stb,pm_stb-n15k4-s89,89,15,4,11,linear_dependency,True,success,False,False,
pm_stb,pm_stb-n15k4-s89,89,15,4,11,signatures,True,success,False,False,
pm_stb,pm_stb-n15k4-s773,773,15,4,11,linear_dependency,False,success,False,False,
pm_stb,pm_stb-n15k4-s773,773,15,4,11,signatures,False,success,False,False,
pm_stb,pm_stb-n15k4-s654,654,15,4,11,linear_dependency,True,success,False,False,
pm_stb,pm_stb-n15k4-s654,654,15,4,11,signatures,True,success,False,False,
pm_stb,pm_stb-n15k4-s438,438,15,4,11,linear_dependency,False,success,False,False,
pm_stb,pm_stb-n15k4-s438,438,15,4,11,signatures,False,success,False,False,
pm_stb,pm_stb-n15k4-s433,433,15,4,11,linear_dependency,True,success,False,False,
pm_stb,pm_stb-n15k4-s433,433,15,4,11,signatures,True,success,False,False,
pm_stb,pm_stb-n15k4-s858,858,15,4,11,linear_dependency,False,success,False,False,
pm_stb,pm_stb-n15k4-s858,858,15,4,11,signatures,False,success,False,False,
pm_stb,pm_stb-n15k4-s85,85,15,4,11,linear_dependency,True,success,False,False,
pm_stb,pm_stb-n15k4-s85,85,15,4,11,signatures,True,success,False,False,
pm_stb,pm_stb-n15k4-s697,697,15,4,11,linear_dependency,False,success,False,False,
pm_stb,pm_stb-n15k4-s697,697,15,4,11,signatures,True,success,False,False,
pm_stb,pm_stb-n15k4-s201,201,15,4,11,linear_dependency,False,success,False,False,
pm_stb,pm_stb-n15k4-s201,201,15,4,11,signatures,False,success,False,False,
pm_stb,pm_stb-n15k4-s94,94,15,4,11,linear_dependency,False,success,False,False,
pm_stb,pm_stb-n15k4-s94,94,15,4,11,signatures,False,success,False,False,
pm_stb,pm_stb-n15k8-s89,89,15,8,7,linear_dependency,False,success,False,False,
pm_stb,pm_stb-n15k8-s89,89,15,8,7,signatures,False,success,False,False,
pm_stb,pm_stb-n15k8-s773,773,15,8,7,linear_dependency,False,success,False,False,
pm_stb,pm_stb-n15k8-s773,773,15,8,7,signatures,False,success,False,False,
pm_stb,pm_stb-n15k8-s654,654,15,8,7,linear_dependency,True,success,False,False,
pm_stb,pm_stb-n15k8-s654,654,15,8,7,signatures,True,success,False,False,
pm_stb,pm_stb-n15k8-s438,438,15,8,7,linear_dependency,True,success,False,False,
pm_stb,pm_stb-n15k8-s438,438,15,8,7,signatures,True,success,False,False,
pm_stb,pm_stb-n15k8-s433,433,15,8,7,linear_dependency,True,success,False,False,
pm_stb,pm_stb-n15k8-s433,433,15,8,7,signatures,True,success,False,False,
pm_stb,pm_stb-n15k8-s858,858,15,8,7,linear_dependency,False,success,False,False,
pm_stb,pm_stb-n15k8-s858,858,15,8,7,signatures,False,success,False,False,
pm_stb,pm_stb-n15k8-s85,85,15,8,7,linear_dependency,False,success,False,False,
pm_stb,pm_stb-n15k8-s85,85,15,8,7,signatures,False,success,False,False,
pm_stb,pm_stb-n15k8-s697,697,15,8,7,linear_dependency,True,success,False,False,
pm_stb,pm_stb-n15k8-s697,697,15,8,7,signatures,True,success,False,False,
pm_stb,pm_stb-n15k8-s201,201,15,8,7,linear_dependency,True,success,False,False,
pm_stb,pm_stb-n15k8-s201,201,15,8,7,signatures,True,success,False,False,
pm_stb,pm_stb-n15k8-s94,94,15,8,7,linear_dependency,False,success,False,False,
pm_stb,pm_stb-n15k8-s94,94,15,8,7,signatures,False,success,False,False,
pm_stb,pm_stb-n15k12-s89,89,15,12,3,linear_dependency,True,success,False,False,
pm_stb,pm_stb-n15k12-s89,89,15,12,3,signatures,True,success,False,False,
pm_stb,pm_stb-n15k12-s773,773,15,12,3,linear_dependency,False,success,False,False,
pm_stb,pm_stb-n15k12-s773,773,15,12,3,signatures,False,success,False,False,
pm_stb,pm_stb-n15k12-s654,654,15,12,3,linear_dependency,True,success,False,False,
pm_stb,pm_stb-n15k12-s654,654,15,12,3,signatures,True,success,False,False,
pm_stb,pm_stb-n15k12-s438,438,15,12,3,linear_dependency,False,success,False,False,
pm_stb,pm_stb-n15k12-s438,438,15,12,3,signatures,False,success,False,False,
pm_stb,pm_stb-n15k12-s433,433,15,12,3,linear_dependency,False,success,False,False,
pm_stb,pm_stb-n15k12-s433,433,15,12,3,signatures,False,success,False,False,
pm_stb,pm_stb-n15k12-s858,858,15,12,3,linear_dependency,True,success,False,False,
pm_stb,pm_stb-n15k12-s858,858,15,12,3,signatures,True,success,False,False,
pm_stb,pm_stb-n15k12-s85,85,15,12,3,linear_dependency,True,success,False,False,
pm_stb,pm_stb-n15k12-s85,85,15,12,3,signatures,True,success,False,False,
pm_stb,pm_stb-n15k12-s697,697,15,12,3,linear_dependency,False,success,False,False,
pm_stb,pm_stb-n15k12-s697,697,15,12,3,signatures,False,success,False,False,
pm_stb,pm_stb-n15k12-s201,201,15,12,3,linear_dependency,False,success,False,False,
pm_stb,pm_stb-n15k12-s201,201,15,12,3,signatures,False,success,False,False,
pm_stb,pm_stb-n15k12-s94,94,15,12,3,linear_dependency,False,success,False,False,
pm_stb,pm_stb-n15k12-s94,94,15,12,3,signatures,False,success,False,False,
pm_stb,pm_stb-n16k0-s89,89,16,0,16,linear_dependency,False,success,False,False,
pm_stb,pm_stb-n16k0-s89,89,16,0,16,signatures,True,success,False,False,
pm_stb,pm_stb-n16k0-s773,773,16,0,16,linear_dependency,True,success,False,False,
pm_stb,pm_stb-n16k0-s773,773,16,0,16,signatures,True,success,False,False,
pm_stb,pm_stb-n16k0-s654,654,16,0,16,linear_dependency,True,success,False,False,
pm_stb,pm_stb-n16k0-s654,654,16,0,16,signatures,True,success,False,False,
pm_stb,pm_stb-n16k0-s438,438,16,0,16,linear_dependency,False,success,False,False,
pm_stb,pm_stb-n16k0-s438,438,16,0,16,signatures,False,success,False,False,
pm_stb,pm_stb-n16k0-s433,433,16,0,16,linear_dependency,False,success,False,False,
pm_stb,pm_stb-n16k0-s433,433,16,0,16,signatures,False,success,False,False,
pm_stb,pm_stb-n16k0-s858,858,16,0,16,linear_dependency,False,success,False,False,
pm_stb,pm_stb-n16k0-s858,858,16,0,16,signatures,True,success,False,False,
pm_stb,pm_stb-n16k0-s85,85,16,0,16,linear_dependency,True,success,False,False,
pm_stb,pm_stb-n16k0-s85,85,16,0,16,signatures,True,success,False,False,
pm_stb,pm_stb-n16k0-s697,697,16,0,16,linear_dependency,False,success,False,False,
pm_stb,pm_stb-n16k0-s697,697,16,0,16,signatures,False,success,False,False,
pm_stb,pm_stb-n16k0-s201,201,16,0,16,linear_dependency,False,success,False,False,
pm_stb,pm_stb-n16k0-s201,201,16,0,16,signatures,False,success,False,False,
pm_stb,pm_stb-n16k0-s94,94,16,0,16,linear_dependency,True,success,False,False,
pm_stb,pm_stb-n16k0-s94,94,16,0,16,signatures,True,success,False,False,
pm_stb,pm_stb-n16k4-s89,89,16,4,12,linear_dependency,False,success,False,False,
pm_stb,pm_stb-n16k4-s89,89,16,4,12,signatures,False,success,False,False,
pm_stb,pm_stb-n16k4-s773,773,16,4,12,linear_dependency,True,success,False,False,
pm_stb,pm_stb-n16k4-s773,773,16,4,12,signatures,True,success,False,False,
pm_stb,pm_stb-n16k4-s654,654,16,4,12,linear_dependency,True,success,False,False,
pm_stb,pm_stb-n16k4-s654,654,16,4,12,signatures,True,success,False,False,
pm_stb,pm_stb-n16k4-s438,438,16,4,12,linear_dependency,True,success,False,False,
pm_stb,pm_stb-n16k4-s438,438,16,4,12,signatures,True,success,False,False,
pm_stb,pm_stb-n16k4-s433,433,16,4,12,linear_dependency,True,success,False,False,
pm_stb,pm_stb-n16k4-s433,433,16,4,12,signatures,True,success,False,False,
pm_stb,pm_stb-n16k4-s858,858,16,4,12,linear_dependency,False,success,False,False,
pm_stb,pm_stb-n16k4-s858,858,16,4,12,signatures,False,success,False,False,
pm_stb,pm_stb-n16k4-s85,85,16,4,12,linear_dependency,False,success,False,False,
pm_stb,pm_stb-n16k4-s85,85,16,4,12,signatures,False,success,False,False,
pm_stb,pm_stb-n16k4-s697,697,16,4,12,linear_dependency,False,success,False,False,
pm_stb,pm_stb-n16k4-s697,697,16,4,12,signatures,False,success,False,False,
pm_stb,pm_stb-n16k4-s201,201,16,4,12,linear_dependency,False,success,False,False,
pm_stb,pm_stb-n16k4-s201,201,16,4,12,signatures,False,success,False,False,
pm_stb,pm_stb-n16k4-s94,94,16,4,12,linear_dependency,False,success,False,False,
pm_stb,pm_stb-n16k4-s94,94,16,4,12,signatures,False,success,False,False,
pm_stb,pm_stb-n16k8-s89,89,16,8,8,linear_dependency,True,success,False,False,
pm_stb,pm_stb-n16k8-s89,89,16,8,8,signatures,True,success,False,False,
pm_stb,pm_stb-n16k8-s773,773,16,8,8,linear_dependency,True,success,False,False,
pm_stb,pm_stb-n16k8-s773,773,16,8,8,signatures,True,success,False,False,
pm_stb,pm_stb-n16k8-s654,654,16,8,8,linear_dependency,True,success,False,False,
pm_stb,pm_stb-n16k8-s654,654,16,8,8,signatures,True,success,False,False,
pm_stb,pm_stb-n16k8-s438,438,16,8,8,linear_dependency,False,success,False,False,
pm_stb,pm_stb-n16k8-s438,438,16,8,8,signatures,False,success,False,False,
pm_stb,pm_stb-n16k8-s433,433,16,8,8,linear_dependency,True,success,False,False,
pm_stb,pm_stb-n16k8-s433,433,16,8,8,signatures,True,success,False,False,
pm_stb,pm_stb-n16k8-s858,858,16,8,8,linear_dependency,False,success,False,False,
pm_stb,pm_stb-n16k8-s858,858,16,8,8,signatures,False,success,False,False,
pm_stb,pm_stb-n16k8-s85,85,16,8,8,linear_dependency,False,success,False,False,
pm_stb,pm_stb-n16k8-s85,85,16,8,8,signatures,False,success,False,False,
pm_stb,pm_stb-n16k8-s697,697,16,8,8,linear_dependency,True,success,False,False,
pm_stb,pm_stb-n16k8-s697,697,16,8,8,signatures,True,success,False,False,
pm_stb,pm_stb-n16k8-s201,201,16,8,8,linear_dependency,True,success,False,False,
pm_stb,pm_stb-n16k8-s201,201,16,8,8,signatures,True,success,False,False,
pm_stb,pm_stb-n16k8-s94,94,16,8,8,linear_dependency,True,success,False,False,
pm_stb,pm_stb-n16k8-s94,94,16,8,8,signatures,True,success,False,False,
pm_stb,pm_stb-n16k12-s89,89,16,12,4,linear_dependency,True,success,False,False,
pm_stb,pm_stb-n16k12-s89,89,16,12,4,signatures,True,success,False,False,
pm_stb,pm_stb-n16k12-s773,773,16,12,4,linear_dependency,False,success,False,False,
pm_stb,pm_stb-n16k12-s773,773,16,12,4,signatures,False,success,False,False,
pm_stb,pm_stb-n16k12-s654,654,16,12,4,linear_dependency,False,success,False,False,
pm_stb,pm_stb-n16k12-s654,654,16,12,4,signatures,False,success,False,False,
pm_stb,pm_stb-n16k12-s438,438,16,12,4,linear_dependency,False,success,False,False,
pm_stb,pm_stb-n16k12-s438,438,16,12,4,signatures,False,success,False,False,
pm_stb,pm_stb-n16k12-s433,433,16,12,4,linear_dependency,True,success,False,False,
pm_stb,pm_stb-n16k12-s433,433,16,12,4,signatures,True,success,False,False,
pm_stb,pm_stb-n16k12-s858,858,16,12,4,linear_dependency,False,success,False,False,
pm_stb,pm_stb-n16k12-s858,858,16,12,4,signatures,False,success,False,False,
pm_stb,pm_stb-n16k12-s85,85,16,12,4,linear_dependency,False,success,False,False,
pm_stb,pm_stb-n16k12-s85,85,16,12,4,signatures,False,success,False,False,
pm_stb,pm_stb-n16k12-s697,697,16,12,4,linear_dependency,True,success,False,False,
pm_stb,pm_stb-n16k12-s697,697,16,12,4,signatures,True,success,False,False,
pm_stb,pm_stb-n16k12-s201,201,16,12,4,linear_dependency,False,success,False,False,
pm_stb,pm_stb-n16k12-s201,201,16,12,4,signatures,False,success,False,False,
pm_stb,pm_stb-n16k12-s94,94,16,12,4,linear_dependency,False,success,False,False,
pm_stb,pm_stb-n16k12-s94,94,16,12,4,signatures,False,success,False,False,
pm_stb,pm_stb-n17k0-s89,89,17,0,17,linear_dependency,False,success,False,False,
pm_stb,pm_stb-n17k0-s89,89,17,0,17,signatures,False,success,False,False,
pm_stb,pm_stb-n17k0-s773,773,17,0,17,linear_dependency,False,success,False,False,
pm_stb,pm_stb-n17k0-s773,773,17,0,17,signatures,False,success,False,False,
pm_stb,pm_stb-n17k0-s654,654,17,0,17,linear_dependency,True,success,False,False,
pm_stb,pm_stb-n17k0-s654,654,17,0,17,signatures,True,success,False,False,
pm_stb,pm_stb-n17k0-s438,438,17,0,17,linear_dependency,False,success,False,False,
pm_stb,pm_stb-n17k0-s438,438,17,0,17,signatures,False,success,False,False,
pm_stb,pm_stb-n17k0-s433,433,17,0,17,linear_dependency,False,success,False,False,
pm_stb,pm_stb-n17k0-s433,433,17,0,17,signatures,False,success,False,False,
pm_stb,pm_stb-n17k0-s858,858,17,0,17,linear_dependency,False,success,False,False,
pm_stb,pm_stb-n17k0-s858,858,17,0,17,signatures,False,success,False,False,
pm_stb,pm_stb-n17k0-s85,85,17,0,17,linear_dependency,False,success,False,False,
pm_stb,pm_stb-n17k0-s85,85,17,0,17,signatures,True,success,False,False,
pm_stb,pm_stb-n17k0-s697,697,17,0,17,linear_dependency,True,success,False,False,
pm_stb,pm_stb-n17k0-s697,697,17,0,17,signatures,True,success,False,False,
pm_stb,pm_stb-n17k0-s201,201,17,0,17,linear_dependency,True,success,False,False,
pm_stb,pm_stb-n17k0-s201,201,17,0,17,signatures,True,success,False,False,
pm_stb,pm_stb-n17k0-s94,94,17,0,17,linear_dependency,False,success,False,False,
pm_stb,pm_stb-n17k0-s94,94,17,0,17,signatures,False,success,False,False,
pm_stb,pm_stb-n17k4-s89,89,17,4,13,linear_dependency,False,success,False,False,
pm_stb,pm_stb-n17k4-s89,89,17,4,13,signatures,False,success,False,False,
pm_stb,pm_stb-n17k4-s773,773,17,4,13,linear_dependency,False,success,False,False,
pm_stb,pm_stb-n17k4-s773,773,17,4,13,signatures,False,success,False,False,
pm_stb,pm_stb-n17k4-s654,654,17,4,13,linear_dependency,False,success,False,False,
pm_stb,pm_stb-n17k4-s654,654,17,4,13,signatures,False,success,False,False,
pm_stb,pm_stb-n17k4-s438,438,17,4,13,linear_dependency,False,success,False,False,
pm_stb,pm_stb-n17k4-s438,438,17,4,13,signatures,False,success,False,False,
pm_stb,pm_stb-n17k4-s433,433,17,4,13,linear_dependency,True,success,False,False,
pm_stb,pm_stb-n17k4-s433,433,17,4,13,signatures,True,success,False,False,
pm_stb,pm_stb-n17k4-s858,858,17,4,13,linear_dependency,True,success,False,False,
pm_stb,pm_stb-n17k4-s858,858,17,4,13,signatures,True,success,False,False,
pm_stb,pm_stb-n17k4-s85,85,17,4,13,linear_dependency,True,success,False,False,
pm_stb,pm_stb-n17k4-s85,85,17,4,13,signatures,True,success,False,False,
pm_stb,pm_stb-n17k4-s697,697,17,4,13,linear_dependency,True,success,False,False,
pm_stb,pm_stb-n17k4-s697,697,17,4,13,signatures,True,success,False,False,
pm_stb,pm_stb-n17k4-s201,201,17,4,13,linear_dependency,True,success,False,False,
pm_stb,pm_stb-n17k4-s201,201,17,4,13,signatures,True,success,False,False,
pm_stb,pm_stb-n17k4-s94,94,17,4,13,linear_dependency,True,success,False,False,
pm_stb,pm_stb-n17k4-s94,94,17,4,13,signatures,True,success,False,False,
pm_stb,pm_stb-n17k8-s89,89,17,8,9,linear_dependency,False,success,False,False,
pm_stb,pm_stb-n17k8-s89,89,17,8,9,signatures,False,success,False,False,
pm_stb,pm_stb-n17k8-s773,773,17,8,9,linear_dependency,True,success,False,False,
pm_stb,pm_stb-n17k8-s773,773,17,8,9,signatures,True,success,False,False,
pm_stb,pm_stb-n17k8-s654,654,17,8,9,linear_dependency,True,success,False,False,
pm_stb,pm_stb-n17k8-s654,654,17,8,9,signatures,True,success,False,False,
pm_stb,pm_stb-n17k8-s438,438,17,8,9,linear_dependency,False,success,False,False,
pm_stb,pm_stb-n17k8-s438,438,17,8,9,signatures,False,success,False,False,
pm_stb,pm_stb-n17k8-s433,433,17,8,9,linear_dependency,False,success,False,False,
pm_stb,pm_stb-n17k8-s433,433,17,8,9,signatures,False,success,False,False,
pm_stb,pm_stb-n17k8-s858,858,17,8,9,linear_dependency,True,success,False,False,
pm_stb,pm_stb-n17k8-s858,858,17,8,9,signatures,True,success,False,False,
pm_stb,pm_stb-n17k8-s85,85,17,8,9,linear_dependency,True,success,False,False,
pm_stb,pm_stb-n17k8-s85,85,17,8,9,signatures,True,success,False,False,
pm_stb,pm_stb-n17k8-s697,697,17,8,9,linear_dependency,False,success,False,False,
pm_stb,pm_stb-n17k8-s697,697,17,8,9,signatures,False,success,False,False,
pm_stb,pm_stb-n17k8-s201,201,17,8,9,linear_dependency,True,success,False,False,
pm_stb,pm_stb-n17k8-s201,201,17,8,9,signatures,True,success,False,False,
pm_stb,pm_stb-n17k8-s94,94,17,8,9,linear_dependency,False,success,False,False,
pm_stb,pm_stb-n17k8-s94,94,17,8,9,signatures,False,success,False,False,
pm_stb,pm_stb-n17k12-s89,89,17,12,5,linear_dependency,False,success,False,False,
pm_stb,pm_stb-n17k12-s89,89,17,12,5,signatures,False,success,False,False,
pm_stb,pm_stb-n17k12-s773,773,17,12,5,linear_dependency,True,success,False,False,
pm_stb,pm_stb-n17k12-s773,773,17,12,5,signatures,True,success,False,False,
pm_stb,pm_stb-n17k12-s654,654,17,12,5,linear_dependency,False,success,False,False,
pm_stb,pm_stb-n17k12-s654,654,17,12,5,signatures,False,success,False,False,
pm_stb,pm_stb-n17k12-s438,438,17,12,5,linear_dependency,False,success,False,False,
pm_stb,pm_stb-n17k12-s438,438,17,12,5,signatures,False,success,False,False,
pm_stb,pm_stb-n17k12-s433,433,17,12,5,linear_dependency,False,success,False,False,
pm_stb,pm_stb-n17k12-s433,433,17,12,5,signatures,False,success,False,False,
pm_stb,pm_stb-n17k12-s858,858,17,12,5,linear_dependency,True,success,False,False,
pm_stb,pm_stb-n17k12-s858,858,17,12,5,signatures,True,success,False,False,
pm_stb,pm_stb-n17k12-s85,85,17,12,5,linear_dependency,False,success,False,False,
pm_stb,pm_stb-n17k12-s85,85,17,12,5,signatures,False,success,False,False,
pm_stb,pm_stb-n17k12-s697,697,17,12,5,linear_dependency,False,success,False,False,
pm_stb,pm_stb-n17k12-s697,697,17,12,5,signatures,False,success,False,False,
pm_stb,pm_stb-n17k12-s201,201,17,12,5,linear_dependency,True,success,False,False,
pm_stb,pm_stb-n17k12-s201,201,17,12,5,signatures,True,success,False,False,
pm_stb,pm_stb-n17k12-s94,94,17,12,5,linear_dependency,False,success,False,False,
pm_stb,pm_stb-n17k12-s94,94,17,12,5,signatures,False,success,False,False,
pm_stb,pm_stb-n17k16-s89,89,17,16,1,linear_dependency,True,success,False,False,
pm_stb,pm_stb-n17k16-s89,89,17,16,1,signatures,True,success,False,False,
pm_stb,pm_stb-n17k16-s773,773,17,16,1,linear_dependency,False,success,False,False,
pm_stb,pm_stb-n17k16-s773,773,17,16,1,signatures,False,success,False,False,
pm_stb,pm_stb-n17k16-s654,654,17,16,1,linear_dependency,True,success,False,False,
pm_stb,pm_stb-n17k16-s654,654,17,16,1,signatures,True,success,False,False,
pm_stb,pm_stb-n17k16-s438,438,17,16,1,linear_dependency,True,success,False,False,
pm_stb,pm_stb-n17k16-s438,438,17,16,1,signatures,True,success,False,False,
pm_stb,pm_stb-n17k16-s433,433,17,16,1,linear_dependency,False,success,False,False,
pm_stb,pm_stb-n17k16-s433,433,17,16,1,signatures,False,success,False,False,
pm_stb,pm_stb-n17k16-s858,858,17,16,1,linear_dependency,True,success,False,False,
pm_stb,pm_stb-n17k16-s858,858,17,16,1,signatures,True,success,False,False,
pm_stb,pm_stb-n17k16-s85,85,17,16,1,linear_dependency,True,success,False,False,
pm_stb,pm_stb-n17k16-s85,85,17,16,1,signatures,True,success,False,False,
pm_stb,pm_stb-n17k16-s697,697,17,16,1,linear_dependency,False,success,False,False,
pm_stb,pm_stb-n17k16-s697,697,17,16,1,signatures,False,success,False,False,
pm_stb,pm_stb-n17k16-s201,201,17,16,1,linear_dependency,True,success,False,False,
pm_stb,pm_stb-n17k16-s201,201,17,16,1,signatures,True,success,False,False,
pm_stb,pm_stb-n17k16-s94,94,17,16,1,linear_dependency,True,success,False,False,
pm_stb,pm_stb-n17k16-s94,94,17,16,1,signatures,True,success,False,False,
pm_stb,pm_stb-n18k0-s89,89,18,0,18,linear_dependency,True,success,False,False,
pm_stb,pm_stb-n18k0-s89,89,18,0,18,signatures,True,success,False,False,
pm_stb,pm_stb-n18k0-s773,773,18,0,18,linear_dependency,True,success,False,False,
pm_stb,pm_stb-n18k0-s773,773,18,0,18,signatures,True,success,False,False,
pm_stb,pm_stb-n18k0-s654,654,18,0,18,linear_dependency,True,success,False,False,
pm_stb,pm_stb-n18k0-s654,654,18,0,18,signatures,True,success,False,False,
pm_stb,pm_stb-n18k0-s438,438,18,0,18,linear_dependency,True,success,False,False,
pm_stb,pm_stb-n18k0-s438,438,18,0,18,signatures,True,success,False,False,
pm_stb,pm_stb-n18k0-s433,433,18,0,18,linear_dependency,False,success,False,False,
pm_stb,pm_stb-n18k0-s433,433,18,0,18,signatures,False,success,False,False,
pm_stb,pm_stb-n18k0-s858,858,18,0,18,linear_dependency,False,success,False,False,
pm_stb,pm_stb-n18k0-s858,858,18,0,18,signatures,True,success,False,False,
pm_stb,pm_stb-n18k0-s85,85,18,0,18,linear_dependency,True,success,False,False,
pm_stb,pm_stb-n18k0-s85,85,18,0,18,signatures,True,success,False,False,
pm_stb,pm_stb-n18k0-s697,697,18,0,18,linear_dependency,False,success,False,False,
pm_stb,pm_stb-n18k0-s697,697,18,0,18,signatures,False,success,False,False,
pm_stb,pm_stb-n18k0-s201,201,18,0,18,linear_dependency,False,success,False,False,
pm_stb,pm_stb-n18k0-s201,201,18,0,18,signatures,False,success,False,False,
pm_stb,pm_stb-n18k0-s94,94,18,0,18,linear_dependency,False,success,False,False,
pm_stb,pm_stb-n18k0-s94,94,18,0,18,signatures,False,success,False,False,
pm_stb,pm_stb-n18k4-s89,89,18,4,14,linear_dependency,True,success,False,False,
pm_stb,pm_stb-n18k4-s89,89,18,4,14,signatures,True,success,False,False,
pm_stb,pm_stb-n18k4-s773,773,18,4,14,linear_dependency,False,success,False,False,
pm_stb,pm_stb-n18k4-s773,773,18,4,14,signatures,False,success,False,False,
pm_stb,pm_stb-n18k4-s654,654,18,4,14,linear_dependency,True,success,False,False,
pm_stb,pm_stb-n18k4-s654,654,18,4,14,signatures,True,success,False,False,
pm_stb,pm_stb-n18k4-s438,438,18,4,14,linear_dependency,False,success,False,False,
pm_stb,pm_stb-n18k4-s438,438,18,4,14,signatures,False,success,False,False,
pm_stb,pm_stb-n18k4-s433,433,18,4,14,linear_dependency,True,success,False,False,
pm_stb,pm_stb-n18k4-s433,433,18,4,14,signatures,True,success,False,False,
pm_stb,pm_stb-n18k4-s858,858,18,4,14,linear_dependency,True,success,False,False,
pm_stb,pm_stb-n18k4-s858,858,18,4,14,signatures,True,success,False,False,
pm_stb,pm_stb-n18k4-s85,85,18,4,14,linear_dependency,True,success,False,False,
pm_stb,pm_stb-n18k4-s85,85,18,4,14,signatures,True,success,False,False,
pm_stb,pm_stb-n18k4-s697,697,18,4,14,linear_dependency,False,success,False,False,
pm_stb,pm_stb-n18k4-s697,697,18,4,14,signatures,False,success,False,False,
pm_stb,pm_stb-n18k4-s201,201,18,4,14,linear_dependency,False,success,False,False,
pm_stb,pm_stb-n18k4-s201,201,18,4,14,signatures,False,success,False,False,
pm_stb,pm_stb-n18k4-s94,94,18,4,14,linear_dependency,False,success,False,False,
pm_stb,pm_stb-n18k4-s94,94,18,4,14,signatures,False,success,False,False,
pm_stb,pm_stb-n18k8-s89,89,18,8,10,linear_dependency,False,success,False,False,
pm_stb,pm_stb-n18k8-s89,89,18,8,10,signatures,False,success,False,False,
pm_stb,pm_stb-n18k8-s773,773,18,8,10,linear_dependency,True,success,False,False,
pm_stb,pm_stb-n18k8-s773,773,18,8,10,signatures,True,success,False,False,
pm_stb,pm_stb-n18k8-s654,654,18,8,10,linear_dependency,True,success,False,False,
pm_stb,pm_stb-n18k8-s654,654,18,8,10,signatures,True,success,False,False,
pm_stb,pm_stb-n18k8-s438,438,18,8,10,linear_dependency,True,success,False,False,
pm_stb,pm_stb-n18k8-s438,438,18,8,10,signatures,True,success,False,False,
pm_stb,pm_stb-n18k8-s433,433,18,8,10,linear_dependency,True,success,False,False,
pm_stb,pm_stb-n18k8-s433,433,18,8,10,signatures,True,success,False,False,
pm_stb,pm_stb-n18k8-s858,858,18,8,10,linear_dependency,True,success,False,False,
pm_stb,pm_stb-n18k8-s858,858,18,8,10,signatures,True,success,False,False,
pm_stb,pm_stb-n18k8-s85,85,18,8,10,linear_dependency,False,success,False,False,
pm_stb,pm_stb-n18k8-s85,85,18,8,10,signatures,False,success,False,False,
pm_stb,pm_stb-n18k8-s697,697,18,8,10,linear_dependency,True,success,False,False,
pm_stb,pm_stb-n18k8-s697,697,18,8,10,signatures,True,success,False,False,
pm_stb,pm_stb-n18k8-s201,201,18,8,10,linear_dependency,False,success,False,False,
pm_stb,pm_stb-n18k8-s201,201,18,8,10,signatures,False,success,False,False,
pm_stb,pm_stb-n18k8-s94,94,18,8,10,linear_dependency,False,success,False,False,
pm_stb,pm_stb-n18k8-s94,94,18,8,10,signatures,False,success,False,False,
pm_stb,pm_stb-n18k12-s89,89,18,12,6,linear_dependency,False,success,False,False,
pm_stb,pm_stb-n18k12-s89,89,18,12,6,signatures,False,success,False,False,
pm_stb,pm_stb-n18k12-s773,773,18,12,6,linear_dependency,False,success,False,False,
pm_stb,pm_stb-n18k12-s773,773,18,12,6,signatures,False,success,False,False,
pm_stb,pm_stb-n18k12-s654,654,18,12,6,linear_dependency,True,success,False,False,
pm_stb,pm_stb-n18k12-s654,654,18,12,6,signatures,True,success,False,False,
pm_stb,pm_stb-n18k12-s438,438,18,12,6,linear_dependency,False,success,False,False,
pm_stb,pm_stb-n18k12-s438,438,18,12,6,signatures,False,success,False,False,
pm_stb,pm_stb-n18k12-s433,433,18,12,6,linear_dependency,False,success,False,False,
pm_stb,pm_stb-n18k12-s433,433,18,12,6,signatures,False,success,False,False,
pm_stb,pm_stb-n18k12-s858,858,18,12,6,linear_dependency,True,success,False,False,
pm_stb,pm_stb-n18k12-s858,858,18,12,6,signatures,True,success,False,False,
pm_stb,pm_stb-n18k12-s85,85,18,12,6,linear_dependency,False,success,False,False,
pm_stb,pm_stb-n18k12-s85,85,18,12,6,signatures,False,success,False,False,
pm_stb,pm_stb-n18k12-s697,697,18,12,6,linear_dependency,True,success,False,False,
pm_stb,pm_stb-n18k12-s697,697,18,12,6,signatures,True,success,False,False,
pm_stb,pm_stb-n18k12-s201,201,18,12,6,linear_dependency,True,success,False,False,
pm_stb,pm_stb-n18k12-s201,201,18,12,6,signatures,True,success,False,False,
pm_stb,pm_stb-n18k12-s94,94,18,12,6,linear_dependency,True,success,False,False,
pm_stb,pm_stb-n18k12-s94,94,18,12,6,signatures,True,success,False,False,
pm_stb,pm_stb-n18k16-s89,89,18,16,2,linear_dependency,False,success,False,False,
pm_stb,pm_stb-n18k16-s89,89,18,16,2,signatures,False,success,False,False,
pm_stb,pm_stb-n18k16-s773,773,18,16,2,linear_dependency,True,success,False,False,
pm_stb,pm_stb-n18k16-s773,773,18,16,2,signatures,True,success,False,False,
pm_stb,pm_stb-n18k16-s654,654,18,16,2,linear_dependency,False,success,False,False,
pm_stb,pm_stb-n18k16-s654,654,18,16,2,signatures,False,success,False,False,
pm_stb,pm_stb-n18k16-s438,438,18,16,2,linear_dependency,False,success,False,False,
pm_stb,pm_stb-n18k16-s438,438,18,16,2,signatures,False,success,False,False,
pm_stb,pm_stb-n18k16-s433,433,18,16,2,linear_dependency,True,success,False,False,
pm_stb,pm_stb-n18k16-s433,433,18,16,2,signatures,True,success,False,False,
pm_stb,pm_stb-n18k16-s858,858,18,16,2,linear_dependency,False,success,False,False,
pm_stb,pm_stb-n18k16-s858,858,18,16,2,signatures,False,success,False,False,
pm_stb,pm_stb-n18k16-s85,85,18,16,2,linear_dependency,True,success,False,False,
pm_stb,pm_stb-n18k16-s85,85,18,16,2,signatures,True,success,False,False,
pm_stb,pm_stb-n18k16-s697,697,18,16,2,linear_dependency,True,success,False,False,
pm_stb,pm_stb-n18k16-s697,697,18,16,2,signatures,True,success,False,False,
pm_stb,pm_stb-n18k16-s201,201,18,16,2,linear_dependency,True,success,False,False,
pm_stb,pm_stb-n18k16-s201,201,18,16,2,signatures,True,success,False,False,
pm_stb,pm_stb-n18k16-s94,94,18,16,2,linear_dependency,False,success,False,False,
pm_stb,pm_stb-n18k16-s94,94,18,16,2,signatures,False,success,False,False,
pm_stb,pm_stb-n19k0-s89,89,19,0,19,linear_dependency,False,success,False,False,
pm_stb,pm_stb-n19k0-s89,89,19,0,19,signatures,False,success,False,False,
pm_stb,pm_stb-n19k0-s773,773,19,0,19,linear_dependency,True,success,False,False,
pm_stb,pm_stb-n19k0-s773,773,19,0,19,signatures,True,success,False,False,
pm_stb,pm_stb-n19k0-s654,654,19,0,19,linear_dependency,True,success,False,False,
pm_stb,pm_stb-n19k0-s654,654,19,0,19,signatures,True,success,False,False,
pm_stb,pm_stb-n19k0-s438,438,19,0,19,linear_dependency,False,success,False,False,
pm_stb,pm_stb-n19k0-s438,438,19,0,19,signatures,False,success,False,False,
pm_stb,pm_stb-n19k0-s433,433,19,0,19,linear_dependency,False,success,False,False,
pm_stb,pm_stb-n19k0-s433,433,19,0,19,signatures,False,success,False,False,
pm_stb,pm_stb-n19k0-s858,858,19,0,19,linear_dependency,True,success,False,False,
pm_stb,pm_stb-n19k0-s858,858,19,0,19,signatures,True,success,False,False,
pm_stb,pm_stb-n19k0-s85,85,19,0,19,linear_dependency,True,success,False,False,
pm_stb,pm_stb-n19k0-s85,85,19,0,19,signatures,True,success,False,False,
pm_stb,pm_stb-n19k0-s697,697,19,0,19,linear_dependency,True,success,False,False,
pm_stb,pm_stb-n19k0-s697,697,19,0,19,signatures,True,success,False,False,
pm_stb,pm_stb-n19k0-s201,201,19,0,19,linear_dependency,True,success,False,False,
pm_stb,pm_stb-n19k0-s201,201,19,0,19,signatures,True,success,False,False,
pm_stb,pm_stb-n19k0-s94,94,19,0,19,linear_dependency,True,success,False,False,
pm_stb,pm_stb-n19k0-s94,94,19,0,19,signatures,True,success,False,False,
pm_stb,pm_stb-n19k4-s89,89,19,4,15,linear_dependency,True,success,False,False,
pm_stb,pm_stb-n19k4-s89,89,19,4,15,signatures,True,success,False,False,
pm_stb,pm_stb-n19k4-s773,773,19,4,15,linear_dependency,True,success,False,False,
pm_stb,pm_stb-n19k4-s773,773,19,4,15,signatures,True,success,False,False,
pm_stb,pm_stb-n19k4-s654,654,19,4,15,linear_dependency,True,success,False,False,
pm_stb,pm_stb-n19k4-s654,654,19,4,15,signatures,True,success,False,False,
pm_stb,pm_stb-n19k4-s438,438,19,4,15,linear_dependency,True,success,False,False,
pm_stb,pm_stb-n19k4-s438,438,19,4,15,signatures,True,success,False,False,
pm_stb,pm_stb-n19k4-s433,433,19,4,15,linear_dependency,True,success,False,False,
pm_stb,pm_stb-n19k4-s433,433,19,4,15,signatures,True,success,False,False,
pm_stb,pm_stb-n19k4-s858,858,19,4,15,linear_dependency,True,success,False,False,
pm_stb,pm_stb-n19k4-s858,858,19,4,15,signatures,True,success,False,False,
pm_stb,pm_stb-n19k4-s85,85,19,4,15,linear_dependency,False,success,False,False,
pm_stb,pm_stb-n19k4-s85,85,19,4,15,signatures,True,success,False,False,
pm_stb,pm_stb-n19k4-s697,697,19,4,15,linear_dependency,True,success,False,False,
pm_stb,pm_stb-n19k4-s697,697,19,4,15,signatures,True,success,False,False,
pm_stb,pm_stb-n19k4-s201,201,19,4,15,linear_dependency,False,success,False,False,
pm_stb,pm_stb-n19k4-s201,201,19,4,15,signatures,False,success,False,False,
pm_stb,pm_stb-n19k4-s94,94,19,4,15,linear_dependency,True,success,False,False,
pm_stb,pm_stb-n19k4-s94,94,19,4,15,signatures,True,success,False,False,
pm_stb,pm_stb-n19k8-s89,89,19,8,11,linear_dependency,False,success,False,False,
pm_stb,pm_stb-n19k8-s89,89,19,8,11,signatures,False,success,False,False,
pm_stb,pm_stb-n19k8-s773,773,19,8,11,linear_dependency,True,success,False,False,
pm_stb,pm_stb-n19k8-s773,773,19,8,11,signatures,True,success,False,False,
pm_stb,pm_stb-n19k8-s654,654,19,8,11,linear_dependency,True,success,False,False,
pm_stb,pm_stb-n19k8-s654,654,19,8,11,signatures,True,success,False,False,
pm_stb,pm_stb-n19k8-s438,438,19,8,11,linear_dependency,True,success,False,False,
pm_stb,pm_stb-n19k8-s438,438,19,8,11,signatures,True,success,False,False,
pm_stb,pm_stb-n19k8-s433,433,19,8,11,linear_dependency,False,success,False,False,
pm_stb,pm_stb-n19k8-s433,433,19,8,11,signatures,False,success,False,False,
pm_stb,pm_stb-n19k8-s858,858,19,8,11,linear_dependency,False,success,False,False,
pm_stb,pm_stb-n19k8-s858,858,19,8,11,signatures,False,success,False,False,
pm_stb,pm_stb-n19k8-s85,85,19,8,11,linear_dependency,False,success,False,False,
pm_stb,pm_stb-n19k8-s85,85,19,8,11,signatures,False,success,False,False,
pm_stb,pm_stb-n19k8-s697,697,19,8,11,linear_dependency,False,success,False,False,
pm_stb,pm_stb-n19k8-s697,697,19,8,11,signatures,False,success,False,False,
pm_stb,pm_stb-n19k8-s201,201,19,8,11,linear_dependency,True,success,False,False,
pm_stb,pm_stb-n19k8-s201,201,19,8,11,signatures,True,success,False,False,
pm_stb,pm_stb-n19k8-s94,94,19,8,11,linear_dependency,True,success,False,False,
pm_stb,pm_stb-n19k8-s94,94,19,8,11,signatures,True,success,False,False,
pm_stb,pm_stb-n19k12-s89,89,19,12,7,linear_dependency,True,success,False,False,
pm_stb,pm_stb-n19k12-s89,89,19,12,7,signatures,True,success,False,False,
pm_stb,pm_stb-n19k12-s773,773,19,12,7,linear_dependency,False,success,False,False,
pm_stb,pm_stb-n19k12-s773,773,19,12,7,signatures,False,success,False,False,
pm_stb,pm_stb-n19k12-s654,654,19,12,7,linear_dependency,True,success,False,False,
pm_stb,pm_stb-n19k12-s654,654,19,12,7,signatures,True,success,False,False,
pm_stb,pm_stb-n19k12-s438,438,19,12,7,linear_dependency,True,success,False,False,
pm_stb,pm_stb-n19k12-s438,438,19,12,7,signatures,True,success,False,False,
pm_stb,pm_stb-n19k12-s433,433,19,12,7,linear_dependency,False,success,False,False,
pm_stb,pm_stb-n19k12-s433,433,19,12,7,signatures,False,success,False,False,
pm_stb,pm_stb-n19k12-s858,858,19,12,7,linear_dependency,True,success,False,False,
pm_stb,pm_stb-n19k12-s858,858,19,12,7,signatures,True,success,False,False,
pm_stb,pm_stb-n19k12-s85,85,19,12,7,linear_dependency,True,success,False,False,
pm_stb,pm_stb-n19k12-s85,85,19,12,7,signatures,True,success,False,False,
pm_stb,pm_stb-n19k12-s697,697,19,12,7,linear_dependency,True,success,False,False,
pm_stb,pm_stb-n19k12-s697,697,19,12,7,signatures,True,success,False,False,
pm_stb,pm_stb-n19k12-s201,201,19,12,7,linear_dependency,True,success,False,False,
pm_stb,pm_stb-n19k12-s201,201,19,12,7,signatures,True,success,False,False,
pm_stb,pm_stb-n19k12-s94,94,19,12,7,linear_dependency,True,success,False,False,
pm_stb,pm_stb-n19k12-s94,94,19,12,7,signatures,True,success,False,False,
pm_stb,pm_stb-n19k16-s89,89,19,16,3,linear_dependency,False,success,False,False,
pm_stb,pm_stb-n19k16-s89,89,19,16,3,signatures,False,success,False,False,
pm_stb,pm_stb-n19k16-s773,773,19,16,3,linear_dependency,True,success,False,False,
pm_stb,pm_stb-n19k16-s773,773,19,16,3,signatures,True,success,False,False,
pm_stb,pm_stb-n19k16-s654,654,19,16,3,linear_dependency,True,success,False,False,
pm_stb,pm_stb-n19k16-s654,654,19,16,3,signatures,True,success,False,False,
pm_stb,pm_stb-n19k16-s438,438,19,16,3,linear_dependency,False,success,False,False,
pm_stb,pm_stb-n19k16-s438,438,19,16,3,signatures,False,success,False,False,
pm_stb,pm_stb-n19k16-s433,433,19,16,3,linear_dependency,True,success,False,False,
pm_stb,pm_stb-n19k16-s433,433,19,16,3,signatures,True,success,False,False,
pm_stb,pm_stb-n19k16-s858,858,19,16,3,linear_dependency,True,success,False,False,
pm_stb,pm_stb-n19k16-s858,858,19,16,3,signatures,True,success,False,False,
pm_stb,pm_stb-n19k16-s85,85,19,16,3,linear_dependency,True,success,False,False,
pm_stb,pm_stb-n19k16-s85,85,19,16,3,signatures,True,success,False,False,
pm_stb,pm_stb-n19k16-s697,697,19,16,3,linear_dependency,True,success,False,False,
pm_stb,pm_stb-n19k16-s697,697,19,16,3,signatures,True,success,False,False,
pm_stb,pm_stb-n19k16-s201,201,19,16,3,linear_dependency,True,success,False,False,
pm_stb,pm_stb-n19k16-s201,201,19,16,3,signatures,True,success,False,False,
pm_stb,pm_stb-n19k16-s94,94,19,16,3,linear_dependency,False,success,False,False,
pm_stb,pm_stb-n19k16-s94,94,19,16,3,signatures,False,success,False,False,
pm_stb,pm_stb-n20k0-s89,89,20,0,20,linear_dependency,True,success,False,False,
pm_stb,pm_stb-n20k0-s89,89,20,0,20,signatures,True,success,False,False,
pm_stb,pm_stb-n20k0-s773,773,20,0,20,linear_dependency,False,success,False,False,
pm_stb,pm_stb-n20k0-s773,773,20,0,20,signatures,False,success,False,False,
pm_stb,pm_stb-n20k0-s654,654,20,0,20,linear_dependency,False,success,False,False,
pm_stb,pm_stb-n20k0-s654,654,20,0,20,signatures,False,success,False,False,
pm_stb,pm_stb-n20k0-s438,438,20,0,20,linear_dependency,False,success,False,False,
pm_stb,pm_stb-n20k0-s438,438,20,0,20,signatures,False,success,False,False,
pm_stb,pm_stb-n20k0-s433,433,20,0,20,linear_dependency,True,success,False,False,
pm_stb,pm_stb-n20k0-s433,433,20,0,20,signatures,True,success,False,False,
pm_stb,pm_stb-n20k0-s858,858,20,0,20,linear_dependency,True,success,False,False,
pm_stb,pm_stb-n20k0-s858,858,20,0,20,signatures,True,success,False,False,
pm_stb,pm_stb-n20k0-s85,85,20,0,20,linear_dependency,True,success,False,False,
pm_stb,pm_stb-n20k0-s85,85,20,0,20,signatures,True,success,False,False,
pm_stb,pm_stb-n20k0-s697,697,20,0,20,linear_dependency,True,success,False,False,
pm_stb,pm_stb-n20k0-s697,697,20,0,20,signatures,True,success,False,False,
pm_stb,pm_stb-n20k0-s201,201,20,0,20,linear_dependency,False,success,False,False,
pm_stb,pm_stb-n20k0-s201,201,20,0,20,signatures,True,success,False,False,
pm_stb,pm_stb-n20k0-s94,94,20,0,20,linear_dependency,False,success,False,False,
pm_stb,pm_stb-n20k0-s94,94,20,0,20,signatures,False,success,False,False,
pm_stb,pm_stb-n20k4-s89,89,20,4,16,linear_dependency,True,success,False,False,
pm_stb,pm_stb-n20k4-s89,89,20,4,16,signatures,True,success,False,False,
pm_stb,pm_stb-n20k4-s773,773,20,4,16,linear_dependency,True,success,False,False,
pm_stb,pm_stb-n20k4-s773,773,20,4,16,signatures,True,success,False,False,
pm_stb,pm_stb-n20k4-s654,654,20,4,16,linear_dependency,False,success,False,False,
pm_stb,pm_stb-n20k4-s654,654,20,4,16,signatures,True,success,False,False,
pm_stb,pm_stb-n20k4-s438,438,20,4,16,linear_dependency,False,success,False,False,
pm_stb,pm_stb-n20k4-s438,438,20,4,16,signatures,True,success,False,False,
pm_stb,pm_stb-n20k4-s433,433,20,4,16,linear_dependency,False,success,False,False,
pm_stb,pm_stb-n20k4-s433,433,20,4,16,signatures,False,success,False,False,
pm_stb,pm_stb-n20k4-s858,858,20,4,16,linear_dependency,False,success,False,False,
pm_stb,pm_stb-n20k4-s858,858,20,4,16,signatures,False,success,False,False,
pm_stb,pm_stb-n20k4-s85,85,20,4,16,linear_dependency,True,success,False,False,
pm_stb,pm_stb-n20k4-s85,85,20,4,16,signatures,True,success,False,False,
pm_stb,pm_stb-n20k4-s697,697,20,4,16,linear_dependency,False,success,False,False,
pm_stb,pm_stb-n20k4-s697,697,20,4,16,signatures,False,success,False,False,
pm_stb,pm_stb-n20k4-s201,201,20,4,16,linear_dependency,False,success,False,False,
pm_stb,pm_stb-n20k4-s201,201,20,4,16,signatures,False,success,False,False,
pm_stb,pm_stb-n20k4-s94,94,20,4,16,linear_dependency,True,success,False,False,
pm_stb,pm_stb-n20k4-s94,94,20,4,16,signatures,True,success,False,False,
pm_stb,pm_stb-n20k8-s89,89,20,8,12,linear_dependency,False,success,False,False,
pm_stb,pm_stb-n20k8-s89,89,20,8,12,signatures,False,success,False,False,
pm_stb,pm_stb-n20k8-s773,773,20,8,12,linear_dependency,False,success,False,False,
pm_stb,pm_stb-n20k8-s773,773,20,8,12,signatures,False,success,False,False,
pm_stb,pm_stb-n20k8-s654,654,20,8,12,linear_dependency,True,success,False,False,
pm_stb,pm_stb-n20k8-s654,654,20,8,12,signatures,True,success,False,False,
pm_stb,pm_stb-n20k8-s438,438,20,8,12,linear_dependency,True,success,False,False,
pm_stb,pm_stb-n20k8-s438,438,20,8,12,signatures,True,success,False,False,
pm_stb,pm_stb-n20k8-s433,433,20,8,12,linear_dependency,True,success,False,False,
pm_stb,pm_stb-n20k8-s433,433,20,8,12,signatures,True,success,False,False,
pm_stb,pm_stb-n20k8-s858,858,20,8,12,linear_dependency,True,success,False,False,
pm_stb,pm_stb-n20k8-s858,858,20,8,12,signatures,True,success,False,False,
pm_stb,pm_stb-n20k8-s85,85,20,8,12,linear_dependency,True,success,False,False,
pm_stb,pm_stb-n20k8-s85,85,20,8,12,signatures,True,success,False,False,
pm_stb,pm_stb-n20k8-s697,697,20,8,12,linear_dependency,True,success,False,False,
pm_stb,pm_stb-n20k8-s697,697,20,8,12,signatures,True,success,False,False,
pm_stb,pm_stb-n20k8-s201,201,20,8,12,linear_dependency,True,success,False,False,
pm_stb,pm_stb-n20k8-s201,201,20,8,12,signatures,True,success,False,False,
pm_stb,pm_stb-n20k8-s94,94,20,8,12,linear_dependency,False,success,False,False,
pm_stb,pm_stb-n20k8-s94,94,20,8,12,signatures,False,success,False,False,
pm_stb,pm_stb-n20k12-s89,89,20,12,8,linear_dependency,False,success,False,False,
pm_stb,pm_stb-n20k12-s89,89,20,12,8,signatures,False,success,False,False,
pm_stb,pm_stb-n20k12-s773,773,20,12,8,linear_dependency,False,success,False,False,
pm_stb,pm_stb-n20k12-s773,773,20,12,8,signatures,False,success,False,False,
pm_stb,pm_stb-n20k12-s654,654,20,12,8,linear_dependency,True,success,False,False,
pm_stb,pm_stb-n20k12-s654,654,20,12,8,signatures,True,success,False,False,
pm_stb,pm_stb-n20k12-s438,438,20,12,8,linear_dependency,False,success,False,False,
pm_stb,pm_stb-n20k12-s438,438,20,12,8,signatures,False,success,False,False,
pm_stb,pm_stb-n20k12-s433,433,20,12,8,linear_dependency,False,success,False,False,
pm_stb,pm_stb-n20k12-s433,433,20,12,8,signatures,False,success,False,False,
pm_stb,pm_stb-n20k12-s858,858,20,12,8,linear_dependency,False,success,False,False,
pm_stb,pm_stb-n20k12-s858,858,20,12,8,signatures,False,success,False,False,
pm_stb,pm_stb-n20k12-s85,85,20,12,8,linear_dependency,False,success,False,False,
pm_stb,pm_stb-n20k12-s85,85,20,12,8,signatures,False,success,False,False,
pm_stb,pm_stb-n20k12-s697,697,20,12,8,linear_dependency,False,success,False,False,
pm_stb,pm_stb-n20k12-s697,697,20,12,8,signatures,False,success,False,False,
pm_stb,pm_stb-n20k12-s201,201,20,12,8,linear_dependency,False,success,False,False,
pm_stb,pm_stb-n20k12-s201,201,20,12,8,signatures,False,success,False,False,
pm_stb,pm_stb-n20k12-s94,94,20,12,8,linear_dependency,False,success,False,False,
pm_stb,pm_stb-n20k12-s94,94,20,12,8,signatures,False,success,False,False,
pm_stb,pm_stb-n20k16-s89,89,20,16,4,linear_dependency,True,success,False,False,
pm_stb,pm_stb-n20k16-s89,89,20,16,4,signatures,True,success,False,False,
pm_stb,pm_stb-n20k16-s773,773,20,16,4,linear_dependency,True,success,False,False,
pm_stb,pm_stb-n20k16-s773,773,20,16,4,signatures,True,success,False,False,
pm_stb,pm_stb-n20k16-s654,654,20,16,4,linear_dependency,True,success,False,False,
pm_stb,pm_stb-n20k16-s654,654,20,16,4,signatures,True,success,False,False,
pm_stb,pm_stb-n20k16-s438,438,20,16,4,linear_dependency,False,success,False,False,
pm_stb,pm_stb-n20k16-s438,438,20,16,4,signatures,False,success,False,False,
pm_stb,pm_stb-n20k16-s433,433,20,16,4,linear_dependency,False,success,False,False,
pm_stb,pm_stb-n20k16-s433,433,20,16,4,signatures,False,success,False,False,
pm_stb,pm_stb-n20k16-s858,858,20,16,4,linear_dependency,True,success,False,False,
pm_stb,pm_stb-n20k16-s858,858,20,16,4,signatures,True,success,False,False,
pm_stb,pm_stb-n20k16-s85,85,20,16,4,linear_dependency,False,success,False,False,
pm_stb,pm_stb-n20k16-s85,85,20,16,4,signatures,False,success,False,False,
pm_stb,pm_stb-n20k16-s697,697,20,16,4,linear_dependency,True,success,False,False,
pm_stb,pm_stb-n20k16-s697,697,20,16,4,signatures,True,success,False,False,
pm_stb,pm_stb-n20k16-s201,201,20,16,4,linear_dependency,True,success,False,False,
pm_stb,pm_stb-n20k16-s201,201,20,16,4,signatures,True,success,False,False,
pm_stb,pm_stb-n20k16-s94,94,20,16,4,linear_dependency,True,success,False,False,
pm_stb,pm_stb-n20k16-s94,94,20,16,4,signatures,True,success,False,False,
pm_stb,pm_stb-n21k0-s89,89,21,0,21,linear_dependency,True,success,False,False,
pm_stb,pm_stb-n21k0-s89,89,21,0,21,signatures,True,success,False,False,
pm_stb,pm_stb-n21k0-s773,773,21,0,21,linear_dependency,False,success,False,False,
pm_stb,pm_stb-n21k0-s773,773,21,0,21,signatures,True,success,False,False,
pm_stb,pm_stb-n21k0-s654,654,21,0,21,linear_dependency,True,success,False,False,
pm_stb,pm_stb-n21k0-s654,654,21,0,21,signatures,True,success,False,False,
pm_stb,pm_stb-n21k0-s438,438,21,0,21,linear_dependency,False,success,False,False,
pm_stb,pm_stb-n21k0-s438,438,21,0,21,signatures,False,success,False,False,
pm_stb,pm_stb-n21k0-s433,433,21,0,21,linear_dependency,False,success,False,False,
pm_stb,pm_stb-n21k0-s433,433,21,0,21,signatures,False,success,False,False,
pm_stb,pm_stb-n21k0-s858,858,21,0,21,linear_dependency,True,success,False,False,
pm_stb,pm_stb-n21k0-s858,858,21,0,21,signatures,True,success,False,False,
pm_stb,pm_stb-n21k0-s85,85,21,0,21,linear_dependency,True,success,False,False,
pm_stb,pm_stb-n21k0-s85,85,21,0,21,signatures,True,success,False,False,
pm_stb,pm_stb-n21k0-s697,697,21,0,21,linear_dependency,False,success,False,False,
pm_stb,pm_stb-n21k0-s697,697,21,0,21,signatures,False,success,False,False,
pm_stb,pm_stb-n21k0-s201,201,21,0,21,linear_dependency,True,success,False,False,
pm_stb,pm_stb-n21k0-s201,201,21,0,21,signatures,True,success,False,False,
pm_stb,pm_stb-n21k0-s94,94,21,0,21,linear_dependency,True,success,False,False,
pm_stb,pm_stb-n21k0-s94,94,21,0,21,signatures,True,success,False,False,
pm_stb,pm_stb-n21k4-s89,89,21,4,17,linear_dependency,False,success,False,False,
pm_stb,pm_stb-n21k4-s89,89,21,4,17,signatures,False,success,False,False,
pm_stb,pm_stb-n21k4-s773,773,21,4,17,linear_dependency,False,success,False,False,
pm_stb,pm_stb-n21k4-s773,773,21,4,17,signatures,False,success,False,False,
pm_stb,pm_stb-n21k4-s654,654,21,4,17,linear_dependency,False,success,False,False,
pm_stb,pm_stb-n21k4-s654,654,21,4,17,signatures,False,success,False,False,
pm_stb,pm_stb-n21k4-s438,438,21,4,17,linear_dependency,True,success,False,False,
pm_stb,pm_stb-n21k4-s438,438,21,4,17,signatures,True,success,False,False,
pm_stb,pm_stb-n21k4-s433,433,21,4,17,linear_dependency,False,success,False,False,
pm_stb,pm_stb-n21k4-s433,433,21,4,17,signatures,True,success,False,False,
pm_stb,pm_stb-n21k4-s858,858,21,4,17,linear_dependency,False,success,False,False,
pm_stb,pm_stb-n21k4-s858,858,21,4,17,signatures,True,success,False,False,
pm_stb,pm_stb-n21k4-s85,85,21,4,17,linear_dependency,True,success,False,False,
pm_stb,pm_stb-n21k4-s85,85,21,4,17,signatures,True,success,False,False,
pm_stb,pm_stb-n21k4-s697,697,21,4,17,linear_dependency,False,success,False,False,
pm_stb,pm_stb-n21k4-s697,697,21,4,17,signatures,False,success,False,False,
pm_stb,pm_stb-n21k4-s201,201,21,4,17,linear_dependency,False,success,False,False,
pm_stb,pm_stb-n21k4-s201,201,21,4,17,signatures,False,success,False,False,
pm_stb,pm_stb-n21k4-s94,94,21,4,17,linear_dependency,False,success,False,False,
pm_stb,pm_stb-n21k4-s94,94,21,4,17,signatures,False,success,False,False,
pm_stb,pm_stb-n21k8-s89,89,21,8,13,linear_dependency,False,success,False,False,
pm_stb,pm_stb-n21k8-s89,89,21,8,13,signatures,False,success,False,False,
pm_stb,pm_stb-n21k8-s773,773,21,8,13,linear_dependency,True,success,False,False,
pm_stb,pm_stb-n21k8-s773,773,21,8,13,signatures,True,success,False,False,
pm_stb,pm_stb-n21k8-s654,654,21,8,13,linear_dependency,True,success,False,False,
pm_stb,pm_stb-n21k8-s654,654,21,8,13,signatures,True,success,False,False,
pm_stb,pm_stb-n21k8-s438,438,21,8,13,linear_dependency,True,success,False,False,
pm_stb,pm_stb-n21k8-s438,438,21,8,13,signatures,True,success,False,False,
pm_stb,pm_stb-n21k8-s433,433,21,8,13,linear_dependency,False,success,False,False,
pm_stb,pm_stb-n21k8-s433,433,21,8,13,signatures,False,success,False,False,
pm_stb,pm_stb-n21k8-s858,858,21,8,13,linear_dependency,False,success,False,False,
pm_stb,pm_stb-n21k8-s858,858,21,8,13,signatures,False,success,False,False,
pm_stb,pm_stb-n21k8-s85,85,21,8,13,linear_dependency,False,success,False,False,
pm_stb,pm_stb-n21k8-s85,85,21,8,13,signatures,False,success,False,False,
pm_stb,pm_stb-n21k8-s697,697,21,8,13,linear_dependency,False,success,False,False,
pm_stb,pm_stb-n21k8-s697,697,21,8,13,signatures,False,success,False,False,
pm_stb,pm_stb-n21k8-s201,201,21,8,13,linear_dependency,False,success,False,False,
pm_stb,pm_stb-n21k8-s201,201,21,8,13,signatures,False,success,False,False,
pm_stb,pm_stb-n21k8-s94,94,21,8,13,linear_dependency,True,success,False,False,
pm_stb,pm_stb-n21k8-s94,94,21,8,13,signatures,True,success,False,False,
pm_stb,pm_stb-n21k12-s89,89,21,12,9,linear_dependency,False,success,False,False,
pm_stb,pm_stb-n21k12-s89,89,21,12,9,signatures,False,success,False,False,
pm_stb,pm_stb-n21k12-s773,773,21,12,9,linear_dependency,False,success,False,False,
pm_stb,pm_stb-n21k12-s773,773,21,12,9,signatures,False,success,False,False,
pm_stb,pm_stb-n21k12-s654,654,21,12,9,linear_dependency,False,success,False,False,
pm_stb,pm_stb-n21k12-s654,654,21,12,9,signatures,False,success,False,False,
pm_stb,pm_stb-n21k12-s438,438,21,12,9,linear_dependency,True,success,False,False,
pm_stb,pm_stb-n21k12-s438,438,21,12,9,signatures,True,success,False,False,
pm_stb,pm_stb-n21k12-s433,433,21,12,9,linear_dependency,False,success,False,False,
pm_stb,pm_stb-n21k12-s433,433,21,12,9,signatures,False,success,False,False,
pm_stb,pm_stb-n21k12-s858,858,21,12,9,linear_dependency,False,success,False,False,
pm_stb,pm_stb-n21k12-s858,858,21,12,9,signatures,False,success,False,False,
pm_stb,pm_stb-n21k12-s85,85,21,12,9,linear_dependency,True,success,False,False,
pm_stb,pm_stb-n21k12-s85,85,21,12,9,signatures,True,success,False,False,
pm_stb,pm_stb-n21k12-s697,697,21,12,9,linear_dependency,False,success,False,False,
pm_stb,pm_stb-n21k12-s697,697,21,12,9,signatures,False,success,False,False,
pm_stb,pm_stb-n21k12-s201,201,21,12,9,linear_dependency,False,success,False,False,
pm_stb,pm_stb-n21k12-s201,201,21,12,9,signatures,False,success,False,False,
pm_stb,pm_stb-n21k12-s94,94,21,12,9,linear_dependency,True,success,False,False,
pm_stb,pm_stb-n21k12-s94,94,21,12,9,signatures,True,success,False,False,
pm_stb,pm_stb-n21k16-s89,89,21,16,5,linear_dependency,True,success,False,False,
pm_stb,pm_stb-n21k16-s89,89,21,16,5,signatures,True,success,False,False,
pm_stb,pm_stb-n21k16-s773,773,21,16,5,linear_dependency,True,success,False,False,
pm_stb,pm_stb-n21k16-s773,773,21,16,5,signatures,True,success,False,False,
pm_stb,pm_stb-n21k16-s654,654,21,16,5,linear_dependency,False,success,False,False,
pm_stb,pm_stb-n21k16-s654,654,21,16,5,signatures,False,success,False,False,
pm_stb,pm_stb-n21k16-s438,438,21,16,5,linear_dependency,False,success,False,False,
pm_stb,pm_stb-n21k16-s438,438,21,16,5,signatures,False,success,False,False,
pm_stb,pm_stb-n21k16-s433,433,21,16,5,linear_dependency,True,success,False,False,
pm_stb,pm_stb-n21k16-s433,433,21,16,5,signatures,True,success,False,False,
pm_stb,pm_stb-n21k16-s858,858,21,16,5,linear_dependency,True,success,False,False,
pm_stb,pm_stb-n21k16-s858,858,21,16,5,signatures,True,success,False,False,
pm_stb,pm_stb-n21k16-s85,85,21,16,5,linear_dependency,False,success,False,False,
pm_stb,pm_stb-n21k16-s85,85,21,16,5,signatures,False,success,False,False,
pm_stb,pm_stb-n21k16-s697,697,21,16,5,linear_dependency,True,success,False,False,
pm_stb,pm_stb-n21k16-s697,697,21,16,5,signatures,True,success,False,False,
pm_stb,pm_stb-n21k16-s201,201,21,16,5,linear_dependency,False,success,False,False,
pm_stb,pm_stb-n21k16-s201,201,21,16,5,signatures,False,success,False,False,
pm_stb,pm_stb-n21k16-s94,94,21,16,5,linear_dependency,True,success,False,False,
pm_stb,pm_stb-n21k16-s94,94,21,16,5,signatures,True,success,False,False,
pm_stb,pm_stb-n21k20-s89,89,21,20,1,linear_dependency,False,success,False,False,
pm_stb,pm_stb-n21k20-s89,89,21,20,1,signatures,False,success,False,False,
pm_stb,pm_stb-n21k20-s773,773,21,20,1,linear_dependency,True,success,False,False,
pm_stb,pm_stb-n21k20-s773,773,21,20,1,signatures,True,success,False,False,
pm_stb,pm_stb-n21k20-s654,654,21,20,1,linear_dependency,False,success,False,False,
pm_stb,pm_stb-n21k20-s654,654,21,20,1,signatures,False,success,False,False,
pm_stb,pm_stb-n21k20-s438,438,21,20,1,linear_dependency,False,success,False,False,
pm_stb,pm_stb-n21k20-s438,438,21,20,1,signatures,False,success,False,False,
pm_stb,pm_stb-n21k20-s433,433,21,20,1,linear_dependency,True,success,False,False,
pm_stb,pm_stb-n21k20-s433,433,21,20,1,signatures,True,success,False,False,
pm_stb,pm_stb-n21k20-s858,858,21,20,1,linear_dependency,True,success,False,False,
pm_stb,pm_stb-n21k20-s858,858,21,20,1,signatures,True,success,False,False,
pm_stb,pm_stb-n21k20-s85,85,21,20,1,linear_dependency,False,success,False,False,
pm_stb,pm_stb-n21k20-s85,85,21,20,1,signatures,False,success,False,False,
pm_stb,pm_stb-n21k20-s697,697,21,20,1,linear_dependency,False,success,False,False,
pm_stb,pm_stb-n21k20-s697,697,21,20,1,signatures,False,success,False,False,
pm_stb,pm_stb-n21k20-s201,201,21,20,1,linear_dependency,False,success,False,False,
pm_stb,pm_stb-n21k20-s201,201,21,20,1,signatures,False,success,False,False,
pm_stb,pm_stb-n21k20-s94,94,21,20,1,linear_dependency,True,success,False,False,
pm_stb,pm_stb-n21k20-s94,94,21,20,1,signatures,True,success,False,False,
pm_stb,pm_stb-n22k0-s89,89,22,0,22,linear_dependency,False,success,False,False,
pm_stb,pm_stb-n22k0-s89,89,22,0,22,signatures,False,success,False,False,
pm_stb,pm_stb-n22k0-s773,773,22,0,22,linear_dependency,False,success,False,False,
pm_stb,pm_stb-n22k0-s773,773,22,0,22,signatures,False,success,False,False,
pm_stb,pm_stb-n22k0-s654,654,22,0,22,linear_dependency,True,success,False,False,
pm_stb,pm_stb-n22k0-s654,654,22,0,22,signatures,True,success,False,False,
pm_stb,pm_stb-n22k0-s438,438,22,0,22,linear_dependency,False,success,False,False,
pm_stb,pm_stb-n22k0-s438,438,22,0,22,signatures,False,success,False,False,
pm_stb,pm_stb-n22k0-s433,433,22,0,22,linear_dependency,True,success,False,False,
pm_stb,pm_stb-n22k0-s433,433,22,0,22,signatures,True,success,False,False,
pm_stb,pm_stb-n22k0-s858,858,22,0,22,linear_dependency,False,success,False,False,
pm_stb,pm_stb-n22k0-s858,858,22,0,22,signatures,True,success,False,False,
pm_stb,pm_stb-n22k0-s85,85,22,0,22,linear_dependency,False,success,False,False,
pm_stb,pm_stb-n22k0-s85,85,22,0,22,signatures,False,success,False,False,
pm_stb,pm_stb-n22k0-s697,697,22,0,22,linear_dependency,True,success,False,False,
pm_stb,pm_stb-n22k0-s697,697,22,0,22,signatures,True,success,False,False,
pm_stb,pm_stb-n22k0-s201,201,22,0,22,linear_dependency,False,success,False,False,
pm_stb,pm_stb-n22k0-s201,201,22,0,22,signatures,False,success,False,False,
pm_stb,pm_stb-n22k0-s94,94,22,0,22,linear_dependency,False,success,False,False,
pm_stb,pm_stb-n22k0-s94,94,22,0,22,signatures,True,success,False,False,
pm_stb,pm_stb-n22k4-s89,89,22,4,18,linear_dependency,False,success,False,False,
pm_stb,pm_stb-n22k4-s89,89,22,4,18,signatures,True,success,False,False,
pm_stb,pm_stb-n22k4-s773,773,22,4,18,linear_dependency,False,success,False,False,
pm_stb,pm_stb-n22k4-s773,773,22,4,18,signatures,True,success,False,False,
pm_stb,pm_stb-n22k4-s654,654,22,4,18,linear_dependency,True,success,False,False,
pm_stb,pm_stb-n22k4-s654,654,22,4,18,signatures,True,success,False,False,
pm_stb,pm_stb-n22k4-s438,438,22,4,18,linear_dependency,False,success,False,False,
pm_stb,pm_stb-n22k4-s438,438,22,4,18,signatures,False,success,False,False,
pm_stb,pm_stb-n22k4-s433,433,22,4,18,linear_dependency,True,success,False,False,
pm_stb,pm_stb-n22k4-s433,433,22,4,18,signatures,True,success,False,False,
pm_stb,pm_stb-n22k4-s858,858,22,4,18,linear_dependency,False,success,False,False,
pm_stb,pm_stb-n22k4-s858,858,22,4,18,signatures,False,success,False,False,
pm_stb,pm_stb-n22k4-s85,85,22,4,18,linear_dependency,False,success,False,False,
pm_stb,pm_stb-n22k4-s85,85,22,4,18,signatures,False,success,False,False,
pm_stb,pm_stb-n22k4-s697,697,22,4,18,linear_dependency,False,success,False,False,
pm_stb,pm_stb-n22k4-s697,697,22,4,18,signatures,True,success,False,False,
pm_stb,pm_stb-n22k4-s201,201,22,4,18,linear_dependency,False,success,False,False,
pm_stb,pm_stb-n22k4-s201,201,22,4,18,signatures,True,success,False,False,
pm_stb,pm_stb-n22k4-s94,94,22,4,18,linear_dependency,False,success,False,False,
pm_stb,pm_stb-n22k4-s94,94,22,4,18,signatures,True,success,False,False,
pm_stb,pm_stb-n22k8-s89,89,22,8,14,linear_dependency,True,success,False,False,
pm_stb,pm_stb-n22k8-s89,89,22,8,14,signatures,True,success,False,False,
pm_stb,pm_stb-n22k8-s773,773,22,8,14,linear_dependency,False,success,False,False,
pm_stb,pm_stb-n22k8-s773,773,22,8,14,signatures,False,success,False,False,
pm_stb,pm_stb-n22k8-s654,654,22,8,14,linear_dependency,False,success,False,False,
pm_stb,pm_stb-n22k8-s654,654,22,8,14,signatures,False,success,False,False,
pm_stb,pm_stb-n22k8-s438,438,22,8,14,linear_dependency,True,success,False,False,
pm_stb,pm_stb-n22k8-s438,438,22,8,14,signatures,True,success,False,False,
pm_stb,pm_stb-n22k8-s433,433,22,8,14,linear_dependency,False,success,False,False,
pm_stb,pm_stb-n22k8-s433,433,22,8,14,signatures,False,success,False,False,
pm_stb,pm_stb-n22k8-s858,858,22,8,14,linear_dependency,True,success,False,False,
pm_stb,pm_stb-n22k8-s858,858,22,8,14,signatures,True,success,False,False,
pm_stb,pm_stb-n22k8-s85,85,22,8,14,linear_dependency,False,success,False,False,
pm_stb,pm_stb-n22k8-s85,85,22,8,14,signatures,False,success,False,False,
pm_stb,pm_stb-n22k8-s697,697,22,8,14,linear_dependency,False,success,False,False,
pm_stb,pm_stb-n22k8-s697,697,22,8,14,signatures,False,success,False,False,
pm_stb,pm_stb-n22k8-s201,201,22,8,14,linear_dependency,False,success,False,False,
pm_stb,pm_stb-n22k8-s201,201,22,8,14,signatures,False,success,False,False,
pm_stb,pm_stb-n22k8-s94,94,22,8,14,linear_dependency,True,success,False,False,
pm_stb,pm_stb-n22k8-s94,94,22,8,14,signatures,True,success,False,False,
pm_stb,pm_stb-n22k12-s89,89,22,12,10,linear_dependency,False,success,False,False,
pm_stb,pm_stb-n22k12-s89,89,22,12,10,signatures,False,success,False,False,
pm_stb,pm_stb-n22k12-s773,773,22,12,10,linear_dependency,True,success,False,False,
pm_stb,pm_stb-n22k12-s773,773,22,12,10,signatures,True,success,False,False,
pm_stb,pm_stb-n22k12-s654,654,22,12,10,linear_dependency,False,success,False,False,
pm_stb,pm_stb-n22k12-s654,654,22,12,10,signatures,False,success,False,False,
pm_stb,pm_stb-n22k12-s438,438,22,12,10,linear_dependency,False,success,False,False,
pm_stb,pm_stb-n22k12-s438,438,22,12,10,signatures,False,success,False,False,
pm_stb,pm_stb-n22k12-s433,433,22,12,10,linear_dependency,True,success,False,False,
pm_stb,pm_stb-n22k12-s433,433,22,12,10,signatures,True,success,False,False,
pm_stb,pm_stb-n22k12-s858,858,22,12,10,linear_dependency,False,success,False,False,
pm_stb,pm_stb-n22k12-s858,858,22,12,10,signatures,False,success,False,False,
pm_stb,pm_stb-n22k12-s85,85,22,12,10,linear_dependency,False,success,False,False,
pm_stb,pm_stb-n22k12-s85,85,22,12,10,signatures,False,success,False,False,
pm_stb,pm_stb-n22k12-s697,697,22,12,10,linear_dependency,True,success,False,False,
pm_stb,pm_stb-n22k12-s697,697,22,12,10,signatures,True,success,False,False,
pm_stb,pm_stb-n22k12-s201,201,22,12,10,linear_dependency,False,success,False,False,
pm_stb,pm_stb-n22k12-s201,201,22,12,10,signatures,False,success,False,False,
pm_stb,pm_stb-n22k12-s94,94,22,12,10,linear_dependency,False,success,False,False,
pm_stb,pm_stb-n22k12-s94,94,22,12,10,signatures,False,success,False,False,
pm_stb,pm_stb-n22k16-s89,89,22,16,6,linear_dependency,False,success,False,False,
pm_stb,pm_stb-n22k16-s89,89,22,16,6,signatures,False,success,False,False,
pm_stb,pm_stb-n22k16-s773,773,22,16,6,linear_dependency,False,success,False,False,
pm_stb,pm_stb-n22k16-s773,773,22,16,6,signatures,False,success,False,False,
pm_stb,pm_stb-n22k16-s654,654,22,16,6,linear_dependency,True,success,False,False,
pm_stb,pm_stb-n22k16-s654,654,22,16,6,signatures,True,success,False,False,
pm_stb,pm_stb-n22k16-s438,438,22,16,6,linear_dependency,False,success,False,False,
pm_stb,pm_stb-n22k16-s438,438,22,16,6,signatures,False,success,False,False,
pm_stb,pm_stb-n22k16-s433,433,22,16,6,linear_dependency,True,success,False,False,
pm_stb,pm_stb-n22k16-s433,433,22,16,6,signatures,True,success,False,False,
pm_stb,pm_stb-n22k16-s858,858,22,16,6,linear_dependency,False,success,False,False,
pm_stb,pm_stb-n22k16-s858,858,22,16,6,signatures,False,success,False,False,
pm_stb,pm_stb-n22k16-s85,85,22,16,6,linear_dependency,False,success,False,False,
pm_stb,pm_stb-n22k16-s85,85,22,16,6,signatures,False,success,False,False,
pm_stb,pm_stb-n22k16-s697,697,22,16,6,linear_dependency,True,success,False,False,
pm_stb,pm_stb-n22k16-s697,697,22,16,6,signatures,True,success,False,False,
pm_stb,pm_stb-n22k16-s201,201,22,16,6,linear_dependency,False,success,False,False,
pm_stb,pm_stb-n22k16-s201,201,22,16,6,signatures,False,success,False,False,
pm_stb,pm_stb-n22k16-s94,94,22,16,6,linear_dependency,False,success,False,False,
pm_stb,pm_stb-n22k16-s94,94,22,16,6,signatures,False,success,False,False,
pm_stb,pm_stb-n22k20-s89,89,22,20,2,linear_dependency,True,success,False,False,
pm_stb,pm_stb-n22k20-s89,89,22,20,2,signatures,True,success,False,False,
pm_stb,pm_stb-n22k20-s773,773,22,20,2,linear_dependency,False,success,False,False,
pm_stb,pm_stb-n22k20-s773,773,22,20,2,signatures,False,success,False,False,
pm_stb,pm_stb-n22k20-s654,654,22,20,2,linear_dependency,True,success,False,False,
pm_stb,pm_stb-n22k20-s654,654,22,20,2,signatures,True,success,False,False,
pm_stb,pm_stb-n22k20-s438,438,22,20,2,linear_dependency,False,success,False,False,
pm_stb,pm_stb-n22k20-s438,438,22,20,2,signatures,False,success,False,False,
pm_stb,pm_stb-n22k20-s433,433,22,20,2,linear_dependency,False,success,False,False,
pm_stb,pm_stb-n22k20-s433,433,22,20,2,signatures,False,success,False,False,
pm_stb,pm_stb-n22k20-s858,858,22,20,2,linear_dependency,False,success,False,False,
pm_stb,pm_stb-n22k20-s858,858,22,20,2,signatures,False,success,False,False,
pm_stb,pm_stb-n22k20-s85,85,22,20,2,linear_dependency,False,success,False,False,
pm_stb,pm_stb-n22k20-s85,85,22,20,2,signatures,False,success,False,False,
pm_stb,pm_stb-n22k20-s697,697,22,20,2,linear_dependency,True,success,False,False,
pm_stb,pm_stb-n22k20-s697,697,22,20,2,signatures,True,success,False,False,
pm_stb,pm_stb-n22k20-s201,201,22,20,2,linear_dependency,False,success,False,False,
pm_stb,pm_stb-n22k20-s201,201,22,20,2,signatures,False,success,False,False,
pm_stb,pm_stb-n22k20-s94,94,22,20,2,linear_dependency,False,success,False,False,
pm_stb,pm_stb-n22k20-s94,94,22,20,2,signatures,False,success,False,False,
pm_stb,pm_stb-n23k0-s89,89,23,0,23,linear_dependency,False,success,False,False,
pm_stb,pm_stb-n23k0-s89,89,23,0,23,signatures,False,success,False,False,
pm_stb,pm_stb-n23k0-s773,773,23,0,23,linear_dependency,False,success,False,False,
pm_stb,pm_stb-n23k0-s773,773,23,0,23,signatures,True,success,False,False,
pm_stb,pm_stb-n23k0-s654,654,23,0,23,linear_dependency,False,success,False,False,
pm_stb,pm_stb-n23k0-s654,654,23,0,23,signatures,False,success,False,False,
pm_stb,pm_stb-n23k0-s438,438,23,0,23,linear_dependency,False,success,False,False,
pm_stb,pm_stb-n23k0-s438,438,23,0,23,signatures,False,success,False,False,
pm_stb,pm_stb-n23k0-s433,433,23,0,23,linear_dependency,True,success,False,False,
pm_stb,pm_stb-n23k0-s433,433,23,0,23,signatures,True,success,False,False,
pm_stb,pm_stb-n23k0-s858,858,23,0,23,linear_dependency,True,success,False,False,
pm_stb,pm_stb-n23k0-s858,858,23,0,23,signatures,True,success,False,False,
pm_stb,pm_stb-n23k0-s85,85,23,0,23,linear_dependency,False,success,False,False,
pm_stb,pm_stb-n23k0-s85,85,23,0,23,signatures,False,success,False,False,
pm_stb,pm_stb-n23k0-s697,697,23,0,23,linear_dependency,False,success,False,False,
pm_stb,pm_stb-n23k0-s697,697,23,0,23,signatures,False,success,False,False,
pm_stb,pm_stb-n23k0-s201,201,23,0,23,linear_dependency,False,success,False,False,
pm_stb,pm_stb-n23k0-s201,201,23,0,23,signatures,False,success,False,False,
pm_stb,pm_stb-n23k0-s94,94,23,0,23,linear_dependency,False,success,False,False,
pm_stb,pm_stb-n23k0-s94,94,23,0,23,signatures,False,success,False,False,
pm_stb,pm_stb-n23k4-s89,89,23,4,19,linear_dependency,True,success,False,False,
pm_stb,pm_stb-n23k4-s89,89,23,4,19,signatures,True,success,False,False,
pm_stb,pm_stb-n23k4-s773,773,23,4,19,linear_dependency,True,success,False,False,
pm_stb,pm_stb-n23k4-s773,773,23,4,19,signatures,True,success,False,False,
pm_stb,pm_stb-n23k4-s654,654,23,4,19,linear_dependency,True,success,False,False,
pm_stb,pm_stb-n23k4-s654,654,23,4,19,signatures,True,success,False,False,
pm_stb,pm_stb-n23k4-s438,438,23,4,19,linear_dependency,False,success,False,False,
pm_stb,pm_stb-n23k4-s438,438,23,4,19,signatures,False,success,False,False,
pm_stb,pm_stb-n23k4-s433,433,23,4,19,linear_dependency,True,success,False,False,
pm_stb,pm_stb-n23k4-s433,433,23,4,19,signatures,True,success,False,False,
pm_stb,pm_stb-n23k4-s858,858,23,4,19,linear_dependency,False,success,False,False,
pm_stb,pm_stb-n23k4-s858,858,23,4,19,signatures,False,success,False,False,
pm_stb,pm_stb-n23k4-s85,85,23,4,19,linear_dependency,False,success,False,False,
pm_stb,pm_stb-n23k4-s85,85,23,4,19,signatures,False,success,False,False,
pm_stb,pm_stb-n23k4-s697,697,23,4,19,linear_dependency,False,success,False,False,
pm_stb,pm_stb-n23k4-s697,697,23,4,19,signatures,False,success,False,False,
pm_stb,pm_stb-n23k4-s201,201,23,4,19,linear_dependency,False,success,False,False,
pm_stb,pm_stb-n23k4-s201,201,23,4,19,signatures,False,success,False,False,
pm_stb,pm_stb-n23k4-s94,94,23,4,19,linear_dependency,True,success,False,False,
pm_stb,pm_stb-n23k4-s94,94,23,4,19,signatures,True,success,False,False,
pm_stb,pm_stb-n23k8-s89,89,23,8,15,linear_dependency,False,success,False,False,
pm_stb,pm_stb-n23k8-s89,89,23,8,15,signatures,False,success,False,False,
pm_stb,pm_stb-n23k8-s773,773,23,8,15,linear_dependency,False,success,False,False,
pm_stb,pm_stb-n23k8-s773,773,23,8,15,signatures,False,success,False,False,
pm_stb,pm_stb-n23k8-s654,654,23,8,15,linear_dependency,False,success,False,False,
pm_stb,pm_stb-n23k8-s654,654,23,8,15,signatures,False,success,False,False,
pm_stb,pm_stb-n23k8-s438,438,23,8,15,linear_dependency,False,success,False,False,
pm_stb,pm_stb-n23k8-s438,438,23,8,15,signatures,False,success,False,False,
pm_stb,pm_stb-n23k8-s433,433,23,8,15,linear_dependency,True,success,False,False,
pm_stb,pm_stb-n23k8-s433,433,23,8,15,signatures,True,success,False,False,
pm_stb,pm_stb-n23k8-s858,858,23,8,15,linear_dependency,False,success,False,False,
pm_stb,pm_stb-n23k8-s858,858,23,8,15,signatures,False,success,False,False,
pm_stb,pm_stb-n23k8-s85,85,23,8,15,linear_dependency,True,success,False,False,
pm_stb,pm_stb-n23k8-s85,85,23,8,15,signatures,True,success,False,False,
pm_stb,pm_stb-n23k8-s697,697,23,8,15,linear_dependency,True,success,False,False,
pm_stb,pm_stb-n23k8-s697,697,23,8,15,signatures,True,success,False,False,
pm_stb,pm_stb-n23k8-s201,201,23,8,15,linear_dependency,False,success,False,False,
pm_stb,pm_stb-n23k8-s201,201,23,8,15,signatures,False,success,False,False,
pm_stb,pm_stb-n23k8-s94,94,23,8,15,linear_dependency,False,success,False,False,
pm_stb,pm_stb-n23k8-s94,94,23,8,15,signatures,False,success,False,False,
pm_stb,pm_stb-n23k12-s89,89,23,12,11,linear_dependency,False,success,False,False,
pm_stb,pm_stb-n23k12-s89,89,23,12,11,signatures,False,success,False,False,
pm_stb,pm_stb-n23k12-s773,773,23,12,11,linear_dependency,True,success,False,False,
pm_stb,pm_stb-n23k12-s773,773,23,12,11,signatures,True,success,False,False,
pm_stb,pm_stb-n23k12-s654,654,23,12,11,linear_dependency,False,success,False,False,
pm_stb,pm_stb-n23k12-s654,654,23,12,11,signatures,False,success,False,False,
pm_stb,pm_stb-n23k12-s438,438,23,12,11,linear_dependency,False,success,False,False,
pm_stb,pm_stb-n23k12-s438,438,23,12,11,signatures,False,success,False,False,
pm_stb,pm_stb-n23k12-s433,433,23,12,11,linear_dependency,False,success,False,False,
pm_stb,pm_stb-n23k12-s433,433,23,12,11,signatures,False,success,False,False,
pm_stb,pm_stb-n23k12-s858,858,23,12,11,linear_dependency,False,success,False,False,
pm_stb,pm_stb-n23k12-s858,858,23,12,11,signatures,False,success,False,False,
pm_stb,pm_stb-n23k12-s85,85,23,12,11,linear_dependency,True,success,False,False,
pm_stb,pm_stb-n23k12-s85,85,23,12,11,signatures,True,success,False,False,
pm_stb,pm_stb-n23k12-s697,697,23,12,11,linear_dependency,False,success,False,False,
pm_stb,pm_stb-n23k12-s697,697,23,12,11,signatures,False,success,False,False,
pm_stb,pm_stb-n23k12-s201,201,23,12,11,linear_dependency,False,success,False,False,
pm_stb,pm_stb-n23k12-s201,201,23,12,11,signatures,False,success,False,False,
pm_stb,pm_stb-n23k12-s94,94,23,12,11,linear_dependency,True,success,False,False,
pm_stb,pm_stb-n23k12-s94,94,23,12,11,signatures,True,success,False,False,
pm_stb,pm_stb-n23k16-s89,89,23,16,7,linear_dependency,False,success,False,False,
pm_stb,pm_stb-n23k16-s89,89,23,16,7,signatures,False,success,False,False,
pm_stb,pm_stb-n23k16-s773,773,23,16,7,linear_dependency,False,success,False,False,
pm_stb,pm_stb-n23k16-s773,773,23,16,7,signatures,False,success,False,False,
pm_stb,pm_stb-n23k16-s654,654,23,16,7,linear_dependency,False,success,False,False,
pm_stb,pm_stb-n23k16-s654,654,23,16,7,signatures,False,success,False,False,
pm_stb,pm_stb-n23k16-s438,438,23,16,7,linear_dependency,True,success,False,False,
pm_stb,pm_stb-n23k16-s438,438,23,16,7,signatures,True,success,False,False,
pm_stb,pm_stb-n23k16-s433,433,23,16,7,linear_dependency,False,success,False,False,
pm_stb,pm_stb-n23k16-s433,433,23,16,7,signatures,False,success,False,False,
pm_stb,pm_stb-n23k16-s858,858,23,16,7,linear_dependency,False,success,False,False,
pm_stb,pm_stb-n23k16-s858,858,23,16,7,signatures,False,success,False,False,
pm_stb,pm_stb-n23k16-s85,85,23,16,7,linear_dependency,True,success,False,False,
pm_stb,pm_stb-n23k16-s85,85,23,16,7,signatures,True,success,False,False,
pm_stb,pm_stb-n23k16-s697,697,23,16,7,linear_dependency,True,success,False,False,
pm_stb,pm_stb-n23k16-s697,697,23,16,7,signatures,True,success,False,False,
pm_stb,pm_stb-n23k16-s201,201,23,16,7,linear_dependency,False,success,False,False,
pm_stb,pm_stb-n23k16-s201,201,23,16,7,signatures,False,success,False,False,
pm_stb,pm_stb-n23k16-s94,94,23,16,7,linear_dependency,False,success,False,False,
pm_stb,pm_stb-n23k16-s94,94,23,16,7,signatures,False,success,False,False,
pm_stb,pm_stb-n23k20-s89,89,23,20,3,linear_dependency,True,success,False,False,
pm_stb,pm_stb-n23k20-s89,89,23,20,3,signatures,True,success,False,False,
pm_stb,pm_stb-n23k20-s773,773,23,20,3,linear_dependency,True,success,False,False,
pm_stb,pm_stb-n23k20-s773,773,23,20,3,signatures,True,success,False,False,
pm_stb,pm_stb-n23k20-s654,654,23,20,3,linear_dependency,False,success,False,False,
pm_stb,pm_stb-n23k20-s654,654,23,20,3,signatures,False,success,False,False,
pm_stb,pm_stb-n23k20-s438,438,23,20,3,linear_dependency,False,success,False,False,
pm_stb,pm_stb-n23k20-s438,438,23,20,3,signatures,False,success,False,False,
pm_stb,pm_stb-n23k20-s433,433,23,20,3,linear_dependency,False,success,False,False,
pm_stb,pm_stb-n23k20-s433,433,23,20,3,signatures,False,success,False,False,
pm_stb,pm_stb-n23k20-s858,858,23,20,3,linear_dependency,True,success,False,False,
pm_stb,pm_stb-n23k20-s858,858,23,20,3,signatures,True,success,False,False,
pm_stb,pm_stb-n23k20-s85,85,23,20,3,linear_dependency,False,success,False,False,
pm_stb,pm_stb-n23k20-s85,85,23,20,3,signatures,False,success,False,False,
pm_stb,pm_stb-n23k20-s697,697,23,20,3,linear_dependency,True,success,False,False,
pm_stb,pm_stb-n23k20-s697,697,23,20,3,signatures,True,success,False,False,
pm_stb,pm_stb-n23k20-s201,201,23,20,3,linear_dependency,False,success,False,False,
pm_stb,pm_stb-n23k20-s201,201,23,20,3,signatures,False,success,False,False,
pm_stb,pm_stb-n23k20-s94,94,23,20,3,linear_dependency,True,success,False,False,
pm_stb,pm_stb-n23k20-s94,94,23,20,3,signatures,True,success,False,False,
pm_stb,pm_stb-n24k0-s89,89,24,0,24,linear_dependency,False,success,False,False,
pm_stb,pm_stb-n24k0-s89,89,24,0,24,signatures,False,success,False,False,
pm_stb,pm_stb-n24k0-s773,773,24,0,24,linear_dependency,True,success,False,False,
pm_stb,pm_stb-n24k0-s773,773,24,0,24,signatures,True,success,False,False,
pm_stb,pm_stb-n24k0-s654,654,24,0,24,linear_dependency,False,success,False,False,
pm_stb,pm_stb-n24k0-s654,654,24,0,24,signatures,False,success,False,False,
pm_stb,pm_stb-n24k0-s438,438,24,0,24,linear_dependency,False,success,False,False,
pm_stb,pm_stb-n24k0-s438,438,24,0,24,signatures,False,success,False,False,
pm_stb,pm_stb-n24k0-s433,433,24,0,24,linear_dependency,True,success,False,False,
pm_stb,pm_stb-n24k0-s433,433,24,0,24,signatures,True,success,False,False,
pm_stb,pm_stb-n24k0-s858,858,24,0,24,linear_dependency,False,success,False,False,
pm_stb,pm_stb-n24k0-s858,858,24,0,24,signatures,False,success,False,False,
pm_stb,pm_stb-n24k0-s85,85,24,0,24,linear_dependency,True,success,False,False,
pm_stb,pm_stb-n24k0-s85,85,24,0,24,signatures,True,success,False,False,
pm_stb,pm_stb-n24k0-s697,697,24,0,24,linear_dependency,True,success,False,False,
pm_stb,pm_stb-n24k0-s697,697,24,0,24,signatures,True,success,False,False,
pm_stb,pm_stb-n24k0-s201,201,24,0,24,linear_dependency,False,success,False,False,
pm_stb,pm_stb-n24k0-s201,201,24,0,24,signatures,False,success,False,False,
pm_stb,pm_stb-n24k0-s94,94,24,0,24,linear_dependency,False,success,False,False,
pm_stb,pm_stb-n24k0-s94,94,24,0,24,signatures,True,success,False,False,
pm_stb,pm_stb-n24k4-s89,89,24,4,20,linear_dependency,True,success,False,False,
pm_stb,pm_stb-n24k4-s89,89,24,4,20,signatures,True,success,False,False,
pm_stb,pm_stb-n24k4-s773,773,24,4,20,linear_dependency,False,success,False,False,
pm_stb,pm_stb-n24k4-s773,773,24,4,20,signatures,False,success,False,False,
pm_stb,pm_stb-n24k4-s654,654,24,4,20,linear_dependency,True,success,False,False,
pm_stb,pm_stb-n24k4-s654,654,24,4,20,signatures,True,success,False,False,
pm_stb,pm_stb-n24k4-s438,438,24,4,20,linear_dependency,False,success,False,False,
pm_stb,pm_stb-n24k4-s438,438,24,4,20,signatures,True,success,False,False,
pm_stb,pm_stb-n24k4-s433,433,24,4,20,linear_dependency,False,success,False,False,
pm_stb,pm_stb-n24k4-s433,433,24,4,20,signatures,False,success,False,False,
pm_stb,pm_stb-n24k4-s858,858,24,4,20,linear_dependency,False,success,False,False,
pm_stb,pm_stb-n24k4-s858,858,24,4,20,signatures,False,success,False,False,
pm_stb,pm_stb-n24k4-s85,85,24,4,20,linear_dependency,False,success,False,False,
pm_stb,pm_stb-n24k4-s85,85,24,4,20,signatures,False,success,False,False,
pm_stb,pm_stb-n24k4-s697,697,24,4,20,linear_dependency,True,success,False,False,
pm_stb,pm_stb-n24k4-s697,697,24,4,20,signatures,True,success,False,False,
pm_stb,pm_stb-n24k4-s201,201,24,4,20,linear_dependency,False,success,False,False,
pm_stb,pm_stb-n24k4-s201,201,24,4,20,signatures,True,success,False,False,
pm_stb,pm_stb-n24k4-s94,94,24,4,20,linear_dependency,False,success,False,False,
pm_stb,pm_stb-n24k4-s94,94,24,4,20,signatures,True,success,False,False,
pm_stb,pm_stb-n24k8-s89,89,24,8,16,linear_dependency,True,success,False,False,
pm_stb,pm_stb-n24k8-s89,89,24,8,16,signatures,True,success,False,False,
pm_stb,pm_stb-n24k8-s773,773,24,8,16,linear_dependency,True,success,False,False,
pm_stb,pm_stb-n24k8-s773,773,24,8,16,signatures,True,success,False,False,
pm_stb,pm_stb-n24k8-s654,654,24,8,16,linear_dependency,True,success,False,False,
pm_stb,pm_stb-n24k8-s654,654,24,8,16,signatures,True,success,False,False,
pm_stb,pm_stb-n24k8-s438,438,24,8,16,linear_dependency,False,success,False,False,
pm_stb,pm_stb-n24k8-s438,438,24,8,16,signatures,False,success,False,False,
pm_stb,pm_stb-n24k8-s433,433,24,8,16,linear_dependency,False,success,False,False,
pm_stb,pm_stb-n24k8-s433,433,24,8,16,signatures,False,success,False,False,
pm_stb,pm_stb-n24k8-s858,858,24,8,16,linear_dependency,False,success,False,False,
pm_stb,pm_stb-n24k8-s858,858,24,8,16,signatures,False,success,False,False,
pm_stb,pm_stb-n24k8-s85,85,24,8,16,linear_dependency,True,success,False,False,
pm_stb,pm_stb-n24k8-s85,85,24,8,16,signatures,True,success,False,False,
pm_stb,pm_stb-n24k8-s697,697,24,8,16,linear_dependency,False,success,False,False,
pm_stb,pm_stb-n24k8-s697,697,24,8,16,signatures,False,success,False,False,
pm_stb,pm_stb-n24k8-s201,201,24,8,16,linear_dependency,True,success,False,False,
pm_stb,pm_stb-n24k8-s201,201,24,8,16,signatures,True,success,False,False,
pm_stb,pm_stb-n24k8-s94,94,24,8,16,linear_dependency,False,success,False,False,
pm_stb,pm_stb-n24k8-s94,94,24,8,16,signatures,False,success,False,False,
pm_stb,pm_stb-n24k12-s89,89,24,12,12,linear_dependency,True,success,False,False,
pm_stb,pm_stb-n24k12-s89,89,24,12,12,signatures,True,success,False,False,
pm_stb,pm_stb-n24k12-s773,773,24,12,12,linear_dependency,True,success,False,False,
pm_stb,pm_stb-n24k12-s773,773,24,12,12,signatures,True,success,False,False,
pm_stb,pm_stb-n24k12-s654,654,24,12,12,linear_dependency,False,success,False,False,
pm_stb,pm_stb-n24k12-s654,654,24,12,12,signatures,False,success,False,False,
pm_stb,pm_stb-n24k12-s438,438,24,12,12,linear_dependency,True,success,False,False,
pm_stb,pm_stb-n24k12-s438,438,24,12,12,signatures,True,success,False,False,
pm_stb,pm_stb-n24k12-s433,433,24,12,12,linear_dependency,True,success,False,False,
pm_stb,pm_stb-n24k12-s433,433,24,12,12,signatures,True,success,False,False,
pm_stb,pm_stb-n24k12-s858,858,24,12,12,linear_dependency,True,success,False,False,
pm_stb,pm_stb-n24k12-s858,858,24,12,12,signatures,True,success,False,False,
pm_stb,pm_stb-n24k12-s85,85,24,12,12,linear_dependency,True,success,False,False,
pm_stb,pm_stb-n24k12-s85,85,24,12,12,signatures,True,success,False,False,
pm_stb,pm_stb-n24k12-s697,697,24,12,12,linear_dependency,False,success,False,False,
pm_stb,pm_stb-n24k12-s697,697,24,12,12,signatures,False,success,False,False,
pm_stb,pm_stb-n24k12-s201,201,24,12,12,linear_dependency,True,success,False,False,
pm_stb,pm_stb-n24k12-s201,201,24,12,12,signatures,True,success,False,False,
pm_stb,pm_stb-n24k12-s94,94,24,12,12,linear_dependency,False,success,False,False,
pm_stb,pm_stb-n24k12-s94,94,24,12,12,signatures,True,success,False,False,
pm_stb,pm_stb-n24k16-s89,89,24,16,8,linear_dependency,False,success,False,False,
pm_stb,pm_stb-n24k16-s89,89,24,16,8,signatures,False,success,False,False,
pm_stb,pm_stb-n24k16-s773,773,24,16,8,linear_dependency,False,success,False,False,
pm_stb,pm_stb-n24k16-s773,773,24,16,8,signatures,False,success,False,False,
pm_stb,pm_stb-n24k16-s654,654,24,16,8,linear_dependency,True,success,False,False,
pm_stb,pm_stb-n24k16-s654,654,24,16,8,signatures,True,success,False,False,
pm_stb,pm_stb-n24k16-s438,438,24,16,8,linear_dependency,False,success,False,False,
pm_stb,pm_stb-n24k16-s438,438,24,16,8,signatures,False,success,False,False,
pm_stb,pm_stb-n24k16-s433,433,24,16,8,linear_dependency,False,success,False,False,
pm_stb,pm_stb-n24k16-s433,433,24,16,8,signatures,False,success,False,False,
pm_stb,pm_stb-n24k16-s858,858,24,16,8,linear_dependency,True,success,False,False,
pm_stb,pm_stb-n24k16-s858,858,24,16,8,signatures,True,success,False,False,
pm_stb,pm_stb-n24k16-s85,85,24,16,8,linear_dependency,False,success,False,False,
pm_stb,pm_stb-n24k16-s85,85,24,16,8,signatures,False,success,False,False,
pm_stb,pm_stb-n24k16-s697,697,24,16,8,linear_dependency,True,success,False,False,
pm_stb,pm_stb-n24k16-s697,697,24,16,8,signatures,True,success,False,False,
pm_stb,pm_stb-n24k16-s201,201,24,16,8,linear_dependency,False,success,False,False,
pm_stb,pm_stb-n24k16-s201,201,24,16,8,signatures,False,success,False,False,
pm_stb,pm_stb-n24k16-s94,94,24,16,8,linear_dependency,False,success,False,False,
pm_stb,pm_stb-n24k16-s94,94,24,16,8,signatures,False,success,False,False,
pm_stb,pm_stb-n24k20-s89,89,24,20,4,linear_dependency,False,success,False,False,
pm_stb,pm_stb-n24k20-s89,89,24,20,4,signatures,False,success,False,False,
pm_stb,pm_stb-n24k20-s773,773,24,20,4,linear_dependency,True,success,False,False,
pm_stb,pm_stb-n24k20-s773,773,24,20,4,signatures,True,success,False,False,
pm_stb,pm_stb-n24k20-s654,654,24,20,4,linear_dependency,True,success,False,False,
pm_stb,pm_stb-n24k20-s654,654,24,20,4,signatures,True,success,False,False,
pm_stb,pm_stb-n24k20-s438,438,24,20,4,linear_dependency,True,success,False,False,
pm_stb,pm_stb-n24k20-s438,438,24,20,4,signatures,True,success,False,False,
pm_stb,pm_stb-n24k20-s433,433,24,20,4,linear_dependency,False,success,False,False,
pm_stb,pm_stb-n24k20-s433,433,24,20,4,signatures,False,success,False,False,
pm_stb,pm_stb-n24k20-s858,858,24,20,4,linear_dependency,True,success,False,False,
pm_stb,pm_stb-n24k20-s858,858,24,20,4,signatures,True,success,False,False,
pm_stb,pm_stb-n24k20-s85,85,24,20,4,linear_dependency,True,success,False,False,
pm_stb,pm_stb-n24k20-s85,85,24,20,4,signatures,True,success,False,False,
pm_stb,pm_stb-n24k20-s697,697,24,20,4,linear_dependency,True,success,False,False,
pm_stb,pm_stb-n24k20-s697,697,24,20,4,signatures,True,success,False,False,
pm_stb,pm_stb-n24k20-s201,201,24,20,4,linear_dependency,True,success,False,False,
pm_stb,pm_stb-n24k20-s201,201,24,20,4,signatures,True,success,False,False,
pm_stb,pm_stb-n24k20-s94,94,24,20,4,linear_dependency,True,success,False,False,
pm_stb,pm_stb-n24k20-s94,94,24,20,4,signatures,True,success,False,False,
pm_stb,pm_stb-n25k0-s89,89,25,0,25,linear_dependency,False,success,False,False,
pm_stb,pm_stb-n25k0-s89,89,25,0,25,signatures,False,success,False,False,
pm_stb,pm_stb-n25k0-s773,773,25,0,25,linear_dependency,False,success,False,False,
pm_stb,pm_stb-n25k0-s773,773,25,0,25,signatures,False,success,False,False,
pm_stb,pm_stb-n25k0-s654,654,25,0,25,linear_dependency,False,success,False,False,
pm_stb,pm_stb-n25k0-s654,654,25,0,25,signatures,False,success,False,False,
pm_stb,pm_stb-n25k0-s438,438,25,0,25,linear_dependency,False,success,False,False,
pm_stb,pm_stb-n25k0-s438,438,25,0,25,signatures,False,success,False,False,
pm_stb,pm_stb-n25k0-s433,433,25,0,25,linear_dependency,False,success,False,False,
pm_stb,pm_stb-n25k0-s433,433,25,0,25,signatures,False,success,False,False,
pm_stb,pm_stb-n25k0-s858,858,25,0,25,linear_dependency,False,success,False,False,
pm_stb,pm_stb-n25k0-s858,858,25,0,25,signatures,False,success,False,False,
pm_stb,pm_stb-n25k0-s85,85,25,0,25,linear_dependency,True,success,False,False,
pm_stb,pm_stb-n25k0-s85,85,25,0,25,signatures,True,success,False,False,
pm_stb,pm_stb-n25k0-s697,697,25,0,25,linear_dependency,False,success,False,False,
pm_stb,pm_stb-n25k0-s697,697,25,0,25,signatures,False,success,False,False,
pm_stb,pm_stb-n25k0-s201,201,25,0,25,linear_dependency,False,success,False,False,
pm_stb,pm_stb-n25k0-s201,201,25,0,25,signatures,False,success,False,False,
pm_stb,pm_stb-n25k0-s94,94,25,0,25,linear_dependency,True,success,False,False,
pm_stb,pm_stb-n25k0-s94,94,25,0,25,signatures,True,success,False,False,
pm_stb,pm_stb-n25k4-s89,89,25,4,21,linear_dependency,True,success,False,False,
pm_stb,pm_stb-n25k4-s89,89,25,4,21,signatures,True,success,False,False,
pm_stb,pm_stb-n25k4-s773,773,25,4,21,linear_dependency,False,success,False,False,
pm_stb,pm_stb-n25k4-s773,773,25,4,21,signatures,False,success,False,False,
pm_stb,pm_stb-n25k4-s654,654,25,4,21,linear_dependency,True,success,False,False,
pm_stb,pm_stb-n25k4-s654,654,25,4,21,signatures,True,success,False,False,
pm_stb,pm_stb-n25k4-s438,438,25,4,21,linear_dependency,False,success,False,False,
pm_stb,pm_stb-n25k4-s438,438,25,4,21,signatures,False,success,False,False,
pm_stb,pm_stb-n25k4-s433,433,25,4,21,linear_dependency,False,success,False,False,
pm_stb,pm_stb-n25k4-s433,433,25,4,21,signatures,False,success,False,False,
pm_stb,pm_stb-n25k4-s858,858,25,4,21,linear_dependency,True,success,False,False,
pm_stb,pm_stb-n25k4-s858,858,25,4,21,signatures,True,success,False,False,
pm_stb,pm_stb-n25k4-s85,85,25,4,21,linear_dependency,False,success,False,False,
pm_stb,pm_stb-n25k4-s85,85,25,4,21,signatures,False,success,False,False,
pm_stb,pm_stb-n25k4-s697,697,25,4,21,linear_dependency,False,success,False,False,
pm_stb,pm_stb-n25k4-s697,697,25,4,21,signatures,False,success,False,False,
pm_stb,pm_stb-n25k4-s201,201,25,4,21,linear_dependency,False,success,False,False,
pm_stb,pm_stb-n25k4-s201,201,25,4,21,signatures,False,success,False,False,
pm_stb,pm_stb-n25k4-s94,94,25,4,21,linear_dependency,True,success,False,False,
pm_stb,pm_stb-n25k4-s94,94,25,4,21,signatures,True,success,False,False,
pm_stb,pm_stb-n25k8-s89,89,25,8,17,linear_dependency,False,success,False,False,
pm_stb,pm_stb-n25k8-s89,89,25,8,17,signatures,False,success,False,False,
pm_stb,pm_stb-n25k8-s773,773,25,8,17,linear_dependency,True,success,False,False,
pm_stb,pm_stb-n25k8-s773,773,25,8,17,signatures,True,success,False,False,
pm_stb,pm_stb-n25k8-s654,654,25,8,17,linear_dependency,True,success,False,False,
pm_stb,pm_stb-n25k8-s654,654,25,8,17,signatures,True,success,False,False,
pm_stb,pm_stb-n25k8-s438,438,25,8,17,linear_dependency,True,success,False,False,
pm_stb,pm_stb-n25k8-s438,438,25,8,17,signatures,True,success,False,False,
pm_stb,pm_stb-n25k8-s433,433,25,8,17,linear_dependency,False,success,False,False,
pm_stb,pm_stb-n25k8-s433,433,25,8,17,signatures,False,success,False,False,
pm_stb,pm_stb-n25k8-s858,858,25,8,17,linear_dependency,True,success,False,False,
pm_stb,pm_stb-n25k8-s858,858,25,8,17,signatures,True,success,False,False,
pm_stb,pm_stb-n25k8-s85,85,25,8,17,linear_dependency,True,success,False,False,
pm_stb,pm_stb-n25k8-s85,85,25,8,17,signatures,True,success,False,False,
pm_stb,pm_stb-n25k8-s697,697,25,8,17,linear_dependency,True,success,False,False,
pm_stb,pm_stb-n25k8-s697,697,25,8,17,signatures,True,success,False,False,
pm_stb,pm_stb-n25k8-s201,201,25,8,17,linear_dependency,False,success,False,False,
pm_stb,pm_stb-n25k8-s201,201,25,8,17,signatures,False,success,False,False,
pm_stb,pm_stb-n25k8-s94,94,25,8,17,linear_dependency,True,success,False,False,
pm_stb,pm_stb-n25k8-s94,94,25,8,17,signatures,True,success,False,False,
pm_stb,pm_stb-n25k12-s89,89,25,12,13,linear_dependency,False,success,False,False,
pm_stb,pm_stb-n25k12-s89,89,25,12,13,signatures,False,success,False,False,
pm_stb,pm_stb-n25k12-s773,773,25,12,13,linear_dependency,True,success,False,False,
pm_stb,pm_stb-n25k12-s773,773,25,12,13,signatures,True,success,False,False,
pm_stb,pm_stb-n25k12-s654,654,25,12,13,linear_dependency,False,success,False,False,
pm_stb,pm_stb-n25k12-s654,654,25,12,13,signatures,False,success,False,False,
pm_stb,pm_stb-n25k12-s438,438,25,12,13,linear_dependency,False,success,False,False,
pm_stb,pm_stb-n25k12-s438,438,25,12,13,signatures,False,success,False,False,
pm_stb,pm_stb-n25k12-s433,433,25,12,13,linear_dependency,False,success,False,False,
pm_stb,pm_stb-n25k12-s433,433,25,12,13,signatures,False,success,False,False,
pm_stb,pm_stb-n25k12-s858,858,25,12,13,linear_dependency,False,success,False,False,
pm_stb,pm_stb-n25k12-s858,858,25,12,13,signatures,False,success,False,False,
pm_stb,pm_stb-n25k12-s85,85,25,12,13,linear_dependency,False,success,False,False,
pm_stb,pm_stb-n25k12-s85,85,25,12,13,signatures,False,success,False,False,
pm_stb,pm_stb-n25k12-s697,697,25,12,13,linear_dependency,False,success,False,False,
pm_stb,pm_stb-n25k12-s697,697,25,12,13,signatures,False,success,False,False,
pm_stb,pm_stb-n25k12-s201,201,25,12,13,linear_dependency,True,success,False,False,
pm_stb,pm_stb-n25k12-s201,201,25,12,13,signatures,True,success,False,False,
pm_stb,pm_stb-n25k12-s94,94,25,12,13,linear_dependency,True,success,False,False,
pm_stb,pm_stb-n25k12-s94,94,25,12,13,signatures,True,success,False,False,
pm_stb,pm_stb-n25k16-s89,89,25,16,9,linear_dependency,True,success,False,False,
pm_stb,pm_stb-n25k16-s89,89,25,16,9,signatures,True,success,False,False,
pm_stb,pm_stb-n25k16-s773,773,25,16,9,linear_dependency,False,success,False,False,
pm_stb,pm_stb-n25k16-s773,773,25,16,9,signatures,False,success,False,False,
pm_stb,pm_stb-n25k16-s654,654,25,16,9,linear_dependency,False,success,False,False,
pm_stb,pm_stb-n25k16-s654,654,25,16,9,signatures,False,success,False,False,
pm_stb,pm_stb-n25k16-s438,438,25,16,9,linear_dependency,False,success,False,False,
pm_stb,pm_stb-n25k16-s438,438,25,16,9,signatures,False,success,False,False,
pm_stb,pm_stb-n25k16-s433,433,25,16,9,linear_dependency,True,success,False,False,
pm_stb,pm_stb-n25k16-s433,433,25,16,9,signatures,True,success,False,False,
pm_stb,pm_stb-n25k16-s858,858,25,16,9,linear_dependency,True,success,False,False,
pm_stb,pm_stb-n25k16-s858,858,25,16,9,signatures,True,success,False,False,
pm_stb,pm_stb-n25k16-s85,85,25,16,9,linear_dependency,True,success,False,False,
pm_stb,pm_stb-n25k16-s85,85,25,16,9,signatures,True,success,False,False,
pm_stb,pm_stb-n25k16-s697,697,25,16,9,linear_dependency,False,success,False,False,
pm_stb,pm_stb-n25k16-s697,697,25,16,9,signatures,False,success,False,False,
pm_stb,pm_stb-n25k16-s201,201,25,16,9,linear_dependency,False,success,False,False,
pm_stb,pm_stb-n25k16-s201,201,25,16,9,signatures,False,success,False,False,
pm_stb,pm_stb-n25k16-s94,94,25,16,9,linear_dependency,False,success,False,False,
pm_stb,pm_stb-n25k16-s94,94,25,16,9,signatures,False,success,False,False,
pm_stb,pm_stb-n25k20-s89,89,25,20,5,linear_dependency,False,success,False,False,
pm_stb,pm_stb-n25k20-s89,89,25,20,5,signatures,False,success,False,False,
pm_stb,pm_stb-n25k20-s773,773,25,20,5,linear_dependency,False,success,False,False,
pm_stb,pm_stb-n25k20-s773,773,25,20,5,signatures,False,success,False,False,
pm_stb,pm_stb-n25k20-s654,654,25,20,5,linear_dependency,False,success,False,False,
pm_stb,pm_stb-n25k20-s654,654,25,20,5,signatures,False,success,False,False,
pm_stb,pm_stb-n25k20-s438,438,25,20,5,linear_dependency,True,success,False,False,
pm_stb,pm_stb-n25k20-s438,438,25,20,5,signatures,True,success,False,False,
pm_stb,pm_stb-n25k20-s433,433,25,20,5,linear_dependency,False,success,False,False,
pm_stb,pm_stb-n25k20-s433,433,25,20,5,signatures,False,success,False,False,
pm_stb,pm_stb-n25k20-s858,858,25,20,5,linear_dependency,True,success,False,False,
pm_stb,pm_stb-n25k20-s858,858,25,20,5,signatures,True,success,False,False,
pm_stb,pm_stb-n25k20-s85,85,25,20,5,linear_dependency,False,success,False,False,
pm_stb,pm_stb-n25k20-s85,85,25,20,5,signatures,False,success,False,False,
pm_stb,pm_stb-n25k20-s697,697,25,20,5,linear_dependency,True,success,False,False,
pm_stb,pm_stb-n25k20-s697,697,25,20,5,signatures,True,success,False,False,
pm_stb,pm_stb-n25k20-s201,201,25,20,5,linear_dependency,False,success,False,False,
pm_stb,pm_stb-n25k20-s201,201,25,20,5,signatures,False,success,False,False,
pm_stb,pm_stb-n25k20-s94,94,25,20,5,linear_dependency,True,success,False,False,
pm_stb,pm_stb-n25k20-s94,94,25,20,5,signatures,True,success,False,False,
pm_stb,pm_stb-n25k24-s89,89,25,24,1,linear_dependency,True,success,False,False,
pm_stb,pm_stb-n25k24-s89,89,25,24,1,signatures,True,success,False,False,
pm_stb,pm_stb-n25k24-s773,773,25,24,1,linear_dependency,True,success,False,False,
pm_stb,pm_stb-n25k24-s773,773,25,24,1,signatures,True,success,False,False,
pm_stb,pm_stb-n25k24-s654,654,25,24,1,linear_dependency,False,success,False,False,
pm_stb,pm_stb-n25k24-s654,654,25,24,1,signatures,False,success,False,False,
pm_stb,pm_stb-n25k24-s438,438,25,24,1,linear_dependency,False,success,False,False,
pm_stb,pm_stb-n25k24-s438,438,25,24,1,signatures,False,success,False,False,
pm_stb,pm_stb-n25k24-s433,433,25,24,1,linear_dependency,False,success,False,False,
pm_stb,pm_stb-n25k24-s433,433,25,24,1,signatures,False,success,False,False,
pm_stb,pm_stb-n25k24-s858,858,25,24,1,linear_dependency,False,success,False,False,
pm_stb,pm_stb-n25k24-s858,858,25,24,1,signatures,False,success,False,False,
pm_stb,pm_stb-n25k24-s85,85,25,24,1,linear_dependency,False,success,False,False,
pm_stb,pm_stb-n25k24-s85,85,25,24,1,signatures,False,success,False,False,
pm_stb,pm_stb-n25k24-s697,697,25,24,1,linear_dependency,False,success,False,False,
pm_stb,pm_stb-n25k24-s697,697,25,24,1,signatures,False,success,False,False,
pm_stb,pm_stb-n25k24-s201,201,25,24,1,linear_dependency,False,success,False,False,
pm_stb,pm_stb-n25k24-s201,201,25,24,1,signatures,False,success,False,False,
pm_stb,pm_stb-n25k24-s94,94,25,24,1,linear_dependency,False,success,False,False,
pm_stb,pm_stb-n25k24-s94,94,25,24,1,signatures,False,success,False,False,
pm_stb,pm_stb-n26k0-s89,89,26,0,26,linear_dependency,False,success,False,False,
pm_stb,pm_stb-n26k0-s89,89,26,0,26,signatures,False,success,False,False,
pm_stb,pm_stb-n26k0-s773,773,26,0,26,linear_dependency,True,success,False,False,
pm_stb,pm_stb-n26k0-s773,773,26,0,26,signatures,True,success,False,False,
pm_stb,pm_stb-n26k0-s654,654,26,0,26,linear_dependency,False,success,False,False,
pm_stb,pm_stb-n26k0-s654,654,26,0,26,signatures,False,success,False,False,
pm_stb,pm_stb-n26k0-s438,438,26,0,26,linear_dependency,True,success,False,False,
pm_stb,pm_stb-n26k0-s438,438,26,0,26,signatures,True,success,False,False,
pm_stb,pm_stb-n26k0-s433,433,26,0,26,linear_dependency,True,success,False,False,
pm_stb,pm_stb-n26k0-s433,433,26,0,26,signatures,True,success,False,False,
pm_stb,pm_stb-n26k0-s858,858,26,0,26,linear_dependency,False,success,False,False,
pm_stb,pm_stb-n26k0-s858,858,26,0,26,signatures,False,success,False,False,
pm_stb,pm_stb-n26k0-s85,85,26,0,26,linear_dependency,False,success,False,False,
pm_stb,pm_stb-n26k0-s85,85,26,0,26,signatures,False,success,False,False,
pm_stb,pm_stb-n26k0-s697,697,26,0,26,linear_dependency,False,success,False,False,
pm_stb,pm_stb-n26k0-s697,697,26,0,26,signatures,False,success,False,False,
pm_stb,pm_stb-n26k0-s201,201,26,0,26,linear_dependency,False,success,False,False,
pm_stb,pm_stb-n26k0-s201,201,26,0,26,signatures,False,success,False,False,
pm_stb,pm_stb-n26k0-s94,94,26,0,26,linear_dependency,True,success,False,False,
pm_stb,pm_stb-n26k0-s94,94,26,0,26,signatures,True,success,False,False,
pm_stb,pm_stb-n26k4-s89,89,26,4,22,linear_dependency,False,success,False,False,
pm_stb,pm_stb-n26k4-s89,89,26,4,22,signatures,False,success,False,False,
pm_stb,pm_stb-n26k4-s773,773,26,4,22,linear_dependency,False,success,False,False,
pm_stb,pm_stb-n26k4-s773,773,26,4,22,signatures,False,success,False,False,
pm_stb,pm_stb-n26k4-s654,654,26,4,22,linear_dependency,True,success,False,False,
pm_stb,pm_stb-n26k4-s654,654,26,4,22,signatures,True,success,False,False,
pm_stb,pm_stb-n26k4-s438,438,26,4,22,linear_dependency,True,success,False,False,
pm_stb,pm_stb-n26k4-s438,438,26,4,22,signatures,True,success,False,False,
pm_stb,pm_stb-n26k4-s433,433,26,4,22,linear_dependency,True,success,False,False,
pm_stb,pm_stb-n26k4-s433,433,26,4,22,signatures,True,success,False,False,
pm_stb,pm_stb-n26k4-s858,858,26,4,22,linear_dependency,False,success,False,False,
pm_stb,pm_stb-n26k4-s858,858,26,4,22,signatures,False,success,False,False,
pm_stb,pm_stb-n26k4-s85,85,26,4,22,linear_dependency,False,success,False,False,
pm_stb,pm_stb-n26k4-s85,85,26,4,22,signatures,False,success,False,False,
pm_stb,pm_stb-n26k4-s697,697,26,4,22,linear_dependency,True,success,False,False,
pm_stb,pm_stb-n26k4-s697,697,26,4,22,signatures,True,success,False,False,
pm_stb,pm_stb-n26k4-s201,201,26,4,22,linear_dependency,False,success,False,False,
pm_stb,pm_stb-n26k4-s201,201,26,4,22,signatures,False,success,False,False,
pm_stb,pm_stb-n26k4-s94,94,26,4,22,linear_dependency,False,success,False,False,
pm_stb,pm_stb-n26k4-s94,94,26,4,22,signatures,False,success,False,False,
pm_stb,pm_stb-n26k8-s89,89,26,8,18,linear_dependency,True,success,False,False,
pm_stb,pm_stb-n26k8-s89,89,26,8,18,signatures,True,success,False,False,
pm_stb,pm_stb-n26k8-s773,773,26,8,18,linear_dependency,False,success,False,False,
pm_stb,pm_stb-n26k8-s773,773,26,8,18,signatures,False,success,False,False,
pm_stb,pm_stb-n26k8-s654,654,26,8,18,linear_dependency,False,success,False,False,
pm_stb,pm_stb-n26k8-s654,654,26,8,18,signatures,False,success,False,False,
pm_stb,pm_stb-n26k8-s438,438,26,8,18,linear_dependency,False,success,False,False,
pm_stb,pm_stb-n26k8-s438,438,26,8,18,signatures,False,success,False,False,
pm_stb,pm_stb-n26k8-s433,433,26,8,18,linear_dependency,True,success,False,False,
pm_stb,pm_stb-n26k8-s433,433,26,8,18,signatures,True,success,False,False,
pm_stb,pm_stb-n26k8-s858,858,26,8,18,linear_dependency,False,success,False,False,
pm_stb,pm_stb-n26k8-s858,858,26,8,18,signatures,False,success,False,False,
pm_stb,pm_stb-n26k8-s85,85,26,8,18,linear_dependency,False,success,False,False,
pm_stb,pm_stb-n26k8-s85,85,26,8,18,signatures,False,success,False,False,
pm_stb,pm_stb-n26k8-s697,697,26,8,18,linear_dependency,True,success,False,False,
pm_stb,pm_stb-n26k8-s697,697,26,8,18,signatures,True,success,False,False,
pm_stb,pm_stb-n26k8-s201,201,26,8,18,linear_dependency,True,success,False,False,
pm_stb,pm_stb-n26k8-s201,201,26,8,18,signatures,True,success,False,False,
pm_stb,pm_stb-n26k8-s94,94,26,8,18,linear_dependency,True,success,False,False,
pm_stb,pm_stb-n26k8-s94,94,26,8,18,signatures,True,success,False,False,
pm_stb,pm_stb-n26k12-s89,89,26,12,14,linear_dependency,True,success,False,False,
pm_stb,pm_stb-n26k12-s89,89,26,12,14,signatures,True,success,False,False,
pm_stb,pm_stb-n26k12-s773,773,26,12,14,linear_dependency,False,success,False,False,
pm_stb,pm_stb-n26k12-s773,773,26,12,14,signatures,False,success,False,False,
pm_stb,pm_stb-n26k12-s654,654,26,12,14,linear_dependency,True,success,False,False,
pm_stb,pm_stb-n26k12-s654,654,26,12,14,signatures,True,success,False,False,
pm_stb,pm_stb-n26k12-s438,438,26,12,14,linear_dependency,False,success,False,False,
pm_stb,pm_stb-n26k12-s438,438,26,12,14,signatures,False,success,False,False,
pm_stb,pm_stb-n26k12-s433,433,26,12,14,linear_dependency,True,success,False,False,
pm_stb,pm_stb-n26k12-s433,433,26,12,14,signatures,True,success,False,False,
pm_stb,pm_stb-n26k12-s858,858,26,12,14,linear_dependency,True,success,False,False,
pm_stb,pm_stb-n26k12-s858,858,26,12,14,signatures,True,success,False,False,
pm_stb,pm_stb-n26k12-s85,85,26,12,14,linear_dependency,False,success,False,False,
pm_stb,pm_stb-n26k12-s85,85,26,12,14,signatures,False,success,False,False,
pm_stb,pm_stb-n26k12-s697,697,26,12,14,linear_dependency,True,success,False,False,
pm_stb,pm_stb-n26k12-s697,697,26,12,14,signatures,True,success,False,False,
pm_stb,pm_stb-n26k12-s201,201,26,12,14,linear_dependency,True,success,False,False,
pm_stb,pm_stb-n26k12-s201,201,26,12,14,signatures,True,success,False,False,
pm_stb,pm_stb-n26k12-s94,94,26,12,14,linear_dependency,True,success,False,False,
pm_stb,pm_stb-n26k12-s94,94,26,12,14,signatures,True,success,False,False,
pm_stb,pm_stb-n26k16-s89,89,26,16,10,linear_dependency,True,success,False,False,
pm_stb,pm_stb-n26k16-s89,89,26,16,10,signatures,True,success,False,False,
pm_stb,pm_stb-n26k16-s773,773,26,16,10,linear_dependency,True,success,False,False,
pm_stb,pm_stb-n26k16-s773,773,26,16,10,signatures,True,success,False,False,
pm_stb,pm_stb-n26k16-s654,654,26,16,10,linear_dependency,False,success,False,False,
pm_stb,pm_stb-n26k16-s654,654,26,16,10,signatures,False,success,False,False,
pm_stb,pm_stb-n26k16-s438,438,26,16,10,linear_dependency,True,success,False,False,
pm_stb,pm_stb-n26k16-s438,438,26,16,10,signatures,True,success,False,False,
pm_stb,pm_stb-n26k16-s433,433,26,16,10,linear_dependency,True,success,False,False,
pm_stb,pm_stb-n26k16-s433,433,26,16,10,signatures,True,success,False,False,
pm_stb,pm_stb-n26k16-s858,858,26,16,10,linear_dependency,False,success,False,False,
pm_stb,pm_stb-n26k16-s858,858,26,16,10,signatures,False,success,False,False,
pm_stb,pm_stb-n26k16-s85,85,26,16,10,linear_dependency,False,success,False,False,
pm_stb,pm_stb-n26k16-s85,85,26,16,10,signatures,False,success,False,False,
pm_stb,pm_stb-n26k16-s697,697,26,16,10,linear_dependency,True,success,False,False,
pm_stb,pm_stb-n26k16-s697,697,26,16,10,signatures,True,success,False,False,
pm_stb,pm_stb-n26k16-s201,201,26,16,10,linear_dependency,True,success,False,False,
pm_stb,pm_stb-n26k16-s201,201,26,16,10,signatures,True,success,False,False,
pm_stb,pm_stb-n26k16-s94,94,26,16,10,linear_dependency,True,success,False,False,
pm_stb,pm_stb-n26k16-s94,94,26,16,10,signatures,True,success,False,False,
pm_stb,pm_stb-n26k20-s89,89,26,20,6,linear_dependency,True,success,False,False,
pm_stb,pm_stb-n26k20-s89,89,26,20,6,signatures,True,success,False,False,
pm_stb,pm_stb-n26k20-s773,773,26,20,6,linear_dependency,False,success,False,False,
pm_stb,pm_stb-n26k20-s773,773,26,20,6,signatures,False,success,False,False,
pm_stb,pm_stb-n26k20-s654,654,26,20,6,linear_dependency,True,success,False,False,
pm_stb,pm_stb-n26k20-s654,654,26,20,6,signatures,True,success,False,False,
pm_stb,pm_stb-n26k20-s438,438,26,20,6,linear_dependency,False,success,False,False,
pm_stb,pm_stb-n26k20-s438,438,26,20,6,signatures,False,success,False,False,
pm_stb,pm_stb-n26k20-s433,433,26,20,6,linear_dependency,False,success,False,False,
pm_stb,pm_stb-n26k20-s433,433,26,20,6,signatures,False,success,False,False,
pm_stb,pm_stb-n26k20-s858,858,26,20,6,linear_dependency,False,success,False,False,
pm_stb,pm_stb-n26k20-s858,858,26,20,6,signatures,False,success,False,False,
pm_stb,pm_stb-n26k20-s85,85,26,20,6,linear_dependency,False,success,False,False,
pm_stb,pm_stb-n26k20-s85,85,26,20,6,signatures,False,success,False,False,
pm_stb,pm_stb-n26k20-s697,697,26,20,6,linear_dependency,False,success,False,False,
pm_stb,pm_stb-n26k20-s697,697,26,20,6,signatures,False,success,False,False,
pm_stb,pm_stb-n26k20-s201,201,26,20,6,linear_dependency,False,success,False,False,
pm_stb,pm_stb-n26k20-s201,201,26,20,6,signatures,False,success,False,False,
pm_stb,pm_stb-n26k20-s94,94,26,20,6,linear_dependency,False,success,False,False,
pm_stb,pm_stb-n26k20-s94,94,26,20,6,signatures,False,success,False,False,
pm_stb,pm_stb-n26k24-s89,89,26,24,2,linear_dependency,False,success,False,False,
pm_stb,pm_stb-n26k24-s89,89,26,24,2,signatures,False,success,False,False,
pm_stb,pm_stb-n26k24-s773,773,26,24,2,linear_dependency,True,success,False,False,
pm_stb,pm_stb-n26k24-s773,773,26,24,2,signatures,True,success,False,False,
pm_stb,pm_stb-n26k24-s654,654,26,24,2,linear_dependency,True,success,False,False,
pm_stb,pm_stb-n26k24-s654,654,26,24,2,signatures,True,success,False,False,
pm_stb,pm_stb-n26k24-s438,438,26,24,2,linear_dependency,False,success,False,False,
pm_stb,pm_stb-n26k24-s438,438,26,24,2,signatures,False,success,False,False,
pm_stb,pm_stb-n26k24-s433,433,26,24,2,linear_dependency,True,success,False,False,
pm_stb,pm_stb-n26k24-s433,433,26,24,2,signatures,True,success,False,False,
pm_stb,pm_stb-n26k24-s858,858,26,24,2,linear_dependency,True,success,False,False,
pm_stb,pm_stb-n26k24-s858,858,26,24,2,signatures,True,success,False,False,
pm_stb,pm_stb-n26k24-s85,85,26,24,2,linear_dependency,False,success,False,False,
pm_stb,pm_stb-n26k24-s85,85,26,24,2,signatures,False,success,False,False,
pm_stb,pm_stb-n26k24-s697,697,26,24,2,linear_dependency,True,success,False,False,
pm_stb,pm_stb-n26k24-s697,697,26,24,2,signatures,True,success,False,False,
pm_stb,pm_stb-n26k24-s201,201,26,24,2,linear_dependency,True,success,False,False,
pm_stb,pm_stb-n26k24-s201,201,26,24,2,signatures,True,success,False,False,
pm_stb,pm_stb-n26k24-s94,94,26,24,2,linear_dependency,True,success,False,False,
pm_stb,pm_stb-n26k24-s94,94,26,24,2,signatures,True,success,False,False,
pm_stb,pm_stb-n28k0-s89,89,28,0,28,linear_dependency,False,success,False,False,
pm_stb,pm_stb-n28k0-s89,89,28,0,28,signatures,False,success,False,False,
pm_stb,pm_stb-n28k0-s773,773,28,0,28,linear_dependency,True,success,False,False,
pm_stb,pm_stb-n28k0-s773,773,28,0,28,signatures,True,success,False,False,
pm_stb,pm_stb-n28k0-s654,654,28,0,28,linear_dependency,False,success,False,False,
pm_stb,pm_stb-n28k0-s654,654,28,0,28,signatures,False,success,False,False,
pm_stb,pm_stb-n28k0-s438,438,28,0,28,linear_dependency,False,success,False,False,
pm_stb,pm_stb-n28k0-s438,438,28,0,28,signatures,False,success,False,False,
pm_stb,pm_stb-n28k0-s433,433,28,0,28,linear_dependency,False,success,False,False,
pm_stb,pm_stb-n28k0-s433,433,28,0,28,signatures,False,success,False,False,
pm_stb,pm_stb-n28k0-s858,858,28,0,28,linear_dependency,False,success,False,False,
pm_stb,pm_stb-n28k0-s858,858,28,0,28,signatures,False,success,False,False,
pm_stb,pm_stb-n28k0-s85,85,28,0,28,linear_dependency,False,success,False,False,
pm_stb,pm_stb-n28k0-s85,85,28,0,28,signatures,False,success,False,False,
pm_stb,pm_stb-n28k0-s697,697,28,0,28,linear_dependency,False,success,False,False,
pm_stb,pm_stb-n28k0-s697,697,28,0,28,signatures,False,success,False,False,
pm_stb,pm_stb-n28k0-s201,201,28,0,28,linear_dependency,False,success,False,False,
pm_stb,pm_stb-n28k0-s201,201,28,0,28,signatures,False,success,False,False,
pm_stb,pm_stb-n28k0-s94,94,28,0,28,linear_dependency,False,success,False,False,
pm_css,pm_css-n30k0-s89,89,30,0,30,linear_dependency,True,success,False,False,
pm_css,pm_css-n30k0-s89,89,30,0,30,signatures,True,success,False,False,
pm_css,pm_css-n30k0-s773,773,30,0,30,linear_dependency,True,success,False,False,
pm_css,pm_css-n30k0-s773,773,30,0,30,signatures,True,success,False,False,
pm_css,pm_css-n30k0-s654,654,30,0,30,linear_dependency,True,success,False,False,
pm_css,pm_css-n30k0-s654,654,30,0,30,signatures,True,success,False,False,
pm_css,pm_css-n30k0-s438,438,30,0,30,linear_dependency,True,success,False,False,
pm_css,pm_css-n30k0-s438,438,30,0,30,signatures,True,success,False,False,
pm_css,pm_css-n30k0-s433,433,30,0,30,linear_dependency,True,success,False,False,
pm_css,pm_css-n30k0-s433,433,30,0,30,signatures,True,success,False,False,
pm_css,pm_css-n30k0-s858,858,30,0,30,linear_dependency,True,success,False,False,
pm_css,pm_css-n30k0-s858,858,30,0,30,signatures,True,success,False,False,
pm_css,pm_css-n30k0-s85,85,30,0,30,linear_dependency,True,success,False,False,
pm_css,pm_css-n30k0-s85,85,30,0,30,signatures,True,success,False,False,
pm_css,pm_css-n30k0-s697,697,30,0,30,linear_dependency,True,success,False,False,
pm_css,pm_css-n30k0-s697,697,30,0,30,signatures,True,success,False,False,
pm_css,pm_css-n30k0-s201,201,30,0,30,linear_dependency,True,success,False,False,
pm_css,pm_css-n30k0-s201,201,30,0,30,signatures,True,success,False,False,
pm_css,pm_css-n30k0-s94,94,30,0,30,linear_dependency,True,success,False,False,
pm_css,pm_css-n30k0-s94,94,30,0,30,signatures,True,success,False,False,
pm_css,pm_css-n30k4-s89,89,30,4,26,linear_dependency,False,success,False,False,
pm_css,pm_css-n30k4-s89,89,30,4,26,signatures,True,success,False,False,
pm_css,pm_css-n30k4-s773,773,30,4,26,linear_dependency,True,success,False,False,
pm_css,pm_css-n30k4-s773,773,30,4,26,signatures,True,success,False,False,
pm_css,pm_css-n30k4-s654,654,30,4,26,linear_dependency,True,success,False,False,
pm_css,pm_css-n30k4-s654,654,30,4,26,signatures,True,success,False,False,
pm_css,pm_css-n30k4-s438,438,30,4,26,linear_dependency,False,success,False,False,
pm_css,pm_css-n30k4-s438,438,30,4,26,signatures,True,success,False,False,
pm_css,pm_css-n30k4-s433,433,30,4,26,linear_dependency,True,success,False,False,
pm_css,pm_css-n30k4-s433,433,30,4,26,signatures,True,success,False,False,
pm_css,pm_css-n30k4-s858,858,30,4,26,linear_dependency,False,success,False,False,
pm_css,pm_css-n30k4-s858,858,30,4,26,signatures,True,success,False,False,
pm_css,pm_css-n30k4-s85,85,30,4,26,linear_dependency,False,success,False,False,
pm_css,pm_css-n30k4-s85,85,30,4,26,signatures,True,success,False,False,
pm_css,pm_css-n30k4-s697,697,30,4,26,linear_dependency,False,success,False,False,
pm_css,pm_css-n30k4-s697,697,30,4,26,signatures,True,success,False,False,
pm_css,pm_css-n30k4-s201,201,30,4,26,linear_dependency,True,success,False,False,
pm_css,pm_css-n30k4-s201,201,30,4,26,signatures,True,success,False,False,
pm_css,pm_css-n30k4-s94,94,30,4,26,linear_dependency,True,success,False,False,
pm_css,pm_css-n30k4-s94,94,30,4,26,signatures,True,success,False,False,
pm_css,pm_css-n30k5-s89,89,30,5,25,linear_dependency,False,success,False,False,
pm_css,pm_css-n30k5-s89,89,30,5,25,signatures,True,success,False,False,
pm_css,pm_css-n30k5-s773,773,30,5,25,linear_dependency,False,success,False,False,
pm_css,pm_css-n30k5-s773,773,30,5,25,signatures,True,success,False,False,
pm_css,pm_css-n30k5-s654,654,30,5,25,linear_dependency,True,success,False,False,
pm_css,pm_css-n30k5-s654,654,30,5,25,signatures,True,success,False,False,
pm_css,pm_css-n30k5-s438,438,30,5,25,linear_dependency,True,success,False,False,
pm_css,pm_css-n30k5-s438,438,30,5,25,signatures,True,success,False,False,
pm_css,pm_css-n30k5-s433,433,30,5,25,linear_dependency,True,success,False,False,
pm_css,pm_css-n30k5-s433,433,30,5,25,signatures,True,success,False,False,
pm_css,pm_css-n30k5-s858,858,30,5,25,linear_dependency,True,success,False,False,
pm_css,pm_css-n30k5-s858,858,30,5,25,signatures,True,success,False,False,
pm_css,pm_css-n30k5-s85,85,30,5,25,linear_dependency,False,success,False,False,
pm_css,pm_css-n30k5-s85,85,30,5,25,signatures,True,success,False,False,
pm_css,pm_css-n30k5-s697,697,30,5,25,linear_dependency,True,success,False,False,
pm_css,pm_css-n30k5-s697,697,30,5,25,signatures,True,success,False,False,
pm_css,pm_css-n30k5-s201,201,30,5,25,linear_dependency,False,success,False,False,
pm_css,pm_css-n30k5-s201,201,30,5,25,signatures,True,success,False,False,
pm_css,pm_css-n30k5-s94,94,30,5,25,linear_dependency,True,success,False,False,
pm_css,pm_css-n30k5-s94,94,30,5,25,signatures,True,success,False,False,
pm_css,pm_css-n30k8-s89,89,30,8,22,linear_dependency,False,success,False,False,
pm_css,pm_css-n30k8-s89,89,30,8,22,signatures,True,success,False,False,
pm_css,pm_css-n30k8-s773,773,30,8,22,linear_dependency,True,success,False,False,
pm_css,pm_css-n30k8-s773,773,30,8,22,signatures,True,success,False,False,
pm_css,pm_css-n30k8-s654,654,30,8,22,linear_dependency,False,success,False,False,
pm_css,pm_css-n30k8-s654,654,30,8,22,signatures,True,success,False,False,
pm_css,pm_css-n30k8-s438,438,30,8,22,linear_dependency,True,success,False,False,
pm_css,pm_css-n30k8-s438,438,30,8,22,signatures,True,success,False,False,
pm_css,pm_css-n30k8-s433,433,30,8,22,linear_dependency,False,success,False,False,
pm_css,pm_css-n30k8-s433,433,30,8,22,signatures,True,success,False,False,
pm_css,pm_css-n30k8-s858,858,30,8,22,linear_dependency,True,success,False,False,
pm_css,pm_css-n30k8-s858,858,30,8,22,signatures,True,success,False,False,
pm_css,pm_css-n30k8-s85,85,30,8,22,linear_dependency,True,success,False,False,
pm_css,pm_css-n30k8-s85,85,30,8,22,signatures,True,success,False,False,
pm_css,pm_css-n30k8-s697,697,30,8,22,linear_dependency,False,success,False,False,
pm_css,pm_css-n30k8-s697,697,30,8,22,signatures,True,success,False,False,
pm_css,pm_css-n30k8-s201,201,30,8,22,linear_dependency,False,success,False,False,
pm_css,pm_css-n30k8-s201,201,30,8,22,signatures,True,success,False,False,
pm_css,pm_css-n30k8-s94,94,30,8,22,linear_dependency,True,success,False,False,
pm_css,pm_css-n30k8-s94,94,30,8,22,signatures,True,success,False,False,
pm_css,pm_css-n30k10-s89,89,30,10,20,linear_dependency,True,success,False,False,
pm_css,pm_css-n30k10-s89,89,30,10,20,signatures,True,success,False,False,
pm_css,pm_css-n30k10-s773,773,30,10,20,linear_dependency,False,success,False,False,
pm_css,pm_css-n30k10-s773,773,30,10,20,signatures,True,success,False,False,
pm_css,pm_css-n30k10-s654,654,30,10,20,linear_dependency,True,success,False,False,
pm_css,pm_css-n30k10-s654,654,30,10,20,signatures,True,success,False,False,
pm_css,pm_css-n30k10-s438,438,30,10,20,linear_dependency,True,success,False,False,
pm_css,pm_css-n30k10-s438,438,30,10,20,signatures,True,success,False,False,
pm_css,pm_css-n30k10-s433,433,30,10,20,linear_dependency,True,success,False,False,
pm_css,pm_css-n30k10-s433,433,30,10,20,signatures,True,success,False,False,
pm_css,pm_css-n30k10-s858,858,30,10,20,linear_dependency,False,success,False,False,
pm_css,pm_css-n30k10-s858,858,30,10,20,signatures,True,success,False,False,
pm_css,pm_css-n30k10-s85,85,30,10,20,linear_dependency,False,success,False,False,
pm_css,pm_css-n30k10-s85,85,30,10,20,signatures,True,success,False,False,
pm_css,pm_css-n30k10-s697,697,30,10,20,linear_dependency,True,success,False,False,
pm_css,pm_css-n30k10-s697,697,30,10,20,signatures,True,success,False,False,
pm_css,pm_css-n30k10-s201,201,30,10,20,linear_dependency,True,success,False,False,
pm_css,pm_css-n30k10-s201,201,30,10,20,signatures,True,success,False,False,
pm_css,pm_css-n30k10-s94,94,30,10,20,linear_dependency,False,success,False,False,
pm_css,pm_css-n30k10-s94,94,30,10,20,signatures,True,success,False,False,
pm_css,pm_css-n30k15-s89,89,30,15,15,linear_dependency,True,success,False,False,
pm_css,pm_css-n30k15-s89,89,30,15,15,signatures,True,success,False,False,
pm_css,pm_css-n30k15-s773,773,30,15,15,linear_dependency,False,success,False,False,
pm_css,pm_css-n30k15-s773,773,30,15,15,signatures,True,success,False,False,
pm_css,pm_css-n30k15-s654,654,30,15,15,linear_dependency,True,success,False,False,
pm_css,pm_css-n30k15-s654,654,30,15,15,signatures,True,success,False,False,
pm_css,pm_css-n30k15-s438,438,30,15,15,linear_dependency,True,success,False,False,
pm_css,pm_css-n30k15-s438,438,30,15,15,signatures,True,success,False,False,
pm_css,pm_css-n30k15-s433,433,30,15,15,linear_dependency,True,success,False,False,
pm_css,pm_css-n30k15-s433,433,30,15,15,signatures,True,success,False,False,
pm_css,pm_css-n30k15-s858,858,30,15,15,linear_dependency,True,success,False,False,
pm_css,pm_css-n30k15-s858,858,30,15,15,signatures,True,success,False,False,
pm_css,pm_css-n30k15-s85,85,30,15,15,linear_dependency,True,success,False,False,
pm_css,pm_css-n30k15-s85,85,30,15,15,signatures,True,success,False,False,
pm_css,pm_css-n30k15-s697,697,30,15,15,linear_dependency,True,success,False,False,
pm_css,pm_css-n30k15-s697,697,30,15,15,signatures,True,success,False,False,
pm_css,pm_css-n30k15-s201,201,30,15,15,linear_dependency,True,success,False,False,
pm_css,pm_css-n30k15-s201,201,30,15,15,signatures,True,success,False,False,
pm_css,pm_css-n30k15-s94,94,30,15,15,linear_dependency,True,success,False,False,
pm_css,pm_css-n30k15-s94,94,30,15,15,signatures,True,success,False,False,
pm_css,pm_css-n30k20-s89,89,30,20,10,linear_dependency,True,success,False,False,
pm_css,pm_css-n30k20-s89,89,30,20,10,signatures,True,success,False,False,
pm_css,pm_css-n30k20-s773,773,30,20,10,linear_dependency,True,success,False,False,
pm_css,pm_css-n30k20-s773,773,30,20,10,signatures,True,success,False,False,
pm_css,pm_css-n30k20-s654,654,30,20,10,linear_dependency,True,success,False,False,
pm_css,pm_css-n30k20-s654,654,30,20,10,signatures,True,success,False,False,
pm_css,pm_css-n30k20-s438,438,30,20,10,linear_dependency,True,success,False,False,
pm_css,pm_css-n30k20-s438,438,30,20,10,signatures,True,success,False,False,
pm_css,pm_css-n30k20-s433,433,30,20,10,linear_dependency,True,success,False,False,
pm_css,pm_css-n30k20-s433,433,30,20,10,signatures,True,success,False,False,
pm_css,pm_css-n30k20-s858,858,30,20,10,linear_dependency,True,success,False,False,
pm_css,pm_css-n30k20-s858,858,30,20,10,signatures,True,success,False,False,
pm_css,pm_css-n30k20-s85,85,30,20,10,linear_dependency,True,success,False,False,
pm_css,pm_css-n30k20-s85,85,30,20,10,signatures,True,success,False,False,
pm_css,pm_css-n30k20-s697,697,30,20,10,linear_dependency,True,success,False,False,
pm_css,pm_css-n30k20-s697,697,30,20,10,signatures,True,success,False,False,
pm_css,pm_css-n30k20-s201,201,30,20,10,linear_dependency,True,success,False,False,
pm_css,pm_css-n30k20-s201,201,30,20,10,signatures,True,success,False,False,
pm_css,pm_css-n30k20-s94,94,30,20,10,linear_dependency,True,success,False,False,
pm_css,pm_css-n30k20-s94,94,30,20,10,signatures,True,success,False,False,
pm_css,pm_css-n32k0-s89,89,32,0,32,linear_dependency,True,success,False,False,
pm_css,pm_css-n32k0-s89,89,32,0,32,signatures,True,success,False,False,
pm_css,pm_css-n32k0-s773,773,32,0,32,linear_dependency,True,success,False,False,
pm_css,pm_css-n32k0-s773,773,32,0,32,signatures,True,success,False,False,
pm_css,pm_css-n32k0-s654,654,32,0,32,linear_dependency,True,success,False,False,
pm_css,pm_css-n32k0-s654,654,32,0,32,signatures,True,success,False,False,
pm_css,pm_css-n32k0-s438,438,32,0,32,linear_dependency,True,success,False,False,
pm_css,pm_css-n32k0-s438,438,32,0,32,signatures,True,success,False,False,
pm_css,pm_css-n32k0-s433,433,32,0,32,linear_dependency,True,success,False,False,
pm_css,pm_css-n32k0-s433,433,32,0,32,signatures,True,success,False,False,
pm_css,pm_css-n32k0-s858,858,32,0,32,linear_dependency,True,success,False,False,
pm_css,pm_css-n32k0-s858,858,32,0,32,signatures,True,success,False,False,
pm_css,pm_css-n32k0-s85,85,32,0,32,linear_dependency,True,success,False,False,
pm_css,pm_css-n32k0-s85,85,32,0,32,signatures,True,success,False,False,
pm_css,pm_css-n32k0-s697,697,32,0,32,linear_dependency,True,success,False,False,
pm_css,pm_css-n32k0-s697,697,32,0,32,signatures,True,success,False,False,
pm_css,pm_css-n32k0-s201,201,32,0,32,linear_dependency,True,success,False,False,
pm_css,pm_css-n32k0-s201,201,32,0,32,signatures,True,success,False,False,
pm_css,pm_css-n32k0-s94,94,32,0,32,linear_dependency,True,success,False,False,
pm_css,pm_css-n32k0-s94,94,32,0,32,signatures,True,success,False,False,
pm_css,pm_css-n32k4-s89,89,32,4,28,linear_dependency,True,success,False,False,
pm_css,pm_css-n32k4-s89,89,32,4,28,signatures,True,success,False,False,
pm_css,pm_css-n32k4-s773,773,32,4,28,linear_dependency,True,success,False,False,
pm_css,pm_css-n32k4-s773,773,32,4,28,signatures,True,success,False,False,
pm_css,pm_css-n32k4-s654,654,32,4,28,linear_dependency,False,success,False,False,
pm_css,pm_css-n32k4-s654,654,32,4,28,signatures,True,success,False,False,
pm_css,pm_css-n32k4-s438,438,32,4,28,linear_dependency,True,success,False,False,
pm_css,pm_css-n32k4-s438,438,32,4,28,signatures,True,success,False,False,
pm_css,pm_css-n32k4-s433,433,32,4,28,linear_dependency,True,success,False,False,
pm_css,pm_css-n32k4-s433,433,32,4,28,signatures,True,success,False,False,
pm_css,pm_css-n32k4-s858,858,32,4,28,linear_dependency,True,success,False,False,
pm_css,pm_css-n32k4-s858,858,32,4,28,signatures,True,success,False,False,
pm_css,pm_css-n32k4-s85,85,32,4,28,linear_dependency,True,success,False,False,
pm_css,pm_css-n32k4-s85,85,32,4,28,signatures,True,success,False,False,
pm_css,pm_css-n32k4-s697,697,32,4,28,linear_dependency,True,success,False,False,
pm_css,pm_css-n32k4-s697,697,32,4,28,signatures,True,success,False,False,
pm_css,pm_css-n32k4-s201,201,32,4,28,linear_dependency,True,success,False,False,
pm_css,pm_css-n32k4-s201,201,32,4,28,signatures,True,success,False,False,
pm_css,pm_css-n32k4-s94,94,32,4,28,linear_dependency,False,success,False,False,
pm_css,pm_css-n32k4-s94,94,32,4,28,signatures,True,success,False,False,
pm_css,pm_css-n32k5-s89,89,32,5,27,linear_dependency,True,success,False,False,
pm_css,pm_css-n32k5-s89,89,32,5,27,signatures,True,success,False,False,
pm_css,pm_css-n32k5-s773,773,32,5,27,linear_dependency,True,success,False,False,
pm_css,pm_css-n32k5-s773,773,32,5,27,signatures,True,success,False,False,
pm_css,pm_css-n32k5-s654,654,32,5,27,linear_dependency,True,success,False,False,
pm_css,pm_css-n32k5-s654,654,32,5,27,signatures,True,success,False,False,
pm_css,pm_css-n32k5-s438,438,32,5,27,linear_dependency,True,success,False,False,
pm_css,pm_css-n32k5-s438,438,32,5,27,signatures,True,success,False,False,
pm_css,pm_css-n32k5-s433,433,32,5,27,linear_dependency,True,success,False,False,
pm_css,pm_css-n32k5-s433,433,32,5,27,signatures,True,success,False,False,
pm_css,pm_css-n32k5-s858,858,32,5,27,linear_dependency,True,success,False,False,
pm_css,pm_css-n32k5-s858,858,32,5,27,signatures,True,success,False,False,
pm_css,pm_css-n32k5-s85,85,32,5,27,linear_dependency,True,success,False,False,
pm_css,pm_css-n32k5-s85,85,32,5,27,signatures,True,success,False,False,
pm_css,pm_css-n32k5-s697,697,32,5,27,linear_dependency,True,success,False,False,
pm_css,pm_css-n32k5-s697,697,32,5,27,signatures,True,success,False,False,
pm_css,pm_css-n32k5-s201,201,32,5,27,linear_dependency,True,success,False,False,
pm_css,pm_css-n32k5-s201,201,32,5,27,signatures,True,success,False,False,
pm_css,pm_css-n32k5-s94,94,32,5,27,linear_dependency,True,success,False,False,
pm_css,pm_css-n32k5-s94,94,32,5,27,signatures,True,success,False,False,
pm_css,pm_css-n32k8-s89,89,32,8,24,linear_dependency,True,success,False,False,
pm_css,pm_css-n32k8-s89,89,32,8,24,signatures,True,success,False,False,
pm_css,pm_css-n32k8-s773,773,32,8,24,linear_dependency,True,success,False,False,
pm_css,pm_css-n32k8-s773,773,32,8,24,signatures,True,success,False,False,
pm_css,pm_css-n32k8-s654,654,32,8,24,linear_dependency,True,success,False,False,
pm_css,pm_css-n32k8-s654,654,32,8,24,signatures,True,success,False,False,
pm_css,pm_css-n32k8-s438,438,32,8,24,linear_dependency,False,success,False,False,
pm_css,pm_css-n32k8-s438,438,32,8,24,signatures,True,success,False,False,
pm_css,pm_css-n32k8-s433,433,32,8,24,linear_dependency,False,success,False,False,
pm_css,pm_css-n32k8-s433,433,32,8,24,signatures,True,success,False,False,
pm_css,pm_css-n32k8-s858,858,32,8,24,linear_dependency,True,success,False,False,
pm_css,pm_css-n32k8-s858,858,32,8,24,signatures,True,success,False,False,
pm_css,pm_css-n32k8-s85,85,32,8,24,linear_dependency,False,success,False,False,
pm_css,pm_css-n32k8-s85,85,32,8,24,signatures,True,success,False,False,
pm_css,pm_css-n32k8-s697,697,32,8,24,linear_dependency,True,success,False,False,
pm_css,pm_css-n32k8-s697,697,32,8,24,signatures,True,success,False,False,
pm_css,pm_css-n32k8-s201,201,32,8,24,linear_dependency,True,success,False,False,
pm_css,pm_css-n32k8-s201,201,32,8,24,signatures,True,success,False,False,
pm_css,pm_css-n32k8-s94,94,32,8,24,linear_dependency,True,success,False,False,
pm_css,pm_css-n32k8-s94,94,32,8,24,signatures,True,success,False,False,
pm_css,pm_css-n32k10-s89,89,32,10,22,linear_dependency,False,success,False,False,
pm_css,pm_css-n32k10-s89,89,32,10,22,signatures,True,success,False,False,
pm_css,pm_css-n32k10-s773,773,32,10,22,linear_dependency,True,success,False,False,
pm_css,pm_css-n32k10-s773,773,32,10,22,signatures,True,success,False,False,
pm_css,pm_css-n32k10-s654,654,32,10,22,linear_dependency,False,success,False,False,
pm_css,pm_css-n32k10-s654,654,32,10,22,signatures,True,success,False,False,
pm_css,pm_css-n32k10-s438,438,32,10,22,linear_dependency,False,success,False,False,
pm_css,pm_css-n32k10-s438,438,32,10,22,signatures,True,success,False,False,
pm_css,pm_css-n32k10-s433,433,32,10,22,linear_dependency,True,success,False,False,
pm_css,pm_css-n32k10-s433,433,32,10,22,signatures,True,success,False,False,
pm_css,pm_css-n32k10-s858,858,32,10,22,linear_dependency,False,success,False,False,
pm_css,pm_css-n32k10-s858,858,32,10,22,signatures,True,success,False,False,
pm_css,pm_css-n32k10-s85,85,32,10,22,linear_dependency,True,success,False,False,
pm_css,pm_css-n32k10-s85,85,32,10,22,signatures,True,success,False,False,
pm_css,pm_css-n32k10-s697,697,32,10,22,linear_dependency,True,success,False,False,
pm_css,pm_css-n32k10-s697,697,32,10,22,signatures,True,success,False,False,
pm_css,pm_css-n32k10-s201,201,32,10,22,linear_dependency,True,success,False,False,
pm_css,pm_css-n32k10-s201,201,32,10,22,signatures,True,success,False,False,
pm_css,pm_css-n32k10-s94,94,32,10,22,linear_dependency,True,success,False,False,
pm_css,pm_css-n32k10-s94,94,32,10,22,signatures,True,success,False,False,
pm_css,pm_css-n32k15-s89,89,32,15,17,linear_dependency,False,success,False,False,
pm_css,pm_css-n32k15-s89,89,32,15,17,signatures,True,success,False,False,
pm_css,pm_css-n32k15-s773,773,32,15,17,linear_dependency,True,success,False,False,
pm_css,pm_css-n32k15-s773,773,32,15,17,signatures,True,success,False,False,
pm_css,pm_css-n32k15-s654,654,32,15,17,linear_dependency,True,success,False,False,
pm_css,pm_css-n32k15-s654,654,32,15,17,signatures,True,success,False,False,
pm_css,pm_css-n32k15-s438,438,32,15,17,linear_dependency,True,success,False,False,
pm_css,pm_css-n32k15-s438,438,32,15,17,signatures,True,success,False,False,
pm_css,pm_css-n32k15-s433,433,32,15,17,linear_dependency,True,success,False,False,
pm_css,pm_css-n32k15-s433,433,32,15,17,signatures,True,success,False,False,
pm_css,pm_css-n32k15-s858,858,32,15,17,linear_dependency,False,success,False,False,
pm_css,pm_css-n32k15-s858,858,32,15,17,signatures,True,success,False,False,
pm_css,pm_css-n32k15-s85,85,32,15,17,linear_dependency,True,success,False,False,
pm_css,pm_css-n32k15-s85,85,32,15,17,signatures,True,success,False,False,
pm_css,pm_css-n32k15-s697,697,32,15,17,linear_dependency,False,success,False,False,
pm_css,pm_css-n32k15-s697,697,32,15,17,signatures,True,success,False,False,
pm_css,pm_css-n32k15-s201,201,32,15,17,linear_dependency,True,success,False,False,
pm_css,pm_css-n32k15-s201,201,32,15,17,signatures,True,success,False,False,
pm_css,pm_css-n32k15-s94,94,32,15,17,linear_dependency,True,success,False,False,
pm_css,pm_css-n32k15-s94,94,32,15,17,signatures,True,success,False,False,
pm_css,pm_css-n32k20-s89,89,32,20,12,linear_dependency,True,success,False,False,
pm_css,pm_css-n32k20-s89,89,32,20,12,signatures,True,success,False,False,
pm_css,pm_css-n32k20-s773,773,32,20,12,linear_dependency,True,success,False,False,
pm_css,pm_css-n32k20-s773,773,32,20,12,signatures,True,success,False,False,
pm_css,pm_css-n32k20-s654,654,32,20,12,linear_dependency,False,success,False,False,
pm_css,pm_css-n32k20-s654,654,32,20,12,signatures,True,success,False,False,
pm_css,pm_css-n32k20-s438,438,32,20,12,linear_dependency,True,success,False,False,
pm_css,pm_css-n32k20-s438,438,32,20,12,signatures,True,success,False,False,
pm_css,pm_css-n32k20-s433,433,32,20,12,linear_dependency,True,success,False,False,
pm_css,pm_css-n32k20-s433,433,32,20,12,signatures,True,success,False,False,
pm_css,pm_css-n32k20-s858,858,32,20,12,linear_dependency,True,success,False,False,
pm_css,pm_css-n32k20-s858,858,32,20,12,signatures,True,success,False,False,
pm_css,pm_css-n32k20-s85,85,32,20,12,linear_dependency,True,success,False,False,
pm_css,pm_css-n32k20-s85,85,32,20,12,signatures,True,success,False,False,
pm_css,pm_css-n32k20-s697,697,32,20,12,linear_dependency,True,success,False,False,
pm_css,pm_css-n32k20-s697,697,32,20,12,signatures,True,success,False,False,
pm_css,pm_css-n32k20-s201,201,32,20,12,linear_dependency,True,success,False,False,
pm_css,pm_css-n32k20-s201,201,32,20,12,signatures,True,success,False,False,
pm_css,pm_css-n32k20-s94,94,32,20,12,linear_dependency,True,success,False,False,
pm_css,pm_css-n32k20-s94,94,32,20,12,signatures,True,success,False,False,
pm_css,pm_css-n37k0-s89,89,37,0,37,linear_dependency,True,success,False,False,
pm_css,pm_css-n37k0-s89,89,37,0,37,signatures,True,success,False,False,
pm_css,pm_css-n37k0-s773,773,37,0,37,linear_dependency,True,success,False,False,
pm_css,pm_css-n37k0-s773,773,37,0,37,signatures,True,success,False,False,
pm_css,pm_css-n37k0-s654,654,37,0,37,linear_dependency,True,success,False,False,
pm_css,pm_css-n37k0-s654,654,37,0,37,signatures,True,success,False,False,
pm_css,pm_css-n37k0-s438,438,37,0,37,linear_dependency,True,success,False,False,
pm_css,pm_css-n37k0-s438,438,37,0,37,signatures,True,success,False,False,
pm_css,pm_css-n37k0-s433,433,37,0,37,linear_dependency,True,success,False,False,
pm_css,pm_css-n37k0-s433,433,37,0,37,signatures,True,success,False,False,
pm_css,pm_css-n37k0-s858,858,37,0,37,linear_dependency,True,success,False,False,
pm_css,pm_css-n37k0-s858,858,37,0,37,signatures,True,success,False,False,
pm_css,pm_css-n37k0-s85,85,37,0,37,linear_dependency,True,success,False,False,
pm_css,pm_css-n37k0-s85,85,37,0,37,signatures,True,success,False,False,
pm_css,pm_css-n37k0-s697,697,37,0,37,linear_dependency,True,success,False,False,
pm_css,pm_css-n37k0-s697,697,37,0,37,signatures,True,success,False,False,
pm_css,pm_css-n37k0-s201,201,37,0,37,linear_dependency,True,success,False,False,
pm_css,pm_css-n37k0-s201,201,37,0,37,signatures,True,success,False,False,
pm_css,pm_css-n37k0-s94,94,37,0,37,linear_dependency,True,success,False,False,
pm_css,pm_css-n37k0-s94,94,37,0,37,signatures,True,success,False,False,
pm_css,pm_css-n37k4-s89,89,37,4,33,linear_dependency,True,success,False,False,
pm_css,pm_css-n37k4-s89,89,37,4,33,signatures,True,success,False,False,
pm_css,pm_css-n37k4-s773,773,37,4,33,linear_dependency,True,success,False,False,
pm_css,pm_css-n37k4-s773,773,37,4,33,signatures,True,success,False,False,
pm_css,pm_css-n37k4-s654,654,37,4,33,linear_dependency,True,success,False,False,
pm_css,pm_css-n37k4-s654,654,37,4,33,signatures,True,success,False,False,
pm_css,pm_css-n37k4-s438,438,37,4,33,linear_dependency,True,success,False,False,
pm_css,pm_css-n37k4-s438,438,37,4,33,signatures,True,success,False,False,
pm_css,pm_css-n37k4-s433,433,37,4,33,linear_dependency,True,success,False,False,
pm_css,pm_css-n37k4-s433,433,37,4,33,signatures,True,success,False,False,
pm_css,pm_css-n37k4-s858,858,37,4,33,linear_dependency,True,success,False,False,
pm_css,pm_css-n37k4-s858,858,37,4,33,signatures,True,success,False,False,
pm_css,pm_css-n37k4-s85,85,37,4,33,linear_dependency,True,success,False,False,
pm_css,pm_css-n37k4-s85,85,37,4,33,signatures,True,success,False,False,
pm_css,pm_css-n37k4-s697,697,37,4,33,linear_dependency,True,success,False,False,
pm_css,pm_css-n37k4-s697,697,37,4,33,signatures,True,success,False,False,
pm_css,pm_css-n37k4-s201,201,37,4,33,linear_dependency,False,success,False,False,
pm_css,pm_css-n37k4-s201,201,37,4,33,signatures,True,success,False,False,
pm_css,pm_css-n37k4-s94,94,37,4,33,linear_dependency,True,success,False,False,
pm_css,pm_css-n37k4-s94,94,37,4,33,signatures,True,success,False,False,
pm_css,pm_css-n37k5-s89,89,37,5,32,linear_dependency,True,success,False,False,
pm_css,pm_css-n37k5-s89,89,37,5,32,signatures,True,success,False,False,
pm_css,pm_css-n37k5-s773,773,37,5,32,linear_dependency,True,success,False,False,
pm_css,pm_css-n37k5-s773,773,37,5,32,signatures,True,success,False,False,
pm_css,pm_css-n37k5-s654,654,37,5,32,linear_dependency,True,success,False,False,
pm_css,pm_css-n37k5-s654,654,37,5,32,signatures,True,success,False,False,
pm_css,pm_css-n37k5-s438,438,37,5,32,linear_dependency,True,success,False,False,
pm_css,pm_css-n37k5-s438,438,37,5,32,signatures,True,success,False,False,
pm_css,pm_css-n37k5-s433,433,37,5,32,linear_dependency,True,success,False,False,
pm_css,pm_css-n37k5-s433,433,37,5,32,signatures,True,success,False,False,
pm_css,pm_css-n37k5-s858,858,37,5,32,linear_dependency,True,success,False,False,
pm_css,pm_css-n37k5-s858,858,37,5,32,signatures,True,success,False,False,
pm_css,pm_css-n37k5-s85,85,37,5,32,linear_dependency,True,success,False,False,
pm_css,pm_css-n37k5-s85,85,37,5,32,signatures,True,success,False,False,
pm_css,pm_css-n37k5-s697,697,37,5,32,linear_dependency,True,success,False,False,
pm_css,pm_css-n37k5-s697,697,37,5,32,signatures,True,success,False,False,
pm_css,pm_css-n37k5-s201,201,37,5,32,linear_dependency,True,success,False,False,
pm_css,pm_css-n37k5-s201,201,37,5,32,signatures,True,success,False,False,
pm_css,pm_css-n37k5-s94,94,37,5,32,linear_dependency,True,success,False,False,
pm_css,pm_css-n37k5-s94,94,37,5,32,signatures,True,success,False,False,
pm_css,pm_css-n37k8-s89,89,37,8,29,linear_dependency,True,success,False,False,
pm_css,pm_css-n37k8-s89,89,37,8,29,signatures,True,success,False,False,
pm_css,pm_css-n37k8-s773,773,37,8,29,linear_dependency,True,success,False,False,
pm_css,pm_css-n37k8-s773,773,37,8,29,signatures,True,success,False,False,
pm_css,pm_css-n37k8-s654,654,37,8,29,linear_dependency,True,success,False,False,
pm_css,pm_css-n37k8-s654,654,37,8,29,signatures,True,success,False,False,
pm_css,pm_css-n37k8-s438,438,37,8,29,linear_dependency,True,success,False,False,
pm_css,pm_css-n37k8-s438,438,37,8,29,signatures,True,success,False,False,
pm_css,pm_css-n37k8-s433,433,37,8,29,linear_dependency,True,success,False,False,
pm_css,pm_css-n37k8-s433,433,37,8,29,signatures,True,success,False,False,
pm_css,pm_css-n37k8-s858,858,37,8,29,linear_dependency,True,success,False,False,
pm_css,pm_css-n37k8-s858,858,37,8,29,signatures,True,success,False,False,
pm_css,pm_css-n37k8-s85,85,37,8,29,linear_dependency,True,success,False,False,
pm_css,pm_css-n37k8-s85,85,37,8,29,signatures,True,success,False,False,
pm_css,pm_css-n37k8-s697,697,37,8,29,linear_dependency,True,success,False,False,
pm_css,pm_css-n37k8-s697,697,37,8,29,signatures,True,success,False,False,
pm_css,pm_css-n37k8-s201,201,37,8,29,linear_dependency,True,success,False,False,
pm_css,pm_css-n37k8-s201,201,37,8,29,signatures,True,success,False,False,
pm_css,pm_css-n37k8-s94,94,37,8,29,linear_dependency,True,success,False,False,
pm_css,pm_css-n37k8-s94,94,37,8,29,signatures,True,success,False,False,
pm_css,pm_css-n37k10-s89,89,37,10,27,linear_dependency,True,success,False,False,
pm_css,pm_css-n37k10-s89,89,37,10,27,signatures,True,success,False,False,
pm_css,pm_css-n37k10-s773,773,37,10,27,linear_dependency,False,success,False,False,
pm_css,pm_css-n37k10-s773,773,37,10,27,signatures,True,success,False,False,
pm_css,pm_css-n37k10-s654,654,37,10,27,linear_dependency,True,success,False,False,
pm_css,pm_css-n37k10-s654,654,37,10,27,signatures,True,success,False,False,
pm_css,pm_css-n37k10-s438,438,37,10,27,linear_dependency,False,success,False,False,
pm_css,pm_css-n37k10-s438,438,37,10,27,signatures,True,success,False,False,
pm_css,pm_css-n37k10-s433,433,37,10,27,linear_dependency,False,success,False,False,
pm_css,pm_css-n37k10-s433,433,37,10,27,signatures,True,success,False,False,
pm_css,pm_css-n37k10-s858,858,37,10,27,linear_dependency,True,success,False,False,
pm_css,pm_css-n37k10-s858,858,37,10,27,signatures,True,success,False,False,
pm_css,pm_css-n37k10-s85,85,37,10,27,linear_dependency,True,success,False,False,
pm_css,pm_css-n37k10-s85,85,37,10,27,signatures,True,success,False,False,
pm_css,pm_css-n37k10-s697,697,37,10,27,linear_dependency,True,success,False,False,
pm_css,pm_css-n37k10-s697,697,37,10,27,signatures,True,success,False,False,
pm_css,pm_css-n37k10-s201,201,37,10,27,linear_dependency,True,success,False,False,
pm_css,pm_css-n37k10-s201,201,37,10,27,signatures,True,success,False,False,
pm_css,pm_css-n37k10-s94,94,37,10,27,linear_dependency,False,success,False,False,
pm_css,pm_css-n37k10-s94,94,37,10,27,signatures,True,success,False,False,
pm_css,pm_css-n37k15-s89,89,37,15,22,linear_dependency,True,success,False,False,
pm_css,pm_css-n37k15-s89,89,37,15,22,signatures,True,success,False,False,
pm_css,pm_css-n37k15-s773,773,37,15,22,linear_dependency,True,success,False,False,
pm_css,pm_css-n37k15-s773,773,37,15,22,signatures,True,success,False,False,
pm_css,pm_css-n37k15-s654,654,37,15,22,linear_dependency,True,success,False,False,
pm_css,pm_css-n37k15-s654,654,37,15,22,signatures,True,success,False,False,
pm_css,pm_css-n37k15-s438,438,37,15,22,linear_dependency,True,success,False,False,
pm_css,pm_css-n37k15-s438,438,37,15,22,signatures,True,success,False,False,
pm_css,pm_css-n37k15-s433,433,37,15,22,linear_dependency,False,success,False,False,
pm_css,pm_css-n37k15-s433,433,37,15,22,signatures,True,success,False,False,
pm_css,pm_css-n37k15-s858,858,37,15,22,linear_dependency,True,success,False,False,
pm_css,pm_css-n37k15-s858,858,37,15,22,signatures,True,success,False,False,
pm_css,pm_css-n37k15-s85,85,37,15,22,linear_dependency,True,success,False,False,
pm_css,pm_css-n37k15-s85,85,37,15,22,signatures,True,success,False,False,
pm_css,pm_css-n37k15-s697,697,37,15,22,linear_dependency,False,success,False,False,
pm_css,pm_css-n37k15-s697,697,37,15,22,signatures,True,success,False,False,
pm_css,pm_css-n37k15-s201,201,37,15,22,linear_dependency,True,success,False,False,
pm_css,pm_css-n37k15-s201,201,37,15,22,signatures,True,success,False,False,
pm_css,pm_css-n37k15-s94,94,37,15,22,linear_dependency,True,success,False,False,
pm_css,pm_css-n37k15-s94,94,37,15,22,signatures,True,success,False,False,
pm_css,pm_css-n37k20-s89,89,37,20,17,linear_dependency,True,success,False,False,
pm_css,pm_css-n37k20-s89,89,37,20,17,signatures,True,success,False,False,
pm_css,pm_css-n37k20-s773,773,37,20,17,linear_dependency,False,success,False,False,
pm_css,pm_css-n37k20-s773,773,37,20,17,signatures,True,success,False,False,
pm_css,pm_css-n37k20-s654,654,37,20,17,linear_dependency,False,success,False,False,
pm_css,pm_css-n37k20-s654,654,37,20,17,signatures,True,success,False,False,
pm_css,pm_css-n37k20-s438,438,37,20,17,linear_dependency,True,success,False,False,
pm_css,pm_css-n37k20-s438,438,37,20,17,signatures,True,success,False,False,
pm_css,pm_css-n37k20-s433,433,37,20,17,linear_dependency,True,success,False,False,
pm_css,pm_css-n37k20-s433,433,37,20,17,signatures,True,success,False,False,
pm_css,pm_css-n37k20-s858,858,37,20,17,linear_dependency,True,success,False,False,
pm_css,pm_css-n37k20-s858,858,37,20,17,signatures,True,success,False,False,
pm_css,pm_css-n37k20-s85,85,37,20,17,linear_dependency,True,success,False,False,
pm_css,pm_css-n37k20-s85,85,37,20,17,signatures,True,success,False,False,
pm_css,pm_css-n37k20-s697,697,37,20,17,linear_dependency,True,success,False,False,
pm_css,pm_css-n37k20-s697,697,37,20,17,signatures,True,success,False,False,
pm_css,pm_css-n37k20-s201,201,37,20,17,linear_dependency,True,success,False,False,
pm_css,pm_css-n37k20-s201,201,37,20,17,signatures,True,success,False,False,
pm_css,pm_css-n37k20-s94,94,37,20,17,linear_dependency,True,success,False,False,
pm_css,pm_css-n37k20-s94,94,37,20,17,signatures,True,success,False,False,
pm_css,pm_css-n37k25-s89,89,37,25,12,linear_dependency,True,success,False,False,
pm_css,pm_css-n37k25-s89,89,37,25,12,signatures,True,success,False,False,
pm_css,pm_css-n37k25-s773,773,37,25,12,linear_dependency,True,success,False,False,
pm_css,pm_css-n37k25-s773,773,37,25,12,signatures,True,success,False,False,
pm_css,pm_css-n37k25-s654,654,37,25,12,linear_dependency,True,success,False,False,
pm_css,pm_css-n37k25-s654,654,37,25,12,signatures,True,success,False,False,
pm_css,pm_css-n37k25-s438,438,37,25,12,linear_dependency,True,success,False,False,
pm_css,pm_css-n37k25-s438,438,37,25,12,signatures,True,success,False,False,
pm_css,pm_css-n37k25-s433,433,37,25,12,linear_dependency,True,success,False,False,
pm_css,pm_css-n37k25-s433,433,37,25,12,signatures,True,success,False,False,
pm_css,pm_css-n37k25-s858,858,37,25,12,linear_dependency,True,success,False,False,
pm_css,pm_css-n37k25-s858,858,37,25,12,signatures,True,success,False,False,
pm_css,pm_css-n37k25-s85,85,37,25,12,linear_dependency,True,success,False,False,
pm_css,pm_css-n37k25-s85,85,37,25,12,signatures,True,success,False,False,
pm_css,pm_css-n37k25-s697,697,37,25,12,linear_dependency,True,success,False,False,
pm_css,pm_css-n37k25-s697,697,37,25,12,signatures,True,success,False,False,
pm_css,pm_css-n37k25-s201,201,37,25,12,linear_dependency,True,success,False,False,
pm_css,pm_css-n37k25-s201,201,37,25,12,signatures,True,success,False,False,
pm_css,pm_css-n37k25-s94,94,37,25,12,linear_dependency,True,success,False,False,
pm_css,pm_css-n37k25-s94,94,37,25,12,signatures,True,success,False,False,
pm_css,pm_css-n42k0-s89,89,42,0,42,linear_dependency,True,success,False,False,
pm_css,pm_css-n42k0-s89,89,42,0,42,signatures,True,success,False,False,
pm_css,pm_css-n42k0-s773,773,42,0,42,linear_dependency,True,success,False,False,
pm_css,pm_css-n42k0-s773,773,42,0,42,signatures,True,success,False,False,
pm_css,pm_css-n42k0-s654,654,42,0,42,linear_dependency,True,success,False,False,
pm_css,pm_css-n42k0-s654,654,42,0,42,signatures,True,success,False,False,
pm_css,pm_css-n42k0-s438,438,42,0,42,linear_dependency,True,success,False,False,
pm_css,pm_css-n42k0-s438,438,42,0,42,signatures,True,success,False,False,
pm_css,pm_css-n42k0-s433,433,42,0,42,linear_dependency,True,success,False,False,
pm_css,pm_css-n42k0-s433,433,42,0,42,signatures,True,success,False,False,
pm_css,pm_css-n42k0-s858,858,42,0,42,linear_dependency,True,success,False,False,
pm_css,pm_css-n42k0-s858,858,42,0,42,signatures,True,success,False,False,
pm_css,pm_css-n42k0-s85,85,42,0,42,linear_dependency,True,success,False,False,
pm_css,pm_css-n42k0-s85,85,42,0,42,signatures,True,success,False,False,
pm_css,pm_css-n42k0-s697,697,42,0,42,linear_dependency,True,success,False,False,
pm_css,pm_css-n42k0-s697,697,42,0,42,signatures,True,success,False,False,
pm_css,pm_css-n42k0-s201,201,42,0,42,linear_dependency,True,success,False,False,
pm_css,pm_css-n42k0-s201,201,42,0,42,signatures,True,success,False,False,
pm_css,pm_css-n42k0-s94,94,42,0,42,linear_dependency,True,success,False,False,
pm_css,pm_css-n42k0-s94,94,42,0,42,signatures,True,success,False,False,
pm_css,pm_css-n42k4-s89,89,42,4,38,linear_dependency,True,success,False,False,
pm_css,pm_css-n42k4-s89,89,42,4,38,signatures,True,success,False,False,
pm_css,pm_css-n42k4-s773,773,42,4,38,linear_dependency,True,success,False,False,
pm_css,pm_css-n42k4-s773,773,42,4,38,signatures,True,success,False,False,
pm_css,pm_css-n42k4-s654,654,42,4,38,linear_dependency,True,success,False,False,
pm_css,pm_css-n42k4-s654,654,42,4,38,signatures,True,success,False,False,
pm_css,pm_css-n42k4-s438,438,42,4,38,linear_dependency,True,success,False,False,
pm_css,pm_css-n42k4-s438,438,42,4,38,signatures,True,success,False,False,
pm_css,pm_css-n42k4-s433,433,42,4,38,linear_dependency,True,success,False,False,
pm_css,pm_css-n42k4-s433,433,42,4,38,signatures,True,success,False,False,
pm_css,pm_css-n42k4-s858,858,42,4,38,linear_dependency,True,success,False,False,
pm_css,pm_css-n42k4-s858,858,42,4,38,signatures,True,success,False,False,
pm_css,pm_css-n42k4-s85,85,42,4,38,linear_dependency,True,success,False,False,
pm_css,pm_css-n42k4-s85,85,42,4,38,signatures,True,success,False,False,
pm_css,pm_css-n42k4-s697,697,42,4,38,linear_dependency,True,success,False,False,
pm_css,pm_css-n42k4-s697,697,42,4,38,signatures,True,success,False,False,
pm_css,pm_css-n42k4-s201,201,42,4,38,linear_dependency,False,success,False,False,
pm_css,pm_css-n42k4-s201,201,42,4,38,signatures,True,success,False,False,
pm_css,pm_css-n42k4-s94,94,42,4,38,linear_dependency,True,success,False,False,
pm_css,pm_css-n42k4-s94,94,42,4,38,signatures,True,success,False,False,
pm_css,pm_css-n42k5-s89,89,42,5,37,linear_dependency,True,success,False,False,
pm_css,pm_css-n42k5-s89,89,42,5,37,signatures,True,success,False,False,
pm_css,pm_css-n42k5-s773,773,42,5,37,linear_dependency,False,success,False,False,
pm_css,pm_css-n42k5-s773,773,42,5,37,signatures,True,success,False,False,
pm_css,pm_css-n42k5-s654,654,42,5,37,linear_dependency,True,success,False,False,
pm_css,pm_css-n42k5-s654,654,42,5,37,signatures,True,success,False,False,
pm_css,pm_css-n42k5-s438,438,42,5,37,linear_dependency,True,success,False,False,
pm_css,pm_css-n42k5-s438,438,42,5,37,signatures,True,success,False,False,
pm_css,pm_css-n42k5-s433,433,42,5,37,linear_dependency,True,success,False,False,
pm_css,pm_css-n42k5-s433,433,42,5,37,signatures,True,success,False,False,
pm_css,pm_css-n42k5-s858,858,42,5,37,linear_dependency,True,success,False,False,
pm_css,pm_css-n42k5-s858,858,42,5,37,signatures,True,success,False,False,
pm_css,pm_css-n42k5-s85,85,42,5,37,linear_dependency,True,success,False,False,
pm_css,pm_css-n42k5-s85,85,42,5,37,signatures,True,success,False,False,
pm_css,pm_css-n42k5-s697,697,42,5,37,linear_dependency,True,success,False,False,
pm_css,pm_css-n42k5-s697,697,42,5,37,signatures,True,success,False,False,
pm_css,pm_css-n42k5-s201,201,42,5,37,linear_dependency,True,success,False,False,
pm_css,pm_css-n42k5-s201,201,42,5,37,signatures,True,success,False,False,
pm_css,pm_css-n42k5-s94,94,42,5,37,linear_dependency,True,success,False,False,
pm_css,pm_css-n42k5-s94,94,42,5,37,signatures,True,success,False,False,
pm_css,pm_css-n42k8-s89,89,42,8,34,linear_dependency,True,success,False,False,
pm_css,pm_css-n42k8-s89,89,42,8,34,signatures,True,success,False,False,
pm_css,pm_css-n42k8-s773,773,42,8,34,linear_dependency,True,success,False,False,
pm_css,pm_css-n42k8-s773,773,42,8,34,signatures,True,success,False,False,
pm_css,pm_css-n42k8-s654,654,42,8,34,linear_dependency,True,success,False,False,
pm_css,pm_css-n42k8-s654,654,42,8,34,signatures,True,success,False,False,
pm_css,pm_css-n42k8-s438,438,42,8,34,linear_dependency,True,success,False,False,
pm_css,pm_css-n42k8-s438,438,42,8,34,signatures,True,success,False,False,
pm_css,pm_css-n42k8-s433,433,42,8,34,linear_dependency,True,success,False,False,
pm_css,pm_css-n42k8-s433,433,42,8,34,signatures,True,success,False,False,
pm_css,pm_css-n42k8-s858,858,42,8,34,linear_dependency,True,success,False,False,
pm_css,pm_css-n42k8-s858,858,42,8,34,signatures,True,success,False,False,
pm_css,pm_css-n42k8-s85,85,42,8,34,linear_dependency,True,success,False,False,
pm_css,pm_css-n42k8-s85,85,42,8,34,signatures,True,success,False,False,
pm_css,pm_css-n42k8-s697,697,42,8,34,linear_dependency,True,success,False,False,
pm_css,pm_css-n42k8-s697,697,42,8,34,signatures,True,success,False,False,
pm_css,pm_css-n42k8-s201,201,42,8,34,linear_dependency,False,success,False,False,
pm_css,pm_css-n42k8-s201,201,42,8,34,signatures,True,success,False,False,
pm_css,pm_css-n42k8-s94,94,42,8,34,linear_dependency,True,success,False,False,
pm_css,pm_css-n42k8-s94,94,42,8,34,signatures,True,success,False,False,
pm_css,pm_css-n42k10-s89,89,42,10,32,linear_dependency,True,success,False,False,
pm_css,pm_css-n42k10-s89,89,42,10,32,signatures,True,success,False,False,
pm_css,pm_css-n42k10-s773,773,42,10,32,linear_dependency,True,success,False,False,
pm_css,pm_css-n42k10-s773,773,42,10,32,signatures,True,success,False,False,
pm_css,pm_css-n42k10-s654,654,42,10,32,linear_dependency,True,success,False,False,
pm_css,pm_css-n42k10-s654,654,42,10,32,signatures,True,success,False,False,
pm_css,pm_css-n42k10-s438,438,42,10,32,linear_dependency,True,success,False,False,
pm_css,pm_css-n42k10-s438,438,42,10,32,signatures,True,success,False,False,
pm_css,pm_css-n42k10-s433,433,42,10,32,linear_dependency,True,success,False,False,
pm_css,pm_css-n42k10-s433,433,42,10,32,signatures,True,success,False,False,
pm_css,pm_css-n42k10-s858,858,42,10,32,linear_dependency,True,success,False,False,
pm_css,pm_css-n42k10-s858,858,42,10,32,signatures,True,success,False,False,
pm_css,pm_css-n42k10-s85,85,42,10,32,linear_dependency,False,success,False,False,
pm_css,pm_css-n42k10-s85,85,42,10,32,signatures,True,success,False,False,
pm_css,pm_css-n42k10-s697,697,42,10,32,linear_dependency,True,success,False,False,
pm_css,pm_css-n42k10-s697,697,42,10,32,signatures,True,success,False,False,
pm_css,pm_css-n42k10-s201,201,42,10,32,linear_dependency,True,success,False,False,
pm_css,pm_css-n42k10-s201,201,42,10,32,signatures,True,success,False,False,
pm_css,pm_css-n42k10-s94,94,42,10,32,linear_dependency,False,success,False,False,
pm_css,pm_css-n42k10-s94,94,42,10,32,signatures,True,success,False,False,
pm_css,pm_css-n42k15-s89,89,42,15,27,linear_dependency,True,success,False,False,
pm_css,pm_css-n42k15-s89,89,42,15,27,signatures,True,success,False,False,
pm_css,pm_css-n42k15-s773,773,42,15,27,linear_dependency,True,success,False,False,
pm_css,pm_css-n42k15-s773,773,42,15,27,signatures,True,success,False,False,
pm_css,pm_css-n42k15-s654,654,42,15,27,linear_dependency,True,success,False,False,
pm_css,pm_css-n42k15-s654,654,42,15,27,signatures,True,success,False,False,
pm_css,pm_css-n42k15-s438,438,42,15,27,linear_dependency,True,success,False,False,
pm_css,pm_css-n42k15-s438,438,42,15,27,signatures,True,success,False,False,
pm_css,pm_css-n42k15-s433,433,42,15,27,linear_dependency,True,success,False,False,
pm_css,pm_css-n42k15-s433,433,42,15,27,signatures,True,success,False,False,
pm_css,pm_css-n42k15-s858,858,42,15,27,linear_dependency,True,success,False,False,
pm_css,pm_css-n42k15-s858,858,42,15,27,signatures,True,success,False,False,
pm_css,pm_css-n42k15-s85,85,42,15,27,linear_dependency,True,success,False,False,
pm_css,pm_css-n42k15-s85,85,42,15,27,signatures,True,success,False,False,
pm_css,pm_css-n42k15-s697,697,42,15,27,linear_dependency,True,success,False,False,
pm_css,pm_css-n42k15-s697,697,42,15,27,signatures,True,success,False,False,
pm_css,pm_css-n42k15-s201,201,42,15,27,linear_dependency,True,success,False,False,
pm_css,pm_css-n42k15-s201,201,42,15,27,signatures,True,success,False,False,
pm_css,pm_css-n42k15-s94,94,42,15,27,linear_dependency,True,success,False,False,
pm_css,pm_css-n42k15-s94,94,42,15,27,signatures,True,success,False,False,
pm_css,pm_css-n42k20-s89,89,42,20,22,linear_dependency,True,success,False,False,
pm_css,pm_css-n42k20-s89,89,42,20,22,signatures,True,success,False,False,
pm_css,pm_css-n42k20-s773,773,42,20,22,linear_dependency,True,success,False,False,
pm_css,pm_css-n42k20-s773,773,42,20,22,signatures,True,success,False,False,
pm_css,pm_css-n42k20-s654,654,42,20,22,linear_dependency,True,success,False,False,
pm_css,pm_css-n42k20-s654,654,42,20,22,signatures,True,success,False,False,
pm_css,pm_css-n42k20-s438,438,42,20,22,linear_dependency,True,success,False,False,
pm_css,pm_css-n42k20-s438,438,42,20,22,signatures,True,success,False,False,
pm_css,pm_css-n42k20-s433,433,42,20,22,linear_dependency,True,success,False,False,
pm_css,pm_css-n42k20-s433,433,42,20,22,signatures,True,success,False,False,
pm_css,pm_css-n42k20-s858,858,42,20,22,linear_dependency,True,success,False,False,
pm_css,pm_css-n42k20-s858,858,42,20,22,signatures,True,success,False,False,
pm_css,pm_css-n42k20-s85,85,42,20,22,linear_dependency,False,success,False,False,
pm_css,pm_css-n42k20-s85,85,42,20,22,signatures,True,success,False,False,
pm_css,pm_css-n42k20-s697,697,42,20,22,linear_dependency,True,success,False,False,
pm_css,pm_css-n42k20-s697,697,42,20,22,signatures,True,success,False,False,
pm_css,pm_css-n42k20-s201,201,42,20,22,linear_dependency,True,success,False,False,
pm_css,pm_css-n42k20-s201,201,42,20,22,signatures,True,success,False,False,
pm_css,pm_css-n42k20-s94,94,42,20,22,linear_dependency,True,success,False,False,
pm_css,pm_css-n42k20-s94,94,42,20,22,signatures,True,success,False,False,
pm_css,pm_css-n42k25-s89,89,42,25,17,linear_dependency,True,success,False,False,
pm_css,pm_css-n42k25-s89,89,42,25,17,signatures,True,success,False,False,
pm_css,pm_css-n42k25-s773,773,42,25,17,linear_dependency,True,success,False,False,
pm_css,pm_css-n42k25-s773,773,42,25,17,signatures,True,success,False,False,
pm_css,pm_css-n42k25-s654,654,42,25,17,linear_dependency,True,success,False,False,
pm_css,pm_css-n42k25-s654,654,42,25,17,signatures,True,success,False,False,
pm_css,pm_css-n42k25-s438,438,42,25,17,linear_dependency,True,success,False,False,
pm_css,pm_css-n42k25-s438,438,42,25,17,signatures,True,success,False,False,
pm_css,pm_css-n42k25-s433,433,42,25,17,linear_dependency,True,success,False,False,
pm_css,pm_css-n42k25-s433,433,42,25,17,signatures,True,success,False,False,
pm_css,pm_css-n42k25-s858,858,42,25,17,linear_dependency,True,success,False,False,
pm_css,pm_css-n42k25-s858,858,42,25,17,signatures,True,success,False,False,
pm_css,pm_css-n42k25-s85,85,42,25,17,linear_dependency,True,success,False,False,
pm_css,pm_css-n42k25-s85,85,42,25,17,signatures,True,success,False,False,
pm_css,pm_css-n42k25-s697,697,42,25,17,linear_dependency,True,success,False,False,
pm_css,pm_css-n42k25-s697,697,42,25,17,signatures,True,success,False,False,
pm_css,pm_css-n42k25-s201,201,42,25,17,linear_dependency,True,success,False,False,
pm_css,pm_css-n42k25-s201,201,42,25,17,signatures,True,success,False,False,
pm_css,pm_css-n42k25-s94,94,42,25,17,linear_dependency,True,success,False,False,
pm_css,pm_css-n42k25-s94,94,42,25,17,signatures,True,success,False,False,
pm_css,pm_css-n42k30-s89,89,42,30,12,linear_dependency,True,success,False,False,
pm_css,pm_css-n42k30-s89,89,42,30,12,signatures,True,success,False,False,
pm_css,pm_css-n42k30-s773,773,42,30,12,linear_dependency,True,success,False,False,
pm_css,pm_css-n42k30-s773,773,42,30,12,signatures,True,success,False,False,
pm_css,pm_css-n42k30-s654,654,42,30,12,linear_dependency,True,success,False,False,
pm_css,pm_css-n42k30-s654,654,42,30,12,signatures,True,success,False,False,
pm_css,pm_css-n42k30-s438,438,42,30,12,linear_dependency,True,success,False,False,
pm_css,pm_css-n42k30-s438,438,42,30,12,signatures,True,success,False,False,
pm_css,pm_css-n42k30-s433,433,42,30,12,linear_dependency,True,success,False,False,
pm_css,pm_css-n42k30-s433,433,42,30,12,signatures,True,success,False,False,
pm_css,pm_css-n42k30-s858,858,42,30,12,linear_dependency,True,success,False,False,
pm_css,pm_css-n42k30-s858,858,42,30,12,signatures,True,success,False,False,
pm_css,pm_css-n42k30-s85,85,42,30,12,linear_dependency,True,success,False,False,
pm_css,pm_css-n42k30-s85,85,42,30,12,signatures,True,success,False,False,
pm_css,pm_css-n42k30-s697,697,42,30,12,linear_dependency,True,success,False,False,
pm_css,pm_css-n42k30-s697,697,42,30,12,signatures,True,success,False,False,
pm_css,pm_css-n42k30-s201,201,42,30,12,linear_dependency,True,success,False,False,
pm_css,pm_css-n42k30-s201,201,42,30,12,signatures,True,success,False,False,
pm_css,pm_css-n42k30-s94,94,42,30,12,linear_dependency,True,success,False,False,
pm_css,pm_css-n42k30-s94,94,42,30,12,signatures,True,success,False,False,
pm_css,pm_css-n47k0-s89,89,47,0,47,linear_dependency,True,success,False,False,
pm_css,pm_css-n47k0-s89,89,47,0,47,signatures,True,success,False,False,
pm_css,pm_css-n47k0-s773,773,47,0,47,linear_dependency,True,success,False,False,
pm_css,pm_css-n47k0-s773,773,47,0,47,signatures,True,success,False,False,
pm_css,pm_css-n47k0-s654,654,47,0,47,linear_dependency,True,success,False,False,
pm_css,pm_css-n47k0-s654,654,47,0,47,signatures,True,success,False,False,
pm_css,pm_css-n47k0-s438,438,47,0,47,linear_dependency,True,success,False,False,
pm_css,pm_css-n47k0-s438,438,47,0,47,signatures,True,success,False,False,
pm_css,pm_css-n47k0-s433,433,47,0,47,linear_dependency,True,success,False,False,
pm_css,pm_css-n47k0-s433,433,47,0,47,signatures,True,success,False,False,
pm_css,pm_css-n47k0-s858,858,47,0,47,linear_dependency,True,success,False,False,
pm_css,pm_css-n47k0-s858,858,47,0,47,signatures,True,success,False,False,
pm_css,pm_css-n47k0-s85,85,47,0,47,linear_dependency,True,success,False,False,
pm_css,pm_css-n47k0-s85,85,47,0,47,signatures,True,success,False,False,
pm_css,pm_css-n47k0-s697,697,47,0,47,linear_dependency,True,success,False,False,
pm_css,pm_css-n47k0-s697,697,47,0,47,signatures,True,success,False,False,
pm_css,pm_css-n47k0-s201,201,47,0,47,linear_dependency,True,success,False,False,
pm_css,pm_css-n47k0-s201,201,47,0,47,signatures,True,success,False,False,
pm_css,pm_css-n47k0-s94,94,47,0,47,linear_dependency,True,success,False,False,
pm_css,pm_css-n47k0-s94,94,47,0,47,signatures,True,success,False,False,
pm_css,pm_css-n47k4-s89,89,47,4,43,linear_dependency,True,success,False,False,
pm_css,pm_css-n47k4-s89,89,47,4,43,signatures,True,success,False,False,
pm_css,pm_css-n47k4-s773,773,47,4,43,linear_dependency,True,success,False,False,
pm_css,pm_css-n47k4-s773,773,47,4,43,signatures,True,success,False,False,
pm_css,pm_css-n47k4-s654,654,47,4,43,linear_dependency,True,success,False,False,
pm_css,pm_css-n47k4-s654,654,47,4,43,signatures,True,success,False,False,
pm_css,pm_css-n47k4-s438,438,47,4,43,linear_dependency,True,success,False,False,
pm_css,pm_css-n47k4-s438,438,47,4,43,signatures,True,success,False,False,
pm_css,pm_css-n47k4-s433,433,47,4,43,linear_dependency,True,success,False,False,
pm_css,pm_css-n47k4-s433,433,47,4,43,signatures,True,success,False,False,
pm_css,pm_css-n47k4-s858,858,47,4,43,linear_dependency,True,success,False,False,
pm_css,pm_css-n47k4-s858,858,47,4,43,signatures,True,success,False,False,
pm_css,pm_css-n47k4-s85,85,47,4,43,linear_dependency,True,success,False,False,
pm_css,pm_css-n47k4-s85,85,47,4,43,signatures,True,success,False,False,
pm_css,pm_css-n47k4-s697,697,47,4,43,linear_dependency,True,success,False,False,
pm_css,pm_css-n47k4-s697,697,47,4,43,signatures,True,success,False,False,
pm_css,pm_css-n47k4-s201,201,47,4,43,linear_dependency,False,success,False,False,
pm_css,pm_css-n47k4-s201,201,47,4,43,signatures,True,success,False,False,
pm_css,pm_css-n47k4-s94,94,47,4,43,linear_dependency,True,success,False,False,
pm_css,pm_css-n47k4-s94,94,47,4,43,signatures,True,success,False,False,
pm_css,pm_css-n47k5-s89,89,47,5,42,linear_dependency,False,success,False,False,
pm_css,pm_css-n47k5-s89,89,47,5,42,signatures,True,success,False,False,
pm_css,pm_css-n47k5-s773,773,47,5,42,linear_dependency,True,success,False,False,
pm_css,pm_css-n47k5-s773,773,47,5,42,signatures,True,success,False,False,
pm_css,pm_css-n47k5-s654,654,47,5,42,linear_dependency,True,success,False,False,
pm_css,pm_css-n47k5-s654,654,47,5,42,signatures,True,success,False,False,
pm_css,pm_css-n47k5-s438,438,47,5,42,linear_dependency,True,success,False,False,
pm_css,pm_css-n47k5-s438,438,47,5,42,signatures,True,success,False,False,
pm_css,pm_css-n47k5-s433,433,47,5,42,linear_dependency,True,success,False,False,
pm_css,pm_css-n47k5-s433,433,47,5,42,signatures,True,success,False,False,
pm_css,pm_css-n47k5-s858,858,47,5,42,linear_dependency,True,success,False,False,
pm_css,pm_css-n47k5-s858,858,47,5,42,signatures,True,success,False,False,
pm_css,pm_css-n47k5-s85,85,47,5,42,linear_dependency,True,success,False,False,
pm_css,pm_css-n47k5-s85,85,47,5,42,signatures,True,success,False,False,
pm_css,pm_css-n47k5-s697,697,47,5,42,linear_dependency,True,success,False,False,
pm_css,pm_css-n47k5-s697,697,47,5,42,signatures,True,success,False,False,
pm_css,pm_css-n47k5-s201,201,47,5,42,linear_dependency,True,success,False,False,
pm_css,pm_css-n47k5-s201,201,47,5,42,signatures,True,success,False,False,
pm_css,pm_css-n47k5-s94,94,47,5,42,linear_dependency,True,success,False,False,
pm_css,pm_css-n47k5-s94,94,47,5,42,signatures,True,success,False,False,
pm_css,pm_css-n47k8-s89,89,47,8,39,linear_dependency,True,success,False,False,
pm_css,pm_css-n47k8-s89,89,47,8,39,signatures,True,success,False,False,
pm_css,pm_css-n47k8-s773,773,47,8,39,linear_dependency,True,success,False,False,
pm_css,pm_css-n47k8-s773,773,47,8,39,signatures,True,success,False,False,
pm_css,pm_css-n47k8-s654,654,47,8,39,linear_dependency,True,success,False,False,
pm_css,pm_css-n47k8-s654,654,47,8,39,signatures,True,success,False,False,
pm_css,pm_css-n47k8-s438,438,47,8,39,linear_dependency,True,success,False,False,
pm_css,pm_css-n47k8-s438,438,47,8,39,signatures,True,success,False,False,
pm_css,pm_css-n47k8-s433,433,47,8,39,linear_dependency,True,success,False,False,
pm_css,pm_css-n47k8-s433,433,47,8,39,signatures,True,success,False,False,
pm_css,pm_css-n47k8-s858,858,47,8,39,linear_dependency,True,success,False,False,
pm_css,pm_css-n47k8-s858,858,47,8,39,signatures,True,success,False,False,
pm_css,pm_css-n47k8-s85,85,47,8,39,linear_dependency,True,success,False,False,
pm_css,pm_css-n47k8-s85,85,47,8,39,signatures,True,success,False,False,
pm_css,pm_css-n47k8-s697,697,47,8,39,linear_dependency,True,success,False,False,
pm_css,pm_css-n47k8-s697,697,47,8,39,signatures,True,success,False,False,
pm_css,pm_css-n47k8-s201,201,47,8,39,linear_dependency,True,success,False,False,
pm_css,pm_css-n47k8-s201,201,47,8,39,signatures,True,success,False,False,
pm_css,pm_css-n47k8-s94,94,47,8,39,linear_dependency,True,success,False,False,
pm_css,pm_css-n47k8-s94,94,47,8,39,signatures,True,success,False,False,
pm_css,pm_css-n47k10-s89,89,47,10,37,linear_dependency,True,success,False,False,
pm_css,pm_css-n47k10-s89,89,47,10,37,signatures,True,success,False,False,
pm_css,pm_css-n47k10-s773,773,47,10,37,linear_dependency,True,success,False,False,
pm_css,pm_css-n47k10-s773,773,47,10,37,signatures,True,success,False,False,
pm_css,pm_css-n47k10-s654,654,47,10,37,linear_dependency,True,success,False,False,
pm_css,pm_css-n47k10-s654,654,47,10,37,signatures,True,success,False,False,
pm_css,pm_css-n47k10-s438,438,47,10,37,linear_dependency,True,success,False,False,
pm_css,pm_css-n47k10-s438,438,47,10,37,signatures,True,success,False,False,
pm_css,pm_css-n47k10-s433,433,47,10,37,linear_dependency,False,success,False,False,
pm_css,pm_css-n47k10-s433,433,47,10,37,signatures,True,success,False,False,
pm_css,pm_css-n47k10-s858,858,47,10,37,linear_dependency,True,success,False,False,
pm_css,pm_css-n47k10-s858,858,47,10,37,signatures,True,success,False,False,
pm_css,pm_css-n47k10-s85,85,47,10,37,linear_dependency,True,success,False,False,
pm_css,pm_css-n47k10-s85,85,47,10,37,signatures,True,success,False,False,
pm_css,pm_css-n47k10-s697,697,47,10,37,linear_dependency,True,success,False,False,
pm_css,pm_css-n47k10-s697,697,47,10,37,signatures,True,success,False,False,
pm_css,pm_css-n47k10-s201,201,47,10,37,linear_dependency,True,success,False,False,
pm_css,pm_css-n47k10-s201,201,47,10,37,signatures,True,success,False,False,
pm_css,pm_css-n47k10-s94,94,47,10,37,linear_dependency,True,success,False,False,
pm_css,pm_css-n47k10-s94,94,47,10,37,signatures,True,success,False,False,
pm_css,pm_css-n47k15-s89,89,47,15,32,linear_dependency,True,success,False,False,
pm_css,pm_css-n47k15-s89,89,47,15,32,signatures,True,success,False,False,
pm_css,pm_css-n47k15-s773,773,47,15,32,linear_dependency,True,success,False,False,
pm_css,pm_css-n47k15-s773,773,47,15,32,signatures,True,success,False,False,
pm_css,pm_css-n47k15-s654,654,47,15,32,linear_dependency,True,success,False,False,
pm_css,pm_css-n47k15-s654,654,47,15,32,signatures,True,success,False,False,
pm_css,pm_css-n47k15-s438,438,47,15,32,linear_dependency,True,success,False,False,
pm_css,pm_css-n47k15-s438,438,47,15,32,signatures,True,success,False,False,
pm_css,pm_css-n47k15-s433,433,47,15,32,linear_dependency,True,success,False,False,
pm_css,pm_css-n47k15-s433,433,47,15,32,signatures,True,success,False,False,
pm_css,pm_css-n47k15-s858,858,47,15,32,linear_dependency,True,success,False,False,
pm_css,pm_css-n47k15-s858,858,47,15,32,signatures,True,success,False,False,
pm_css,pm_css-n47k15-s85,85,47,15,32,linear_dependency,True,success,False,False,
pm_css,pm_css-n47k15-s85,85,47,15,32,signatures,True,success,False,False,
pm_css,pm_css-n47k15-s697,697,47,15,32,linear_dependency,True,success,False,False,
pm_css,pm_css-n47k15-s697,697,47,15,32,signatures,True,success,False,False,
pm_css,pm_css-n47k15-s201,201,47,15,32,linear_dependency,True,success,False,False,
pm_css,pm_css-n47k15-s201,201,47,15,32,signatures,True,success,False,False,
pm_css,pm_css-n47k15-s94,94,47,15,32,linear_dependency,True,success,False,False,
pm_css,pm_css-n47k15-s94,94,47,15,32,signatures,True,success,False,False,
pm_css,pm_css-n47k20-s89,89,47,20,27,linear_dependency,True,success,False,False,
pm_css,pm_css-n47k20-s89,89,47,20,27,signatures,True,success,False,False,
pm_css,pm_css-n47k20-s773,773,47,20,27,linear_dependency,False,success,False,False,
pm_css,pm_css-n47k20-s773,773,47,20,27,signatures,True,success,False,False,
pm_css,pm_css-n47k20-s654,654,47,20,27,linear_dependency,True,success,False,False,
pm_css,pm_css-n47k20-s654,654,47,20,27,signatures,True,success,False,False,
pm_css,pm_css-n47k20-s438,438,47,20,27,linear_dependency,True,success,False,False,
pm_css,pm_css-n47k20-s438,438,47,20,27,signatures,True,success,False,False,
pm_css,pm_css-n47k20-s433,433,47,20,27,linear_dependency,True,success,False,False,
pm_css,pm_css-n47k20-s433,433,47,20,27,signatures,True,success,False,False,
pm_css,pm_css-n47k20-s858,858,47,20,27,linear_dependency,True,success,False,False,
pm_css,pm_css-n47k20-s858,858,47,20,27,signatures,True,success,False,False,
pm_css,pm_css-n47k20-s85,85,47,20,27,linear_dependency,True,success,False,False,
pm_css,pm_css-n47k20-s85,85,47,20,27,signatures,True,success,False,False,
pm_css,pm_css-n47k20-s697,697,47,20,27,linear_dependency,True,success,False,False,
pm_css,pm_css-n47k20-s697,697,47,20,27,signatures,True,success,False,False,
pm_css,pm_css-n47k20-s201,201,47,20,27,linear_dependency,True,success,False,False,
pm_css,pm_css-n47k20-s201,201,47,20,27,signatures,True,success,False,False,
pm_css,pm_css-n47k20-s94,94,47,20,27,linear_dependency,True,success,False,False,
pm_css,pm_css-n47k20-s94,94,47,20,27,signatures,True,success,False,False,
pm_css,pm_css-n47k25-s89,89,47,25,22,linear_dependency,True,success,False,False,
pm_css,pm_css-n47k25-s89,89,47,25,22,signatures,True,success,False,False,
pm_css,pm_css-n47k25-s773,773,47,25,22,linear_dependency,True,success,False,False,
pm_css,pm_css-n47k25-s773,773,47,25,22,signatures,True,success,False,False,
pm_css,pm_css-n47k25-s654,654,47,25,22,linear_dependency,False,success,False,False,
pm_css,pm_css-n47k25-s654,654,47,25,22,signatures,True,success,False,False,
pm_css,pm_css-n47k25-s438,438,47,25,22,linear_dependency,True,success,False,False,
pm_css,pm_css-n47k25-s438,438,47,25,22,signatures,True,success,False,False,
pm_css,pm_css-n47k25-s433,433,47,25,22,linear_dependency,True,success,False,False,
pm_css,pm_css-n47k25-s433,433,47,25,22,signatures,True,success,False,False,
pm_css,pm_css-n47k25-s858,858,47,25,22,linear_dependency,True,success,False,False,
pm_css,pm_css-n47k25-s858,858,47,25,22,signatures,True,success,False,False,
pm_css,pm_css-n47k25-s85,85,47,25,22,linear_dependency,True,success,False,False,
pm_css,pm_css-n47k25-s85,85,47,25,22,signatures,True,success,False,False,
pm_css,pm_css-n47k25-s697,697,47,25,22,linear_dependency,True,success,False,False,
pm_css,pm_css-n47k25-s697,697,47,25,22,signatures,True,success,False,False,
pm_css,pm_css-n47k25-s201,201,47,25,22,linear_dependency,True,success,False,False,
pm_css,pm_css-n47k25-s201,201,47,25,22,signatures,True,success,False,False,
pm_css,pm_css-n47k25-s94,94,47,25,22,linear_dependency,True,success,False,False,
pm_css,pm_css-n47k25-s94,94,47,25,22,signatures,True,success,False,False,
pm_css,pm_css-n47k30-s89,89,47,30,17,linear_dependency,True,success,False,False,
pm_css,pm_css-n47k30-s89,89,47,30,17,signatures,True,success,False,False,
pm_css,pm_css-n47k30-s773,773,47,30,17,linear_dependency,True,success,False,False,
pm_css,pm_css-n47k30-s773,773,47,30,17,signatures,True,success,False,False,
pm_css,pm_css-n47k30-s654,654,47,30,17,linear_dependency,True,success,False,False,
pm_css,pm_css-n47k30-s654,654,47,30,17,signatures,True,success,False,False,
pm_css,pm_css-n47k30-s438,438,47,30,17,linear_dependency,True,success,False,False,
pm_css,pm_css-n47k30-s438,438,47,30,17,signatures,True,success,False,False,
pm_css,pm_css-n47k30-s433,433,47,30,17,linear_dependency,True,success,False,False,
pm_css,pm_css-n47k30-s433,433,47,30,17,signatures,True,success,False,False,
pm_css,pm_css-n47k30-s858,858,47,30,17,linear_dependency,True,success,False,False,
pm_css,pm_css-n47k30-s858,858,47,30,17,signatures,True,success,False,False,
pm_css,pm_css-n47k30-s85,85,47,30,17,linear_dependency,True,success,False,False,
pm_css,pm_css-n47k30-s85,85,47,30,17,signatures,True,success,False,False,
pm_css,pm_css-n47k30-s697,697,47,30,17,linear_dependency,True,success,False,False,
pm_css,pm_css-n47k30-s697,697,47,30,17,signatures,True,success,False,False,
pm_css,pm_css-n47k30-s201,201,47,30,17,linear_dependency,True,success,False,False,
pm_css,pm_css-n47k30-s201,201,47,30,17,signatures,True,success,False,False,
pm_css,pm_css-n47k30-s94,94,47,30,17,linear_dependency,True,success,False,False,
pm_css,pm_css-n47k30-s94,94,47,30,17,signatures,True,success,False,False,
pm_css,pm_css-n47k35-s89,89,47,35,12,linear_dependency,True,success,False,False,
pm_css,pm_css-n47k35-s89,89,47,35,12,signatures,True,success,False,False,
pm_css,pm_css-n47k35-s773,773,47,35,12,linear_dependency,True,success,False,False,
pm_css,pm_css-n47k35-s773,773,47,35,12,signatures,True,success,False,False,
pm_css,pm_css-n47k35-s654,654,47,35,12,linear_dependency,True,success,False,False,
pm_css,pm_css-n47k35-s654,654,47,35,12,signatures,True,success,False,False,
pm_css,pm_css-n47k35-s438,438,47,35,12,linear_dependency,True,success,False,False,
pm_css,pm_css-n47k35-s438,438,47,35,12,signatures,True,success,False,False,
pm_css,pm_css-n47k35-s433,433,47,35,12,linear_dependency,True,success,False,False,
pm_css,pm_css-n47k35-s433,433,47,35,12,signatures,True,success,False,False,
pm_css,pm_css-n47k35-s858,858,47,35,12,linear_dependency,True,success,False,False,
pm_css,pm_css-n47k35-s858,858,47,35,12,signatures,True,success,False,False,
pm_css,pm_css-n47k35-s85,85,47,35,12,linear_dependency,True,success,False,False,
pm_css,pm_css-n47k35-s85,85,47,35,12,signatures,True,success,False,False,
pm_css,pm_css-n47k35-s697,697,47,35,12,linear_dependency,True,success,False,False,
pm_css,pm_css-n47k35-s697,697,47,35,12,signatures,True,success,False,False,
pm_css,pm_css-n47k35-s201,201,47,35,12,linear_dependency,True,success,False,False,
pm_css,pm_css-n47k35-s201,201,47,35,12,signatures,True,success,False,False,
pm_css,pm_css-n47k35-s94,94,47,35,12,linear_dependency,True,success,False,False,
pm_css,pm_css-n47k35-s94,94,47,35,12,signatures,True,success,False,False,
lc_stb,lc_stb-n3k0-s89,89,3,0,3,local_invariant,True,success,False,False,
lc_stb,lc_stb-n3k0-s773,773,3,0,3,local_invariant,True,success,False,False,
lc_stb,lc_stb-n3k0-s654,654,3,0,3,local_invariant,True,success,False,False,
lc_stb,lc_stb-n3k0-s438,438,3,0,3,local_invariant,True,success,False,False,
lc_stb,lc_stb-n3k0-s433,433,3,0,3,local_invariant,True,success,False,False,
lc_stb,lc_stb-n3k0-s858,858,3,0,3,local_invariant,True,success,False,False,
lc_stb,lc_stb-n3k0-s85,85,3,0,3,local_invariant,True,success,False,False,
lc_stb,lc_stb-n3k0-s697,697,3,0,3,local_invariant,True,success,False,False,
lc_stb,lc_stb-n3k0-s201,201,3,0,3,local_invariant,True,success,False,False,
lc_stb,lc_stb-n3k0-s94,94,3,0,3,local_invariant,True,success,False,False,
lc_stb,lc_stb-n3k1-s89,89,3,1,2,local_invariant,True,success,False,False,
lc_stb,lc_stb-n3k1-s773,773,3,1,2,local_invariant,True,success,False,False,
lc_stb,lc_stb-n3k1-s654,654,3,1,2,local_invariant,True,success,False,False,
lc_stb,lc_stb-n3k1-s438,438,3,1,2,local_invariant,True,success,False,False,
lc_stb,lc_stb-n3k1-s433,433,3,1,2,local_invariant,True,success,False,False,
lc_stb,lc_stb-n3k1-s858,858,3,1,2,local_invariant,True,success,False,False,
lc_stb,lc_stb-n3k1-s85,85,3,1,2,local_invariant,True,success,False,False,
lc_stb,lc_stb-n3k1-s697,697,3,1,2,local_invariant,True,success,False,False,
lc_stb,lc_stb-n3k1-s201,201,3,1,2,local_invariant,True,success,False,False,
lc_stb,lc_stb-n3k1-s94,94,3,1,2,local_invariant,True,success,False,False,
lc_stb,lc_stb-n3k2-s89,89,3,2,1,local_invariant,True,success,False,False,
lc_stb,lc_stb-n3k2-s773,773,3,2,1,local_invariant,True,success,False,False,
lc_stb,lc_stb-n3k2-s654,654,3,2,1,local_invariant,True,success,False,False,
lc_stb,lc_stb-n3k2-s438,438,3,2,1,local_invariant,True,success,False,False,
lc_stb,lc_stb-n3k2-s433,433,3,2,1,local_invariant,True,success,False,False,
lc_stb,lc_stb-n3k2-s858,858,3,2,1,local_invariant,True,success,False,False,
lc_stb,lc_stb-n3k2-s85,85,3,2,1,local_invariant,True,success,False,False,
lc_stb,lc_stb-n3k2-s697,697,3,2,1,local_invariant,True,success,False,False,
lc_stb,lc_stb-n3k2-s201,201,3,2,1,local_invariant,True,success,False,False,
lc_stb,lc_stb-n3k2-s94,94,3,2,1,local_invariant,True,success,False,False,
lc_stb,lc_stb-n4k0-s89,89,4,0,4,local_invariant,True,success,False,False,
lc_stb,lc_stb-n4k0-s773,773,4,0,4,local_invariant,True,success,False,False,
lc_stb,lc_stb-n4k0-s654,654,4,0,4,local_invariant,True,success,False,False,
lc_stb,lc_stb-n4k0-s438,438,4,0,4,local_invariant,True,success,False,False,
lc_stb,lc_stb-n4k0-s433,433,4,0,4,local_invariant,True,success,False,False,
lc_stb,lc_stb-n4k0-s858,858,4,0,4,local_invariant,True,success,False,False,
lc_stb,lc_stb-n4k0-s85,85,4,0,4,local_invariant,True,success,False,False,
lc_stb,lc_stb-n4k0-s697,697,4,0,4,local_invariant,True,success,False,False,
lc_stb,lc_stb-n4k0-s201,201,4,0,4,local_invariant,True,success,False,False,
lc_stb,lc_stb-n4k0-s94,94,4,0,4,local_invariant,True,success,False,False,
lc_stb,lc_stb-n4k1-s89,89,4,1,3,local_invariant,True,success,False,False,
lc_stb,lc_stb-n4k1-s773,773,4,1,3,local_invariant,True,success,False,False,
lc_stb,lc_stb-n4k1-s654,654,4,1,3,local_invariant,True,success,False,False,
lc_stb,lc_stb-n4k1-s438,438,4,1,3,local_invariant,True,success,False,False,
lc_stb,lc_stb-n4k1-s433,433,4,1,3,local_invariant,True,success,False,False,
lc_stb,lc_stb-n4k1-s858,858,4,1,3,local_invariant,True,success,False,False,
lc_stb,lc_stb-n4k1-s85,85,4,1,3,local_invariant,True,success,False,False,
lc_stb,lc_stb-n4k1-s697,697,4,1,3,local_invariant,True,success,False,False,
lc_stb,lc_stb-n4k1-s201,201,4,1,3,local_invariant,True,success,False,False,
lc_stb,lc_stb-n4k1-s94,94,4,1,3,local_invariant,True,success,False,False,
lc_stb,lc_stb-n4k2-s89,89,4,2,2,local_invariant,False,success,False,False,
lc_stb,lc_stb-n4k2-s773,773,4,2,2,local_invariant,True,success,False,False,
lc_stb,lc_stb-n4k2-s654,654,4,2,2,local_invariant,False,success,False,False,
lc_stb,lc_stb-n4k2-s438,438,4,2,2,local_invariant,True,success,False,False,
lc_stb,lc_stb-n4k2-s433,433,4,2,2,local_invariant,True,success,False,False,
lc_stb,lc_stb-n4k2-s858,858,4,2,2,local_invariant,True,success,False,False,
lc_stb,lc_stb-n4k2-s85,85,4,2,2,local_invariant,False,success,False,False,
lc_stb,lc_stb-n4k2-s697,697,4,2,2,local_invariant,True,success,False,False,
lc_stb,lc_stb-n4k2-s201,201,4,2,2,local_invariant,False,success,False,False,
lc_stb,lc_stb-n4k2-s94,94,4,2,2,local_invariant,True,success,False,False,
lc_stb,lc_stb-n4k3-s89,89,4,3,1,local_invariant,True,success,False,False,
lc_stb,lc_stb-n4k3-s773,773,4,3,1,local_invariant,True,success,False,False,
lc_stb,lc_stb-n4k3-s654,654,4,3,1,local_invariant,False,success,False,False,
lc_stb,lc_stb-n4k3-s438,438,4,3,1,local_invariant,True,success,False,False,
lc_stb,lc_stb-n4k3-s433,433,4,3,1,local_invariant,True,success,False,False,
lc_stb,lc_stb-n4k3-s858,858,4,3,1,local_invariant,True,success,False,False,
lc_stb,lc_stb-n4k3-s85,85,4,3,1,local_invariant,False,success,False,False,
lc_stb,lc_stb-n4k3-s697,697,4,3,1,local_invariant,False,success,False,False,
lc_stb,lc_stb-n4k3-s201,201,4,3,1,local_invariant,False,success,False,False,
lc_stb,lc_stb-n4k3-s94,94,4,3,1,local_invariant,False,success,False,False,
lc_stb,lc_stb-n5k0-s89,89,5,0,5,local_invariant,True,success,False,False,
lc_stb,lc_stb-n5k0-s773,773,5,0,5,local_invariant,True,success,False,False,
lc_stb,lc_stb-n5k0-s654,654,5,0,5,local_invariant,True,success,False,False,
lc_stb,lc_stb-n5k0-s438,438,5,0,5,local_invariant,True,success,False,False,
lc_stb,lc_stb-n5k0-s433,433,5,0,5,local_invariant,True,success,False,False,
lc_stb,lc_stb-n5k0-s858,858,5,0,5,local_invariant,True,success,False,False,
lc_stb,lc_stb-n5k0-s85,85,5,0,5,local_invariant,True,success,False,False,
lc_stb,lc_stb-n5k0-s697,697,5,0,5,local_invariant,True,success,False,False,
lc_stb,lc_stb-n5k0-s201,201,5,0,5,local_invariant,True,success,False,False,
lc_stb,lc_stb-n5k0-s94,94,5,0,5,local_invariant,True,success,False,False,
lc_stb,lc_stb-n5k1-s89,89,5,1,4,local_invariant,True,success,False,False,
lc_stb,lc_stb-n5k1-s773,773,5,1,4,local_invariant,True,success,False,False,
lc_stb,lc_stb-n5k1-s654,654,5,1,4,local_invariant,True,success,False,False,
lc_stb,lc_stb-n5k1-s438,438,5,1,4,local_invariant,True,success,False,False,
lc_stb,lc_stb-n5k1-s433,433,5,1,4,local_invariant,True,success,False,False,
lc_stb,lc_stb-n5k1-s858,858,5,1,4,local_invariant,True,success,False,False,
lc_stb,lc_stb-n5k1-s85,85,5,1,4,local_invariant,True,success,False,False,
lc_stb,lc_stb-n5k1-s697,697,5,1,4,local_invariant,True,success,False,False,
lc_stb,lc_stb-n5k1-s201,201,5,1,4,local_invariant,True,success,False,False,
lc_stb,lc_stb-n5k1-s94,94,5,1,4,local_invariant,True,success,False,False,
lc_stb,lc_stb-n5k2-s89,89,5,2,3,local_invariant,True,success,False,False,
lc_stb,lc_stb-n5k2-s773,773,5,2,3,local_invariant,True,success,False,False,
lc_stb,lc_stb-n5k2-s654,654,5,2,3,local_invariant,True,success,False,False,
lc_stb,lc_stb-n5k2-s438,438,5,2,3,local_invariant,True,success,False,False,
lc_stb,lc_stb-n5k2-s433,433,5,2,3,local_invariant,False,success,False,False,
lc_stb,lc_stb-n5k2-s858,858,5,2,3,local_invariant,True,success,False,False,
lc_stb,lc_stb-n5k2-s85,85,5,2,3,local_invariant,True,success,False,False,
lc_stb,lc_stb-n5k2-s697,697,5,2,3,local_invariant,True,success,False,False,
lc_stb,lc_stb-n5k2-s201,201,5,2,3,local_invariant,True,success,False,False,
lc_stb,lc_stb-n5k2-s94,94,5,2,3,local_invariant,True,success,False,False,
lc_stb,lc_stb-n5k3-s89,89,5,3,2,local_invariant,False,success,False,False,
lc_stb,lc_stb-n5k3-s773,773,5,3,2,local_invariant,True,success,False,False,
lc_stb,lc_stb-n5k3-s654,654,5,3,2,local_invariant,True,success,False,False,
lc_stb,lc_stb-n5k3-s438,438,5,3,2,local_invariant,True,success,False,False,
lc_stb,lc_stb-n5k3-s433,433,5,3,2,local_invariant,False,success,False,False,
lc_stb,lc_stb-n5k3-s858,858,5,3,2,local_invariant,False,success,False,False,
lc_stb,lc_stb-n5k3-s85,85,5,3,2,local_invariant,True,success,False,False,
lc_stb,lc_stb-n5k3-s697,697,5,3,2,local_invariant,False,success,False,False,
lc_stb,lc_stb-n5k3-s201,201,5,3,2,local_invariant,True,success,False,False,
lc_stb,lc_stb-n5k3-s94,94,5,3,2,local_invariant,True,success,False,False,
lc_stb,lc_stb-n5k4-s89,89,5,4,1,local_invariant,True,success,False,False,
lc_stb,lc_stb-n5k4-s773,773,5,4,1,local_invariant,False,success,False,False,
lc_stb,lc_stb-n5k4-s654,654,5,4,1,local_invariant,False,success,False,False,
lc_stb,lc_stb-n5k4-s438,438,5,4,1,local_invariant,False,success,False,False,
lc_stb,lc_stb-n5k4-s433,433,5,4,1,local_invariant,False,success,False,False,
lc_stb,lc_stb-n5k4-s858,858,5,4,1,local_invariant,False,success,False,False,
lc_stb,lc_stb-n5k4-s85,85,5,4,1,local_invariant,False,success,False,False,
lc_stb,lc_stb-n5k4-s697,697,5,4,1,local_invariant,True,success,False,False,
lc_stb,lc_stb-n5k4-s201,201,5,4,1,local_invariant,True,success,False,False,
lc_stb,lc_stb-n5k4-s94,94,5,4,1,local_invariant,False,success,False,False,
lc_stb,lc_stb-n6k0-s89,89,6,0,6,local_invariant,True,success,False,False,
lc_stb,lc_stb-n6k0-s773,773,6,0,6,local_invariant,True,success,False,False,
lc_stb,lc_stb-n6k0-s654,654,6,0,6,local_invariant,True,success,False,False,
lc_stb,lc_stb-n6k0-s438,438,6,0,6,local_invariant,True,success,False,False,
lc_stb,lc_stb-n6k0-s433,433,6,0,6,local_invariant,True,success,False,False,
lc_stb,lc_stb-n6k0-s858,858,6,0,6,local_invariant,True,success,False,False,
lc_stb,lc_stb-n6k0-s85,85,6,0,6,local_invariant,True,success,False,False,
lc_stb,lc_stb-n6k0-s697,697,6,0,6,local_invariant,True,success,False,False,
lc_stb,lc_stb-n6k0-s201,201,6,0,6,local_invariant,True,success,False,False,
lc_stb,lc_stb-n6k0-s94,94,6,0,6,local_invariant,True,success,False,False,
lc_stb,lc_stb-n6k1-s89,89,6,1,5,local_invariant,True,success,False,False,
lc_stb,lc_stb-n6k1-s773,773,6,1,5,local_invariant,False,success,False,False,
lc_stb,lc_stb-n6k1-s654,654,6,1,5,local_invariant,True,success,False,False,
lc_stb,lc_stb-n6k1-s438,438,6,1,5,local_invariant,True,success,False,False,
lc_stb,lc_stb-n6k1-s433,433,6,1,5,local_invariant,True,success,False,False,
lc_stb,lc_stb-n6k1-s858,858,6,1,5,local_invariant,True,success,False,False,
lc_stb,lc_stb-n6k1-s85,85,6,1,5,local_invariant,False,success,False,False,
lc_stb,lc_stb-n6k1-s697,697,6,1,5,local_invariant,True,success,False,False,
lc_stb,lc_stb-n6k1-s201,201,6,1,5,local_invariant,False,success,False,False,
lc_stb,lc_stb-n6k1-s94,94,6,1,5,local_invariant,True,success,False,False,
lc_stb,lc_stb-n6k2-s89,89,6,2,4,local_invariant,True,success,False,False,
lc_stb,lc_stb-n6k2-s773,773,6,2,4,local_invariant,False,success,False,False,
lc_stb,lc_stb-n6k2-s654,654,6,2,4,local_invariant,False,success,False,False,
lc_stb,lc_stb-n6k2-s438,438,6,2,4,local_invariant,False,success,False,False,
lc_stb,lc_stb-n6k2-s433,433,6,2,4,local_invariant,True,success,False,False,
lc_stb,lc_stb-n6k2-s858,858,6,2,4,local_invariant,True,success,False,False,
lc_stb,lc_stb-n6k2-s85,85,6,2,4,local_invariant,False,success,False,False,
lc_stb,lc_stb-n6k2-s697,697,6,2,4,local_invariant,False,success,False,False,
lc_stb,lc_stb-n6k2-s201,201,6,2,4,local_invariant,False,success,False,False,
lc_stb,lc_stb-n6k2-s94,94,6,2,4,local_invariant,False,success,False,False,
lc_stb,lc_stb-n6k3-s89,89,6,3,3,local_invariant,False,success,False,False,
lc_stb,lc_stb-n6k3-s773,773,6,3,3,local_invariant,True,success,False,False,
lc_stb,lc_stb-n6k3-s654,654,6,3,3,local_invariant,False,success,False,False,
lc_stb,lc_stb-n6k3-s438,438,6,3,3,local_invariant,True,success,False,False,
lc_stb,lc_stb-n6k3-s433,433,6,3,3,local_invariant,True,success,False,False,
lc_stb,lc_stb-n6k3-s858,858,6,3,3,local_invariant,True,success,False,False,
lc_stb,lc_stb-n6k3-s85,85,6,3,3,local_invariant,False,success,False,False,
lc_stb,lc_stb-n6k3-s697,697,6,3,3,local_invariant,True,success,False,False,
lc_stb,lc_stb-n6k3-s201,201,6,3,3,local_invariant,False,success,False,False,
lc_stb,lc_stb-n6k3-s94,94,6,3,3,local_invariant,True,success,False,False,
lc_stb,lc_stb-n6k4-s89,89,6,4,2,local_invariant,False,success,False,False,
lc_stb,lc_stb-n6k4-s773,773,6,4,2,local_invariant,False,success,False,False,
lc_stb,lc_stb-n6k4-s654,654,6,4,2,local_invariant,False,success,False,False,
lc_stb,lc_stb-n6k4-s438,438,6,4,2,local_invariant,False,success,False,False,
lc_stb,lc_stb-n6k4-s433,433,6,4,2,local_invariant,True,success,False,False,
lc_stb,lc_stb-n6k4-s858,858,6,4,2,local_invariant,False,success,False,False,
lc_stb,lc_stb-n6k4-s85,85,6,4,2,local_invariant,False,success,False,False,
lc_stb,lc_stb-n6k4-s697,697,6,4,2,local_invariant,False,success,False,False,
lc_stb,lc_stb-n6k4-s201,201,6,4,2,local_invariant,False,success,False,False,
lc_stb,lc_stb-n6k4-s94,94,6,4,2,local_invariant,False,success,False,False,
lc_stb,lc_stb-n6k5-s89,89,6,5,1,local_invariant,False,success,False,False,
lc_stb,lc_stb-n6k5-s773,773,6,5,1,local_invariant,False,success,False,False,
lc_stb,lc_stb-n6k5-s654,654,6,5,1,local_invariant,False,success,False,False,
lc_stb,lc_stb-n6k5-s438,438,6,5,1,local_invariant,False,success,False,False,
lc_stb,lc_stb-n6k5-s433,433,6,5,1,local_invariant,False,success,False,False,
lc_stb,lc_stb-n6k5-s858,858,6,5,1,local_invariant,True,success,False,False,
lc_stb,lc_stb-n6k5-s85,85,6,5,1,local_invariant,False,success,False,False,
lc_stb,lc_stb-n6k5-s697,697,6,5,1,local_invariant,True,success,False,False,
lc_stb,lc_stb-n6k5-s201,201,6,5,1,local_invariant,False,success,False,False,
lc_stb,lc_stb-n6k5-s94,94,6,5,1,local_invariant,False,success,False,False,
lc_stb,lc_stb-n7k0-s89,89,7,0,7,local_invariant,True,success,False,False,
lc_stb,lc_stb-n7k0-s773,773,7,0,7,local_invariant,True,success,False,False,
lc_stb,lc_stb-n7k0-s654,654,7,0,7,local_invariant,True,success,False,False,
lc_stb,lc_stb-n7k0-s438,438,7,0,7,local_invariant,True,success,False,False,
lc_stb,lc_stb-n7k0-s433,433,7,0,7,local_invariant,True,success,False,False,
lc_stb,lc_stb-n7k0-s858,858,7,0,7,local_invariant,True,success,False,False,
lc_stb,lc_stb-n7k0-s85,85,7,0,7,local_invariant,True,success,False,False,
lc_stb,lc_stb-n7k0-s697,697,7,0,7,local_invariant,True,success,False,False,
lc_stb,lc_stb-n7k0-s201,201,7,0,7,local_invariant,True,success,False,False,
lc_stb,lc_stb-n7k0-s94,94,7,0,7,local_invariant,True,success,False,False,
lc_stb,lc_stb-n7k2-s89,89,7,2,5,local_invariant,False,success,False,False,
lc_stb,lc_stb-n7k2-s773,773,7,2,5,local_invariant,True,success,False,False,
lc_stb,lc_stb-n7k2-s654,654,7,2,5,local_invariant,False,success,False,False,
lc_stb,lc_stb-n7k2-s438,438,7,2,5,local_invariant,True,success,False,False,
lc_stb,lc_stb-n7k2-s433,433,7,2,5,local_invariant,True,success,False,False,
lc_stb,lc_stb-n7k2-s858,858,7,2,5,local_invariant,True,success,False,False,
lc_stb,lc_stb-n7k2-s85,85,7,2,5,local_invariant,True,success,False,False,
lc_stb,lc_stb-n7k2-s697,697,7,2,5,local_invariant,True,success,False,False,
lc_stb,lc_stb-n7k2-s201,201,7,2,5,local_invariant,False,success,False,False,
lc_stb,lc_stb-n7k2-s94,94,7,2,5,local_invariant,False,success,False,False,
lc_stb,lc_stb-n7k4-s89,89,7,4,3,local_invariant,True,success,False,False,
lc_stb,lc_stb-n7k4-s773,773,7,4,3,local_invariant,True,success,False,False,
lc_stb,lc_stb-n7k4-s654,654,7,4,3,local_invariant,False,success,False,False,
lc_stb,lc_stb-n7k4-s438,438,7,4,3,local_invariant,False,success,False,False,
lc_stb,lc_stb-n7k4-s433,433,7,4,3,local_invariant,False,success,False,False,
lc_stb,lc_stb-n7k4-s858,858,7,4,3,local_invariant,False,success,False,False,
lc_stb,lc_stb-n7k4-s85,85,7,4,3,local_invariant,False,success,False,False,
lc_stb,lc_stb-n7k4-s697,697,7,4,3,local_invariant,False,success,False,False,
lc_stb,lc_stb-n7k4-s201,201,7,4,3,local_invariant,False,success,False,False,
lc_stb,lc_stb-n7k4-s94,94,7,4,3,local_invariant,False,success,False,False,
lc_stb,lc_stb-n7k6-s89,89,7,6,1,local_invariant,False,success,False,False,
lc_stb,lc_stb-n7k6-s773,773,7,6,1,local_invariant,False,success,False,False,
lc_stb,lc_stb-n7k6-s654,654,7,6,1,local_invariant,False,success,False,False,
lc_stb,lc_stb-n7k6-s438,438,7,6,1,local_invariant,True,success,False,False,
lc_stb,lc_stb-n7k6-s433,433,7,6,1,local_invariant,False,success,False,False,
lc_stb,lc_stb-n7k6-s858,858,7,6,1,local_invariant,True,success,False,False,
lc_stb,lc_stb-n7k6-s85,85,7,6,1,local_invariant,False,success,False,False,
lc_stb,lc_stb-n7k6-s697,697,7,6,1,local_invariant,False,success,False,False,
lc_stb,lc_stb-n7k6-s201,201,7,6,1,local_invariant,False,success,False,False,
lc_stb,lc_stb-n7k6-s94,94,7,6,1,local_invariant,False,success,False,False,
lc_stb,lc_stb-n8k0-s89,89,8,0,8,local_invariant,True,success,False,False,
lc_stb,lc_stb-n8k0-s773,773,8,0,8,local_invariant,False,success,False,False,
lc_stb,lc_stb-n8k0-s654,654,8,0,8,local_invariant,True,success,False,False,
lc_stb,lc_stb-n8k0-s438,438,8,0,8,local_invariant,True,success,False,False,
lc_stb,lc_stb-n8k0-s433,433,8,0,8,local_invariant,True,success,False,False,
lc_stb,lc_stb-n8k0-s858,858,8,0,8,local_invariant,True,success,False,False,
lc_stb,lc_stb-n8k0-s85,85,8,0,8,local_invariant,True,success,False,False,
lc_stb,lc_stb-n8k0-s697,697,8,0,8,local_invariant,True,success,False,False,
lc_stb,lc_stb-n8k0-s201,201,8,0,8,local_invariant,False,success,False,False,
lc_stb,lc_stb-n8k0-s94,94,8,0,8,local_invariant,True,success,False,False,
lc_stb,lc_stb-n8k2-s89,89,8,2,6,local_invariant,True,success,False,False,
lc_stb,lc_stb-n8k2-s773,773,8,2,6,local_invariant,False,success,False,False,
lc_stb,lc_stb-n8k2-s654,654,8,2,6,local_invariant,False,success,False,False,
lc_stb,lc_stb-n8k2-s438,438,8,2,6,local_invariant,True,success,False,False,
lc_stb,lc_stb-n8k2-s433,433,8,2,6,local_invariant,False,success,False,False,
lc_stb,lc_stb-n8k2-s858,858,8,2,6,local_invariant,True,success,False,False,
lc_stb,lc_stb-n8k2-s85,85,8,2,6,local_invariant,False,success,False,False,
lc_stb,lc_stb-n8k2-s697,697,8,2,6,local_invariant,True,success,False,False,
lc_stb,lc_stb-n8k2-s201,201,8,2,6,local_invariant,True,success,False,False,
lc_stb,lc_stb-n8k2-s94,94,8,2,6,local_invariant,True,success,False,False,
lc_stb,lc_stb-n8k4-s89,89,8,4,4,local_invariant,False,success,False,False,
lc_stb,lc_stb-n8k4-s773,773,8,4,4,local_invariant,False,success,False,False,
lc_stb,lc_stb-n8k4-s654,654,8,4,4,local_invariant,False,success,False,False,
lc_stb,lc_stb-n8k4-s438,438,8,4,4,local_invariant,True,success,False,False,
lc_stb,lc_stb-n8k4-s433,433,8,4,4,local_invariant,True,success,False,False,
lc_stb,lc_stb-n8k4-s858,858,8,4,4,local_invariant,False,success,False,False,
lc_stb,lc_stb-n8k4-s85,85,8,4,4,local_invariant,True,success,False,False,
lc_stb,lc_stb-n8k4-s697,697,8,4,4,local_invariant,True,success,False,False,
lc_stb,lc_stb-n8k4-s201,201,8,4,4,local_invariant,False,success,False,False,
lc_stb,lc_stb-n8k4-s94,94,8,4,4,local_invariant,False,success,False,False,
lc_stb,lc_stb-n8k6-s89,89,8,6,2,local_invariant,False,success,False,False,
lc_stb,lc_stb-n8k6-s773,773,8,6,2,local_invariant,False,success,False,False,
lc_stb,lc_stb-n8k6-s654,654,8,6,2,local_invariant,True,success,False,False,
lc_stb,lc_stb-n8k6-s438,438,8,6,2,local_invariant,False,success,False,False,
lc_stb,lc_stb-n8k6-s433,433,8,6,2,local_invariant,False,success,False,False,
lc_stb,lc_stb-n8k6-s858,858,8,6,2,local_invariant,False,success,False,False,
lc_stb,lc_stb-n8k6-s85,85,8,6,2,local_invariant,False,success,False,False,
lc_stb,lc_stb-n8k6-s697,697,8,6,2,local_invariant,False,success,False,False,
lc_stb,lc_stb-n8k6-s201,201,8,6,2,local_invariant,False,success,False,False,
lc_stb,lc_stb-n8k6-s94,94,8,6,2,local_invariant,False,success,False,False,
lc_stb,lc_stb-n9k0-s89,89,9,0,9,local_invariant,True,success,False,False,
lc_stb,lc_stb-n9k0-s773,773,9,0,9,local_invariant,True,success,False,False,
lc_stb,lc_stb-n9k0-s654,654,9,0,9,local_invariant,True,success,False,False,
lc_stb,lc_stb-n9k0-s438,438,9,0,9,local_invariant,True,success,False,False,
lc_stb,lc_stb-n9k0-s433,433,9,0,9,local_invariant,True,success,False,False,
lc_stb,lc_stb-n9k0-s858,858,9,0,9,local_invariant,True,success,False,False,
lc_stb,lc_stb-n9k0-s85,85,9,0,9,local_invariant,False,success,False,False,
lc_stb,lc_stb-n9k0-s697,697,9,0,9,local_invariant,True,success,False,False,
lc_stb,lc_stb-n9k0-s201,201,9,0,9,local_invariant,True,success,False,False,
lc_stb,lc_stb-n9k0-s94,94,9,0,9,local_invariant,True,success,False,False,
lc_stb,lc_stb-n9k2-s89,89,9,2,7,local_invariant,False,success,False,False,
lc_stb,lc_stb-n9k2-s773,773,9,2,7,local_invariant,False,success,False,False,
lc_stb,lc_stb-n9k2-s654,654,9,2,7,local_invariant,True,success,False,False,
lc_stb,lc_stb-n9k2-s438,438,9,2,7,local_invariant,False,success,False,False,
lc_stb,lc_stb-n9k2-s433,433,9,2,7,local_invariant,False,success,False,False,
lc_stb,lc_stb-n9k2-s858,858,9,2,7,local_invariant,True,success,False,False,
lc_stb,lc_stb-n9k2-s85,85,9,2,7,local_invariant,False,success,False,False,
lc_stb,lc_stb-n9k2-s697,697,9,2,7,local_invariant,True,success,False,False,
lc_stb,lc_stb-n9k2-s201,201,9,2,7,local_invariant,False,success,False,False,
lc_stb,lc_stb-n9k2-s94,94,9,2,7,local_invariant,False,success,False,False,
lc_stb,lc_stb-n9k4-s89,89,9,4,5,local_invariant,False,success,False,False,
lc_stb,lc_stb-n9k4-s773,773,9,4,5,local_invariant,True,success,False,False,
lc_stb,lc_stb-n9k4-s654,654,9,4,5,local_invariant,True,success,False,False,
lc_stb,lc_stb-n9k4-s438,438,9,4,5,local_invariant,False,success,False,False,
lc_stb,lc_stb-n9k4-s433,433,9,4,5,local_invariant,False,success,False,False,
lc_stb,lc_stb-n9k4-s858,858,9,4,5,local_invariant,False,success,False,False,
lc_stb,lc_stb-n9k4-s85,85,9,4,5,local_invariant,True,success,False,False,
lc_stb,lc_stb-n9k4-s697,697,9,4,5,local_invariant,True,success,False,False,
lc_stb,lc_stb-n9k4-s201,201,9,4,5,local_invariant,True,success,False,False,
lc_stb,lc_stb-n9k4-s94,94,9,4,5,local_invariant,False,success,False,False,
lc_stb,lc_stb-n9k6-s89,89,9,6,3,local_invariant,False,success,False,False,
lc_stb,lc_stb-n9k6-s773,773,9,6,3,local_invariant,False,success,False,False,
lc_stb,lc_stb-n9k6-s654,654,9,6,3,local_invariant,False,success,False,False,
lc_stb,lc_stb-n9k6-s438,438,9,6,3,local_invariant,False,success,False,False,
lc_stb,lc_stb-n9k6-s433,433,9,6,3,local_invariant,False,success,False,False,
lc_stb,lc_stb-n9k6-s858,858,9,6,3,local_invariant,False,success,False,False,
lc_stb,lc_stb-n9k6-s85,85,9,6,3,local_invariant,True,success,False,False,
lc_stb,lc_stb-n9k6-s697,697,9,6,3,local_invariant,False,success,False,False,
lc_stb,lc_stb-n9k6-s201,201,9,6,3,local_invariant,False,success,False,False,
lc_stb,lc_stb-n9k6-s94,94,9,6,3,local_invariant,True,success,False,False,
lc_stb,lc_stb-n9k8-s89,89,9,8,1,local_invariant,False,success,False,False,
lc_stb,lc_stb-n9k8-s773,773,9,8,1,local_invariant,True,success,False,False,
lc_stb,lc_stb-n9k8-s654,654,9,8,1,local_invariant,True,success,False,False,
lc_stb,lc_stb-n9k8-s438,438,9,8,1,local_invariant,False,success,False,False,
lc_stb,lc_stb-n9k8-s433,433,9,8,1,local_invariant,False,success,False,False,
lc_stb,lc_stb-n9k8-s858,858,9,8,1,local_invariant,False,success,False,False,
lc_stb,lc_stb-n9k8-s85,85,9,8,1,local_invariant,False,success,False,False,
lc_stb,lc_stb-n9k8-s697,697,9,8,1,local_invariant,False,success,False,False,
lc_stb,lc_stb-n9k8-s201,201,9,8,1,local_invariant,False,success,False,False,
lc_stb,lc_stb-n9k8-s94,94,9,8,1,local_invariant,False,success,False,False,
lc_stb,lc_stb-n10k0-s89,89,10,0,10,local_invariant,True,success,False,False,
lc_stb,lc_stb-n10k0-s773,773,10,0,10,local_invariant,False,success,False,False,
lc_stb,lc_stb-n10k0-s654,654,10,0,10,local_invariant,True,success,False,False,
lc_stb,lc_stb-n10k0-s438,438,10,0,10,local_invariant,False,success,False,False,
lc_stb,lc_stb-n10k0-s433,433,10,0,10,local_invariant,True,success,False,False,
lc_stb,lc_stb-n10k0-s858,858,10,0,10,local_invariant,False,success,False,False,
lc_stb,lc_stb-n10k0-s85,85,10,0,10,local_invariant,False,success,False,False,
lc_stb,lc_stb-n10k0-s697,697,10,0,10,local_invariant,True,success,False,False,
lc_stb,lc_stb-n10k0-s201,201,10,0,10,local_invariant,False,success,False,False,
lc_stb,lc_stb-n10k0-s94,94,10,0,10,local_invariant,True,success,False,False,
lc_stb,lc_stb-n10k2-s89,89,10,2,8,local_invariant,False,success,False,False,
lc_stb,lc_stb-n10k2-s773,773,10,2,8,local_invariant,True,success,False,False,
lc_stb,lc_stb-n10k2-s654,654,10,2,8,local_invariant,True,success,False,False,
lc_stb,lc_stb-n10k2-s438,438,10,2,8,local_invariant,True,success,False,False,
lc_stb,lc_stb-n10k2-s433,433,10,2,8,local_invariant,True,success,False,False,
lc_stb,lc_stb-n10k2-s858,858,10,2,8,local_invariant,False,success,False,False,
lc_stb,lc_stb-n10k2-s85,85,10,2,8,local_invariant,False,success,False,False,
lc_stb,lc_stb-n10k2-s697,697,10,2,8,local_invariant,False,success,False,False,
lc_stb,lc_stb-n10k2-s201,201,10,2,8,local_invariant,True,success,False,False,
lc_stb,lc_stb-n10k2-s94,94,10,2,8,local_invariant,True,success,False,False,
lc_stb,lc_stb-n10k4-s89,89,10,4,6,local_invariant,False,success,False,False,
lc_stb,lc_stb-n10k4-s773,773,10,4,6,local_invariant,False,success,False,False,
lc_stb,lc_stb-n10k4-s654,654,10,4,6,local_invariant,False,success,False,False,
lc_stb,lc_stb-n10k4-s438,438,10,4,6,local_invariant,False,success,False,False,
lc_stb,lc_stb-n10k4-s433,433,10,4,6,local_invariant,False,success,False,False,
lc_stb,lc_stb-n10k4-s858,858,10,4,6,local_invariant,False,success,False,False,
lc_stb,lc_stb-n10k4-s85,85,10,4,6,local_invariant,False,success,False,False,
lc_stb,lc_stb-n10k4-s697,697,10,4,6,local_invariant,False,success,False,False,
lc_stb,lc_stb-n10k4-s201,201,10,4,6,local_invariant,True,success,False,False,
lc_stb,lc_stb-n10k4-s94,94,10,4,6,local_invariant,True,success,False,False,
lc_stb,lc_stb-n10k6-s89,89,10,6,4,local_invariant,False,success,False,False,
lc_stb,lc_stb-n10k6-s773,773,10,6,4,local_invariant,False,success,False,False,
lc_stb,lc_stb-n10k6-s654,654,10,6,4,local_invariant,False,success,False,False,
lc_stb,lc_stb-n10k6-s438,438,10,6,4,local_invariant,False,success,False,False,
lc_stb,lc_stb-n10k6-s433,433,10,6,4,local_invariant,False,success,False,False,
lc_stb,lc_stb-n10k6-s858,858,10,6,4,local_invariant,False,success,False,False,
lc_stb,lc_stb-n10k6-s85,85,10,6,4,local_invariant,False,success,False,False,
lc_stb,lc_stb-n10k6-s697,697,10,6,4,local_invariant,False,success,False,False,
lc_stb,lc_stb-n10k6-s201,201,10,6,4,local_invariant,False,success,False,False,
lc_stb,lc_stb-n10k6-s94,94,10,6,4,local_invariant,False,success,False,False,
lc_stb,lc_stb-n10k8-s89,89,10,8,2,local_invariant,True,success,False,False,
lc_stb,lc_stb-n10k8-s773,773,10,8,2,local_invariant,False,success,False,False,
lc_stb,lc_stb-n10k8-s654,654,10,8,2,local_invariant,True,success,False,False,
lc_stb,lc_stb-n10k8-s438,438,10,8,2,local_invariant,False,success,False,False,
lc_stb,lc_stb-n10k8-s433,433,10,8,2,local_invariant,False,success,False,False,
lc_stb,lc_stb-n10k8-s858,858,10,8,2,local_invariant,False,success,False,False,
lc_stb,lc_stb-n10k8-s85,85,10,8,2,local_invariant,False,success,False,False,
lc_stb,lc_stb-n10k8-s697,697,10,8,2,local_invariant,False,success,False,False,
lc_stb,lc_stb-n10k8-s201,201,10,8,2,local_invariant,False,success,False,False,
lc_stb,lc_stb-n10k8-s94,94,10,8,2,local_invariant,True,success,False,False,
lc_stb,lc_stb-n11k0-s89,89,11,0,11,local_invariant,True,success,False,False,
lc_stb,lc_stb-n11k0-s773,773,11,0,11,local_invariant,False,success,False,False,
lc_stb,lc_stb-n11k0-s654,654,11,0,11,local_invariant,True,success,False,False,
lc_stb,lc_stb-n11k0-s438,438,11,0,11,local_invariant,True,success,False,False,
lc_stb,lc_stb-n11k0-s433,433,11,0,11,local_invariant,True,success,False,False,
lc_stb,lc_stb-n11k0-s858,858,11,0,11,local_invariant,True,success,False,False,
lc_stb,lc_stb-n11k0-s85,85,11,0,11,local_invariant,True,success,False,False,
lc_stb,lc_stb-n11k0-s697,697,11,0,11,local_invariant,True,success,False,False,
lc_stb,lc_stb-n11k0-s201,201,11,0,11,local_invariant,True,success,False,False,
lc_stb,lc_stb-n11k0-s94,94,11,0,11,local_invariant,True,success,False,False,
lc_stb,lc_stb-n11k2-s89,89,11,2,9,local_invariant,True,success,False,False,
lc_stb,lc_stb-n11k2-s773,773,11,2,9,local_invariant,False,success,False,False,
lc_stb,lc_stb-n11k2-s654,654,11,2,9,local_invariant,True,success,False,False,
lc_stb,lc_stb-n11k2-s438,438,11,2,9,local_invariant,False,success,False,False,
lc_stb,lc_stb-n11k2-s433,433,11,2,9,local_invariant,False,success,False,False,
lc_stb,lc_stb-n11k2-s858,858,11,2,9,local_invariant,True,success,False,False,
lc_stb,lc_stb-n11k2-s85,85,11,2,9,local_invariant,False,success,False,False,
lc_stb,lc_stb-n11k2-s697,697,11,2,9,local_invariant,True,success,False,False,
lc_stb,lc_stb-n11k2-s201,201,11,2,9,local_invariant,False,success,False,False,
lc_stb,lc_stb-n11k2-s94,94,11,2,9,local_invariant,True,success,False,False,
lc_stb,lc_stb-n11k4-s89,89,11,4,7,local_invariant,False,success,False,False,
lc_stb,lc_stb-n11k4-s773,773,11,4,7,local_invariant,False,success,False,False,
lc_stb,lc_stb-n11k4-s654,654,11,4,7,local_invariant,False,success,False,False,
lc_stb,lc_stb-n11k4-s438,438,11,4,7,local_invariant,False,success,False,False,
lc_stb,lc_stb-n11k4-s433,433,11,4,7,local_invariant,True,success,False,False,
lc_stb,lc_stb-n11k4-s858,858,11,4,7,local_invariant,True,success,False,False,
lc_stb,lc_stb-n11k4-s85,85,11,4,7,local_invariant,False,success,False,False,
lc_stb,lc_stb-n11k4-s697,697,11,4,7,local_invariant,False,success,False,False,
lc_stb,lc_stb-n11k4-s201,201,11,4,7,local_invariant,False,success,False,False,
lc_stb,lc_stb-n11k4-s94,94,11,4,7,local_invariant,True,success,False,False,
lc_stb,lc_stb-n11k6-s89,89,11,6,5,local_invariant,False,success,False,False,
lc_stb,lc_stb-n11k6-s773,773,11,6,5,local_invariant,True,success,False,False,
lc_stb,lc_stb-n11k6-s654,654,11,6,5,local_invariant,False,success,False,False,
lc_stb,lc_stb-n11k6-s438,438,11,6,5,local_invariant,False,success,False,False,
lc_stb,lc_stb-n11k6-s433,433,11,6,5,local_invariant,True,success,False,False,
lc_stb,lc_stb-n11k6-s858,858,11,6,5,local_invariant,False,success,False,False,
lc_stb,lc_stb-n11k6-s85,85,11,6,5,local_invariant,False,success,False,False,
lc_stb,lc_stb-n11k6-s697,697,11,6,5,local_invariant,False,success,False,False,
lc_stb,lc_stb-n11k6-s201,201,11,6,5,local_invariant,False,success,False,False,
lc_stb,lc_stb-n11k6-s94,94,11,6,5,local_invariant,False,success,False,False,
lc_stb,lc_stb-n11k8-s89,89,11,8,3,local_invariant,False,success,False,False,
lc_stb,lc_stb-n11k8-s773,773,11,8,3,local_invariant,False,success,False,False,
lc_stb,lc_stb-n11k8-s654,654,11,8,3,local_invariant,False,success,False,False,
lc_stb,lc_stb-n11k8-s438,438,11,8,3,local_invariant,False,success,False,False,
lc_stb,lc_stb-n11k8-s433,433,11,8,3,local_invariant,False,success,False,False,
lc_stb,lc_stb-n11k8-s858,858,11,8,3,local_invariant,True,success,False,False,
lc_stb,lc_stb-n11k8-s85,85,11,8,3,local_invariant,False,success,False,False,
lc_stb,lc_stb-n11k8-s697,697,11,8,3,local_invariant,False,success,False,False,
lc_stb,lc_stb-n11k8-s201,201,11,8,3,local_invariant,True,success,False,False,
lc_stb,lc_stb-n11k8-s94,94,11,8,3,local_invariant,False,success,False,False,
lc_stb,lc_stb-n11k10-s89,89,11,10,1,local_invariant,False,success,False,False,
lc_stb,lc_stb-n11k10-s773,773,11,10,1,local_invariant,False,success,False,False,
lc_stb,lc_stb-n11k10-s654,654,11,10,1,local_invariant,False,success,False,False,
lc_stb,lc_stb-n11k10-s438,438,11,10,1,local_invariant,False,success,False,False,
lc_stb,lc_stb-n11k10-s433,433,11,10,1,local_invariant,False,success,False,False,
lc_stb,lc_stb-n11k10-s858,858,11,10,1,local_invariant,False,success,False,False,
lc_stb,lc_stb-n11k10-s85,85,11,10,1,local_invariant,False,success,False,False,
lc_stb,lc_stb-n11k10-s697,697,11,10,1,local_invariant,False,success,False,False,
lc_stb,lc_stb-n11k10-s201,201,11,10,1,local_invariant,False,success,False,False,
lc_stb,lc_stb-n11k10-s94,94,11,10,1,local_invariant,False,success,False,False,
lc_stb,lc_stb-n12k0-s89,89,12,0,12,local_invariant,False,success,False,False,
lc_stb,lc_stb-n12k0-s773,773,12,0,12,local_invariant,False,success,False,False,
lc_stb,lc_stb-n12k0-s654,654,12,0,12,local_invariant,False,success,False,False,
lc_stb,lc_stb-n12k0-s438,438,12,0,12,local_invariant,True,success,False,False,
lc_stb,lc_stb-n12k0-s433,433,12,0,12,local_invariant,False,success,False,False,
lc_stb,lc_stb-n12k0-s858,858,12,0,12,local_invariant,False,success,False,False,
lc_stb,lc_stb-n12k0-s85,85,12,0,12,local_invariant,False,success,False,False,
lc_stb,lc_stb-n12k0-s697,697,12,0,12,local_invariant,True,success,False,False,
lc_stb,lc_stb-n12k0-s201,201,12,0,12,local_invariant,False,success,False,False,
lc_stb,lc_stb-n12k0-s94,94,12,0,12,local_invariant,False,success,False,False,
lc_stb,lc_stb-n12k2-s89,89,12,2,10,local_invariant,False,success,False,False,
lc_stb,lc_stb-n12k2-s773,773,12,2,10,local_invariant,False,success,False,False,
lc_stb,lc_stb-n12k2-s654,654,12,2,10,local_invariant,True,success,False,False,
lc_stb,lc_stb-n12k2-s438,438,12,2,10,local_invariant,True,success,False,False,
lc_stb,lc_stb-n12k2-s433,433,12,2,10,local_invariant,False,success,False,False,
lc_stb,lc_stb-n12k2-s858,858,12,2,10,local_invariant,False,success,False,False,
lc_stb,lc_stb-n12k2-s85,85,12,2,10,local_invariant,False,success,False,False,
lc_stb,lc_stb-n12k2-s697,697,12,2,10,local_invariant,False,success,False,False,
lc_stb,lc_stb-n12k2-s201,201,12,2,10,local_invariant,False,success,False,False,
lc_stb,lc_stb-n12k2-s94,94,12,2,10,local_invariant,True,success,False,False,
lc_stb,lc_stb-n12k4-s89,89,12,4,8,local_invariant,False,success,False,False,
lc_stb,lc_stb-n12k4-s773,773,12,4,8,local_invariant,False,success,False,False,
lc_stb,lc_stb-n12k4-s654,654,12,4,8,local_invariant,False,success,False,False,
lc_stb,lc_stb-n12k4-s438,438,12,4,8,local_invariant,False,success,False,False,
lc_stb,lc_stb-n12k4-s433,433,12,4,8,local_invariant,False,success,False,False,
lc_stb,lc_stb-n12k4-s858,858,12,4,8,local_invariant,False,success,False,False,
lc_stb,lc_stb-n12k4-s85,85,12,4,8,local_invariant,False,success,False,False,
lc_stb,lc_stb-n12k4-s697,697,12,4,8,local_invariant,False,success,False,False,
lc_stb,lc_stb-n12k4-s201,201,12,4,8,local_invariant,True,success,False,False,
lc_stb,lc_stb-n12k4-s94,94,12,4,8,local_invariant,False,success,False,False,
lc_stb,lc_stb-n12k6-s89,89,12,6,6,local_invariant,False,success,False,False,
lc_stb,lc_stb-n12k6-s773,773,12,6,6,local_invariant,False,success,False,False,
lc_stb,lc_stb-n12k6-s654,654,12,6,6,local_invariant,False,success,False,False,
lc_stb,lc_stb-n12k6-s438,438,12,6,6,local_invariant,False,success,False,False,
lc_stb,lc_stb-n12k6-s433,433,12,6,6,local_invariant,True,success,False,False,
lc_stb,lc_stb-n12k6-s858,858,12,6,6,local_invariant,False,success,False,False,
lc_stb,lc_stb-n12k6-s85,85,12,6,6,local_invariant,False,success,False,False,
lc_stb,lc_stb-n12k6-s697,697,12,6,6,local_invariant,False,success,False,False,
lc_stb,lc_stb-n12k6-s201,201,12,6,6,local_invariant,True,success,False,False,
lc_stb,lc_stb-n12k6-s94,94,12,6,6,local_invariant,False,success,False,False,
lc_stb,lc_stb-n12k8-s89,89,12,8,4,local_invariant,False,success,False,False,
lc_stb,lc_stb-n12k8-s773,773,12,8,4,local_invariant,True,success,False,False,
lc_stb,lc_stb-n12k8-s654,654,12,8,4,local_invariant,False,success,False,False,
lc_stb,lc_stb-n12k8-s438,438,12,8,4,local_invariant,False,success,False,False,
lc_stb,lc_stb-n12k8-s433,433,12,8,4,local_invariant,False,success,False,False,
lc_stb,lc_stb-n12k8-s858,858,12,8,4,local_invariant,False,success,False,False,
lc_stb,lc_stb-n12k8-s85,85,12,8,4,local_invariant,True,success,False,False,
lc_stb,lc_stb-n12k8-s697,697,12,8,4,local_invariant,False,success,False,False,
lc_stb,lc_stb-n12k8-s201,201,12,8,4,local_invariant,True,success,False,False,
lc_stb,lc_stb-n12k8-s94,94,12,8,4,local_invariant,False,success,False,False,
lc_stb,lc_stb-n12k10-s89,89,12,10,2,local_invariant,False,success,False,False,
lc_stb,lc_stb-n12k10-s773,773,12,10,2,local_invariant,False,success,False,False,
lc_stb,lc_stb-n12k10-s654,654,12,10,2,local_invariant,False,success,False,False,
lc_stb,lc_stb-n12k10-s438,438,12,10,2,local_invariant,False,success,False,False,
lc_stb,lc_stb-n12k10-s433,433,12,10,2,local_invariant,False,success,False,False,
lc_stb,lc_stb-n12k10-s858,858,12,10,2,local_invariant,False,success,False,False,
lc_stb,lc_stb-n12k10-s85,85,12,10,2,local_invariant,True,success,False,False,
lc_stb,lc_stb-n12k10-s697,697,12,10,2,local_invariant,True,success,False,False,
lc_stb,lc_stb-n12k10-s201,201,12,10,2,local_invariant,False,success,False,False,
lc_stb,lc_stb-n12k10-s94,94,12,10,2,local_invariant,False,success,False,False,
lc_stb,lc_stb-n13k0-s89,89,13,0,13,local_invariant,False,success,False,False,
lc_stb,lc_stb-n13k0-s773,773,13,0,13,local_invariant,False,success,False,False,
lc_stb,lc_stb-n13k0-s654,654,13,0,13,local_invariant,True,success,False,False,
lc_stb,lc_stb-n13k0-s438,438,13,0,13,local_invariant,True,success,False,False,
lc_stb,lc_stb-n13k0-s433,433,13,0,13,local_invariant,True,success,False,False,
lc_stb,lc_stb-n13k0-s858,858,13,0,13,local_invariant,False,success,False,False,
lc_stb,lc_stb-n13k0-s85,85,13,0,13,local_invariant,False,success,False,False,
lc_stb,lc_stb-n13k0-s697,697,13,0,13,local_invariant,False,success,False,False,
lc_stb,lc_stb-n13k0-s201,201,13,0,13,local_invariant,False,success,False,False,
lc_stb,lc_stb-n13k0-s94,94,13,0,13,local_invariant,False,success,False,False,
lc_stb,lc_stb-n13k2-s89,89,13,2,11,local_invariant,False,success,False,False,
lc_stb,lc_stb-n13k2-s773,773,13,2,11,local_invariant,False,success,False,False,
lc_stb,lc_stb-n13k2-s654,654,13,2,11,local_invariant,True,success,False,False,
lc_stb,lc_stb-n13k2-s438,438,13,2,11,local_invariant,False,success,False,False,
lc_stb,lc_stb-n13k2-s433,433,13,2,11,local_invariant,True,success,False,False,
lc_stb,lc_stb-n13k2-s858,858,13,2,11,local_invariant,False,success,False,False,
lc_stb,lc_stb-n13k2-s85,85,13,2,11,local_invariant,True,success,False,False,
lc_stb,lc_stb-n13k2-s697,697,13,2,11,local_invariant,True,success,False,False,
lc_stb,lc_stb-n13k2-s201,201,13,2,11,local_invariant,False,success,False,False,
lc_stb,lc_stb-n13k2-s94,94,13,2,11,local_invariant,False,success,False,False,
lc_stb,lc_stb-n13k4-s89,89,13,4,9,local_invariant,False,success,False,False,
lc_stb,lc_stb-n13k4-s773,773,13,4,9,local_invariant,False,success,False,False,
lc_stb,lc_stb-n13k4-s654,654,13,4,9,local_invariant,True,success,False,False,
lc_stb,lc_stb-n13k4-s438,438,13,4,9,local_invariant,False,success,False,False,
lc_stb,lc_stb-n13k4-s433,433,13,4,9,local_invariant,False,success,False,False,
lc_stb,lc_stb-n13k4-s858,858,13,4,9,local_invariant,False,success,False,False,
lc_stb,lc_stb-n13k4-s85,85,13,4,9,local_invariant,False,success,False,False,
lc_stb,lc_stb-n13k4-s697,697,13,4,9,local_invariant,False,success,False,False,
lc_stb,lc_stb-n13k4-s201,201,13,4,9,local_invariant,True,success,False,False,
lc_stb,lc_stb-n13k4-s94,94,13,4,9,local_invariant,False,success,False,False,
lc_stb,lc_stb-n13k6-s89,89,13,6,7,local_invariant,False,success,False,False,
lc_stb,lc_stb-n13k6-s773,773,13,6,7,local_invariant,False,success,False,False,
lc_stb,lc_stb-n13k6-s654,654,13,6,7,local_invariant,True,success,False,False,
lc_stb,lc_stb-n13k6-s438,438,13,6,7,local_invariant,False,success,False,False,
lc_stb,lc_stb-n13k6-s433,433,13,6,7,local_invariant,False,success,False,False,
lc_stb,lc_stb-n13k6-s858,858,13,6,7,local_invariant,True,success,False,False,
lc_stb,lc_stb-n13k6-s85,85,13,6,7,local_invariant,True,success,False,False,
lc_stb,lc_stb-n13k6-s697,697,13,6,7,local_invariant,False,success,False,False,
lc_stb,lc_stb-n13k6-s201,201,13,6,7,local_invariant,False,success,False,False,
lc_stb,lc_stb-n13k6-s94,94,13,6,7,local_invariant,True,success,False,False,
lc_stb,lc_stb-n13k8-s89,89,13,8,5,local_invariant,False,success,False,False,
lc_stb,lc_stb-n13k8-s773,773,13,8,5,local_invariant,False,success,False,False,
lc_stb,lc_stb-n13k8-s654,654,13,8,5,local_invariant,False,success,False,False,
lc_stb,lc_stb-n13k8-s438,438,13,8,5,local_invariant,False,success,False,False,
lc_stb,lc_stb-n13k8-s433,433,13,8,5,local_invariant,False,success,False,False,
lc_stb,lc_stb-n13k8-s858,858,13,8,5,local_invariant,False,success,False,False,
lc_stb,lc_stb-n13k8-s85,85,13,8,5,local_invariant,False,success,False,False,
lc_stb,lc_stb-n13k8-s697,697,13,8,5,local_invariant,False,success,False,False,
lc_stb,lc_stb-n13k8-s201,201,13,8,5,local_invariant,False,success,False,False,
lc_stb,lc_stb-n13k8-s94,94,13,8,5,local_invariant,False,success,False,False,
lc_stb,lc_stb-n13k10-s89,89,13,10,3,local_invariant,False,success,False,False,
lc_stb,lc_stb-n13k10-s773,773,13,10,3,local_invariant,False,success,False,False,
lc_stb,lc_stb-n13k10-s654,654,13,10,3,local_invariant,False,success,False,False,
lc_stb,lc_stb-n13k10-s438,438,13,10,3,local_invariant,False,success,False,False,
lc_stb,lc_stb-n13k10-s433,433,13,10,3,local_invariant,False,success,False,False,
lc_stb,lc_stb-n13k10-s858,858,13,10,3,local_invariant,False,success,False,False,
lc_stb,lc_stb-n13k10-s85,85,13,10,3,local_invariant,False,success,False,False,
lc_stb,lc_stb-n13k10-s697,697,13,10,3,local_invariant,False,success,False,False,
lc_stb,lc_stb-n13k10-s201,201,13,10,3,local_invariant,False,success,False,False,
lc_stb,lc_stb-n13k10-s94,94,13,10,3,local_invariant,False,success,False,False,
lc_stb,lc_stb-n13k12-s89,89,13,12,1,local_invariant,False,success,False,False,
lc_stb,lc_stb-n13k12-s773,773,13,12,1,local_invariant,False,success,False,False,
lc_stb,lc_stb-n13k12-s654,654,13,12,1,local_invariant,False,success,False,False,
lc_stb,lc_stb-n13k12-s438,438,13,12,1,local_invariant,False,success,False,False,
lc_stb,lc_stb-n13k12-s433,433,13,12,1,local_invariant,False,success,False,False,
lc_stb,lc_stb-n13k12-s858,858,13,12,1,local_invariant,False,success,False,False,
lc_stb,lc_stb-n13k12-s85,85,13,12,1,local_invariant,False,success,False,False,
lc_stb,lc_stb-n13k12-s697,697,13,12,1,local_invariant,True,success,False,False,
lc_stb,lc_stb-n13k12-s201,201,13,12,1,local_invariant,False,success,False,False,
lc_stb,lc_stb-n13k12-s94,94,13,12,1,local_invariant,False,success,False,False,
lc_stb,lc_stb-n14k0-s89,89,14,0,14,local_invariant,False,success,False,False,
lc_stb,lc_stb-n14k0-s773,773,14,0,14,local_invariant,True,success,False,False,
lc_stb,lc_stb-n14k0-s654,654,14,0,14,local_invariant,False,success,False,False,
lc_stb,lc_stb-n14k0-s438,438,14,0,14,local_invariant,True,success,False,False,
lc_stb,lc_stb-n14k0-s433,433,14,0,14,local_invariant,False,success,False,False,
lc_stb,lc_stb-n14k0-s858,858,14,0,14,local_invariant,True,success,False,False,
lc_stb,lc_stb-n14k0-s85,85,14,0,14,local_invariant,False,success,False,False,
lc_stb,lc_stb-n14k0-s697,697,14,0,14,local_invariant,True,success,False,False,
lc_stb,lc_stb-n14k0-s201,201,14,0,14,local_invariant,False,success,False,False,
lc_stb,lc_stb-n14k0-s94,94,14,0,14,local_invariant,False,success,False,False,
lc_stb,lc_stb-n14k2-s89,89,14,2,12,local_invariant,False,success,False,False,
lc_stb,lc_stb-n14k2-s773,773,14,2,12,local_invariant,True,success,False,False,
lc_stb,lc_stb-n14k2-s654,654,14,2,12,local_invariant,True,success,False,False,
lc_stb,lc_stb-n14k2-s438,438,14,2,12,local_invariant,False,success,False,False,
lc_stb,lc_stb-n14k2-s433,433,14,2,12,local_invariant,False,success,False,False,
lc_stb,lc_stb-n14k2-s858,858,14,2,12,local_invariant,True,success,False,False,
lc_stb,lc_stb-n14k2-s85,85,14,2,12,local_invariant,False,success,False,False,
lc_stb,lc_stb-n14k2-s697,697,14,2,12,local_invariant,False,success,False,False,
lc_stb,lc_stb-n14k2-s201,201,14,2,12,local_invariant,False,success,False,False,
lc_stb,lc_stb-n14k2-s94,94,14,2,12,local_invariant,True,success,False,False,
lc_stb,lc_stb-n14k4-s89,89,14,4,10,local_invariant,False,success,False,False,
lc_stb,lc_stb-n14k4-s773,773,14,4,10,local_invariant,True,success,False,False,
lc_stb,lc_stb-n14k4-s654,654,14,4,10,local_invariant,True,success,False,False,
lc_stb,lc_stb-n14k4-s438,438,14,4,10,local_invariant,True,success,False,False,
lc_stb,lc_stb-n14k4-s433,433,14,4,10,local_invariant,False,success,False,False,
lc_stb,lc_stb-n14k4-s858,858,14,4,10,local_invariant,False,success,False,False,
lc_stb,lc_stb-n14k4-s85,85,14,4,10,local_invariant,False,success,False,False,
lc_stb,lc_stb-n14k4-s697,697,14,4,10,local_invariant,False,success,False,False,
lc_stb,lc_stb-n14k4-s201,201,14,4,10,local_invariant,False,success,False,False,
lc_stb,lc_stb-n14k4-s94,94,14,4,10,local_invariant,False,success,False,False,
lc_stb,lc_stb-n14k6-s89,89,14,6,8,local_invariant,False,success,False,False,
lc_stb,lc_stb-n14k6-s773,773,14,6,8,local_invariant,False,success,False,False,
lc_stb,lc_stb-n14k6-s654,654,14,6,8,local_invariant,False,success,False,False,
lc_stb,lc_stb-n14k6-s438,438,14,6,8,local_invariant,False,success,False,False,
lc_stb,lc_stb-n14k6-s433,433,14,6,8,local_invariant,False,success,False,False,
lc_stb,lc_stb-n14k6-s858,858,14,6,8,local_invariant,False,success,False,False,
lc_stb,lc_stb-n14k6-s85,85,14,6,8,local_invariant,True,success,False,False,
lc_stb,lc_stb-n14k6-s697,697,14,6,8,local_invariant,False,success,False,False,
lc_stb,lc_stb-n14k6-s201,201,14,6,8,local_invariant,False,success,False,False,
lc_stb,lc_stb-n14k6-s94,94,14,6,8,local_invariant,False,success,False,False,
lc_stb,lc_stb-n14k8-s89,89,14,8,6,local_invariant,False,success,False,False,
lc_stb,lc_stb-n14k8-s773,773,14,8,6,local_invariant,False,success,False,False,
lc_stb,lc_stb-n14k8-s654,654,14,8,6,local_invariant,False,success,False,False,
lc_stb,lc_stb-n14k8-s438,438,14,8,6,local_invariant,False,success,False,False,
lc_stb,lc_stb-n14k8-s433,433,14,8,6,local_invariant,False,success,False,False,
lc_stb,lc_stb-n14k8-s858,858,14,8,6,local_invariant,True,success,False,False,
lc_stb,lc_stb-n14k8-s85,85,14,8,6,local_invariant,False,success,False,False,
lc_stb,lc_stb-n14k8-s697,697,14,8,6,local_invariant,False,success,False,False,
lc_stb,lc_stb-n14k8-s201,201,14,8,6,local_invariant,False,success,False,False,
lc_stb,lc_stb-n14k8-s94,94,14,8,6,local_invariant,False,success,False,False,
lc_stb,lc_stb-n14k10-s89,89,14,10,4,local_invariant,False,success,False,False,
lc_stb,lc_stb-n14k10-s773,773,14,10,4,local_invariant,False,success,False,False,
lc_stb,lc_stb-n14k10-s654,654,14,10,4,local_invariant,False,success,False,False,
lc_stb,lc_stb-n14k10-s438,438,14,10,4,local_invariant,False,success,False,False,
lc_stb,lc_stb-n14k10-s433,433,14,10,4,local_invariant,False,success,False,False,
lc_stb,lc_stb-n14k10-s858,858,14,10,4,local_invariant,False,success,False,False,
lc_stb,lc_stb-n14k10-s85,85,14,10,4,local_invariant,False,success,False,False,
lc_stb,lc_stb-n14k10-s697,697,14,10,4,local_invariant,False,success,False,False,
lc_stb,lc_stb-n14k10-s201,201,14,10,4,local_invariant,False,success,False,False,
lc_stb,lc_stb-n14k10-s94,94,14,10,4,local_invariant,False,success,False,False,
lc_stb,lc_stb-n14k12-s89,89,14,12,2,local_invariant,False,success,False,False,
lc_stb,lc_stb-n14k12-s773,773,14,12,2,local_invariant,False,success,False,False,
lc_stb,lc_stb-n14k12-s654,654,14,12,2,local_invariant,False,success,False,False,
lc_stb,lc_stb-n14k12-s438,438,14,12,2,local_invariant,False,success,False,False,
lc_stb,lc_stb-n14k12-s433,433,14,12,2,local_invariant,False,success,False,False,
lc_stb,lc_stb-n14k12-s858,858,14,12,2,local_invariant,False,success,False,False,
lc_stb,lc_stb-n14k12-s85,85,14,12,2,local_invariant,False,success,False,False,
lc_stb,lc_stb-n14k12-s697,697,14,12,2,local_invariant,False,success,False,False,
lc_stb,lc_stb-n14k12-s201,201,14,12,2,local_invariant,False,success,False,False,
lc_stb,lc_stb-n14k12-s94,94,14,12,2,local_invariant,False,success,False,False,
lc_stb,lc_stb-n15k0-s89,89,15,0,15,local_invariant,False,success,False,False,
lc_stb,lc_stb-n15k0-s773,773,15,0,15,local_invariant,True,success,False,False,
lc_stb,lc_stb-n15k0-s654,654,15,0,15,local_invariant,True,success,False,False,
lc_stb,lc_stb-n15k0-s438,438,15,0,15,local_invariant,True,success,False,False,
lc_stb,lc_stb-n15k0-s433,433,15,0,15,local_invariant,True,success,False,False,
lc_stb,lc_stb-n15k0-s858,858,15,0,15,local_invariant,False,success,False,False,
lc_stb,lc_stb-n15k0-s85,85,15,0,15,local_invariant,True,success,False,False,
lc_stb,lc_stb-n15k0-s697,697,15,0,15,local_invariant,True,success,False,False,
lc_stb,lc_stb-n15k0-s201,201,15,0,15,local_invariant,True,success,False,False,
lc_stb,lc_stb-n15k0-s94,94,15,0,15,local_invariant,False,success,False,False,
lc_stb,lc_stb-n15k4-s89,89,15,4,11,local_invariant,False,success,False,False,
lc_stb,lc_stb-n15k4-s773,773,15,4,11,local_invariant,False,success,False,False,
lc_stb,lc_stb-n15k4-s654,654,15,4,11,local_invariant,False,success,False,False,
lc_stb,lc_stb-n15k4-s438,438,15,4,11,local_invariant,False,success,False,False,
lc_stb,lc_stb-n15k4-s433,433,15,4,11,local_invariant,False,success,False,False,
lc_stb,lc_stb-n15k4-s858,858,15,4,11,local_invariant,True,success,False,False,
lc_stb,lc_stb-n15k4-s85,85,15,4,11,local_invariant,False,success,False,False,
lc_stb,lc_stb-n15k4-s697,697,15,4,11,local_invariant,True,success,False,False,
lc_stb,lc_stb-n15k4-s201,201,15,4,11,local_invariant,True,success,False,False,
lc_stb,lc_stb-n15k4-s94,94,15,4,11,local_invariant,False,success,False,False,
lc_stb,lc_stb-n15k8-s89,89,15,8,7,local_invariant,False,success,False,False,
lc_stb,lc_stb-n15k8-s773,773,15,8,7,local_invariant,False,success,False,False,
lc_stb,lc_stb-n15k8-s654,654,15,8,7,local_invariant,False,success,False,False,
lc_stb,lc_stb-n15k8-s438,438,15,8,7,local_invariant,False,success,False,False,
lc_stb,lc_stb-n15k8-s433,433,15,8,7,local_invariant,True,success,False,False,
lc_stb,lc_stb-n15k8-s858,858,15,8,7,local_invariant,False,success,False,False,
lc_stb,lc_stb-n15k8-s85,85,15,8,7,local_invariant,False,success,False,False,
lc_stb,lc_stb-n15k8-s697,697,15,8,7,local_invariant,False,success,False,False,
lc_stb,lc_stb-n15k8-s201,201,15,8,7,local_invariant,True,success,False,False,
lc_stb,lc_stb-n15k8-s94,94,15,8,7,local_invariant,False,success,False,False,
lc_stb,lc_stb-n15k12-s89,89,15,12,3,local_invariant,False,success,False,False,
lc_stb,lc_stb-n15k12-s773,773,15,12,3,local_invariant,False,success,False,False,
lc_stb,lc_stb-n15k12-s654,654,15,12,3,local_invariant,True,success,False,False,
lc_stb,lc_stb-n15k12-s438,438,15,12,3,local_invariant,False,success,False,False,
lc_stb,lc_stb-n15k12-s433,433,15,12,3,local_invariant,False,success,False,False,
lc_stb,lc_stb-n15k12-s858,858,15,12,3,local_invariant,False,success,False,False,
lc_stb,lc_stb-n15k12-s85,85,15,12,3,local_invariant,False,success,False,False,
lc_stb,lc_stb-n15k12-s697,697,15,12,3,local_invariant,False,success,False,False,
lc_stb,lc_stb-n15k12-s201,201,15,12,3,local_invariant,False,success,False,False,
lc_stb,lc_stb-n15k12-s94,94,15,12,3,local_invariant,False,success,False,False,
lc_stb,lc_stb-n16k0-s89,89,16,0,16,local_invariant,False,success,False,False,
lc_stb,lc_stb-n16k0-s773,773,16,0,16,local_invariant,True,success,False,False,
lc_stb,lc_stb-n16k0-s654,654,16,0,16,local_invariant,True,success,False,False,
lc_stb,lc_stb-n16k0-s438,438,16,0,16,local_invariant,False,success,False,False,
lc_stb,lc_stb-n16k0-s433,433,16,0,16,local_invariant,False,success,False,False,
lc_stb,lc_stb-n16k0-s858,858,16,0,16,local_invariant,False,success,False,False,
lc_stb,lc_stb-n16k0-s85,85,16,0,16,local_invariant,False,success,False,False,
lc_stb,lc_stb-n16k0-s697,697,16,0,16,local_invariant,False,success,False,False,
lc_stb,lc_stb-n16k0-s201,201,16,0,16,local_invariant,True,success,False,False,
lc_stb,lc_stb-n16k0-s94,94,16,0,16,local_invariant,False,success,False,False,
lc_stb,lc_stb-n16k4-s89,89,16,4,12,local_invariant,False,success,False,False,
lc_stb,lc_stb-n16k4-s773,773,16,4,12,local_invariant,False,success,False,False,
lc_stb,lc_stb-n16k4-s654,654,16,4,12,local_invariant,False,success,False,False,
lc_stb,lc_stb-n16k4-s438,438,16,4,12,local_invariant,True,success,False,False,
lc_stb,lc_stb-n16k4-s433,433,16,4,12,local_invariant,False,success,False,False,
lc_stb,lc_stb-n16k4-s858,858,16,4,12,local_invariant,False,success,False,False,
lc_stb,lc_stb-n16k4-s85,85,16,4,12,local_invariant,False,success,False,False,
lc_stb,lc_stb-n16k4-s697,697,16,4,12,local_invariant,False,success,False,False,
lc_stb,lc_stb-n16k4-s201,201,16,4,12,local_invariant,False,success,False,False,
lc_stb,lc_stb-n16k4-s94,94,16,4,12,local_invariant,False,success,False,False,
lc_stb,lc_stb-n16k8-s89,89,16,8,8,local_invariant,False,success,False,False,
lc_stb,lc_stb-n16k8-s773,773,16,8,8,local_invariant,False,success,False,False,
lc_stb,lc_stb-n16k8-s654,654,16,8,8,local_invariant,False,success,False,False,
lc_stb,lc_stb-n16k8-s438,438,16,8,8,local_invariant,False,success,False,False,
lc_stb,lc_stb-n16k8-s433,433,16,8,8,local_invariant,True,success,False,False,
lc_stb,lc_stb-n16k8-s858,858,16,8,8,local_invariant,False,success,False,False,
lc_stb,lc_stb-n16k8-s85,85,16,8,8,local_invariant,False,success,False,False,
lc_stb,lc_stb-n16k8-s697,697,16,8,8,local_invariant,False,success,False,False,
lc_stb,lc_stb-n16k8-s201,201,16,8,8,local_invariant,False,success,False,False,
lc_stb,lc_stb-n16k8-s94,94,16,8,8,local_invariant,True,success,False,False,
lc_stb,lc_stb-n16k12-s89,89,16,12,4,local_invariant,False,success,False,False,
lc_stb,lc_stb-n16k12-s773,773,16,12,4,local_invariant,False,success,False,False,
lc_stb,lc_stb-n16k12-s654,654,16,12,4,local_invariant,False,success,False,False,
lc_stb,lc_stb-n16k12-s438,438,16,12,4,local_invariant,False,success,False,False,
lc_stb,lc_stb-n16k12-s433,433,16,12,4,local_invariant,False,success,False,False,
lc_stb,lc_stb-n16k12-s858,858,16,12,4,local_invariant,False,success,False,False,
lc_stb,lc_stb-n16k12-s85,85,16,12,4,local_invariant,False,success,False,False,
lc_stb,lc_stb-n16k12-s697,697,16,12,4,local_invariant,False,success,False,False,
lc_stb,lc_stb-n16k12-s201,201,16,12,4,local_invariant,False,success,False,False,
lc_stb,lc_stb-n16k12-s94,94,16,12,4,local_invariant,False,success,False,False,
lc_stb,lc_stb-n17k0-s89,89,17,0,17,local_invariant,True,success,False,False,
lc_stb,lc_stb-n17k0-s773,773,17,0,17,local_invariant,False,success,False,False,
lc_stb,lc_stb-n17k0-s654,654,17,0,17,local_invariant,True,success,False,False,
lc_stb,lc_stb-n17k0-s438,438,17,0,17,local_invariant,True,success,False,False,
lc_stb,lc_stb-n17k0-s433,433,17,0,17,local_invariant,True,success,False,False,
lc_stb,lc_stb-n17k0-s858,858,17,0,17,local_invariant,True,success,False,False,
lc_stb,lc_stb-n17k0-s85,85,17,0,17,local_invariant,False,success,False,False,
lc_stb,lc_stb-n17k0-s697,697,17,0,17,local_invariant,False,success,False,False,
lc_stb,lc_stb-n17k0-s201,201,17,0,17,local_invariant,True,success,False,False,
lc_stb,lc_stb-n17k0-s94,94,17,0,17,local_invariant,True,success,False,False,
lc_stb,lc_stb-n17k4-s89,89,17,4,13,local_invariant,False,success,False,False,
lc_stb,lc_stb-n17k4-s773,773,17,4,13,local_invariant,False,success,False,False,
lc_stb,lc_stb-n17k4-s654,654,17,4,13,local_invariant,True,success,False,False,
lc_stb,lc_stb-n17k4-s438,438,17,4,13,local_invariant,False,success,False,False,
lc_stb,lc_stb-n17k4-s433,433,17,4,13,local_invariant,True,success,False,False,
lc_stb,lc_stb-n17k4-s858,858,17,4,13,local_invariant,False,success,False,False,
lc_stb,lc_stb-n17k4-s85,85,17,4,13,local_invariant,False,success,False,False,
lc_stb,lc_stb-n17k4-s697,697,17,4,13,local_invariant,True,success,False,False,
lc_stb,lc_stb-n17k4-s201,201,17,4,13,local_invariant,False,success,False,False,
lc_stb,lc_stb-n17k4-s94,94,17,4,13,local_invariant,False,success,False,False,
lc_stb,lc_stb-n17k8-s89,89,17,8,9,local_invariant,False,success,False,False,
lc_stb,lc_stb-n17k8-s773,773,17,8,9,local_invariant,False,success,False,False,
lc_stb,lc_stb-n17k8-s654,654,17,8,9,local_invariant,False,success,False,False,
lc_stb,lc_stb-n17k8-s438,438,17,8,9,local_invariant,False,success,False,False,
lc_stb,lc_stb-n17k8-s433,433,17,8,9,local_invariant,False,success,False,False,
lc_stb,lc_stb-n17k8-s858,858,17,8,9,local_invariant,True,success,False,False,
lc_stb,lc_stb-n17k8-s85,85,17,8,9,local_invariant,False,success,False,False,
lc_stb,lc_stb-n17k8-s697,697,17,8,9,local_invariant,False,success,False,False,
lc_stb,lc_stb-n17k8-s201,201,17,8,9,local_invariant,True,success,False,False,
lc_stb,lc_stb-n17k8-s94,94,17,8,9,local_invariant,False,success,False,False,
lc_stb,lc_stb-n17k12-s89,89,17,12,5,local_invariant,True,success,False,False,
lc_stb,lc_stb-n17k12-s773,773,17,12,5,local_invariant,False,success,False,False,
lc_stb,lc_stb-n17k12-s654,654,17,12,5,local_invariant,False,success,False,False,
lc_stb,lc_stb-n17k12-s438,438,17,12,5,local_invariant,True,success,False,False,
lc_stb,lc_stb-n17k12-s433,433,17,12,5,local_invariant,False,success,False,False,
lc_stb,lc_stb-n17k12-s858,858,17,12,5,local_invariant,False,success,False,False,
lc_stb,lc_stb-n17k12-s85,85,17,12,5,local_invariant,False,success,False,False,
lc_stb,lc_stb-n17k12-s697,697,17,12,5,local_invariant,False,success,False,False,
lc_stb,lc_stb-n17k12-s201,201,17,12,5,local_invariant,False,success,False,False,
lc_stb,lc_stb-n17k12-s94,94,17,12,5,local_invariant,False,success,False,False,
lc_stb,lc_stb-n17k16-s89,89,17,16,1,local_invariant,False,success,False,False,
lc_stb,lc_stb-n17k16-s773,773,17,16,1,local_invariant,False,success,False,False,
lc_stb,lc_stb-n17k16-s654,654,17,16,1,local_invariant,False,success,False,False,
lc_stb,lc_stb-n17k16-s438,438,17,16,1,local_invariant,False,success,False,False,
lc_stb,lc_stb-n17k16-s433,433,17,16,1,local_invariant,False,success,False,False,
lc_stb,lc_stb-n17k16-s858,858,17,16,1,local_invariant,False,success,False,False,
lc_stb,lc_stb-n17k16-s85,85,17,16,1,local_invariant,False,success,False,False,
lc_stb,lc_stb-n17k16-s697,697,17,16,1,local_invariant,False,success,False,False,
lc_stb,lc_stb-n17k16-s201,201,17,16,1,local_invariant,False,success,False,False,
lc_stb,lc_stb-n17k16-s94,94,17,16,1,local_invariant,False,success,False,False,
lc_stb,lc_stb-n18k0-s89,89,18,0,18,local_invariant,False,success,False,False,
lc_stb,lc_stb-n18k0-s773,773,18,0,18,local_invariant,True,success,False,False,
lc_stb,lc_stb-n18k0-s654,654,18,0,18,local_invariant,False,success,False,False,
lc_stb,lc_stb-n18k0-s438,438,18,0,18,local_invariant,False,success,False,False,
lc_stb,lc_stb-n18k0-s433,433,18,0,18,local_invariant,True,success,False,False,
lc_stb,lc_stb-n18k0-s858,858,18,0,18,local_invariant,True,success,False,False,
lc_stb,lc_stb-n18k0-s85,85,18,0,18,local_invariant,False,success,False,False,
lc_stb,lc_stb-n18k0-s697,697,18,0,18,local_invariant,False,success,False,False,
lc_stb,lc_stb-n18k0-s201,201,18,0,18,local_invariant,True,success,False,False,
lc_stb,lc_stb-n18k0-s94,94,18,0,18,local_invariant,False,success,False,False,
lc_stb,lc_stb-n18k4-s89,89,18,4,14,local_invariant,False,success,False,False,
lc_stb,lc_stb-n18k4-s773,773,18,4,14,local_invariant,True,success,False,False,
lc_stb,lc_stb-n18k4-s654,654,18,4,14,local_invariant,True,success,False,False,
lc_stb,lc_stb-n18k4-s438,438,18,4,14,local_invariant,False,success,False,False,
lc_stb,lc_stb-n18k4-s433,433,18,4,14,local_invariant,True,success,False,False,
lc_stb,lc_stb-n18k4-s858,858,18,4,14,local_invariant,False,success,False,False,
lc_stb,lc_stb-n18k4-s85,85,18,4,14,local_invariant,False,success,False,False,
lc_stb,lc_stb-n18k4-s697,697,18,4,14,local_invariant,False,success,False,False,
lc_stb,lc_stb-n18k4-s201,201,18,4,14,local_invariant,True,success,False,False,
lc_stb,lc_stb-n18k4-s94,94,18,4,14,local_invariant,True,success,False,False,
lc_stb,lc_stb-n18k8-s89,89,18,8,10,local_invariant,True,success,False,False,
lc_stb,lc_stb-n18k8-s773,773,18,8,10,local_invariant,False,success,False,False,
lc_stb,lc_stb-n18k8-s654,654,18,8,10,local_invariant,False,success,False,False,
lc_stb,lc_stb-n18k8-s438,438,18,8,10,local_invariant,False,success,False,False,
lc_stb,lc_stb-n18k8-s433,433,18,8,10,local_invariant,False,success,False,False,
lc_stb,lc_stb-n18k8-s858,858,18,8,10,local_invariant,False,success,False,False,
lc_stb,lc_stb-n18k8-s85,85,18,8,10,local_invariant,False,success,False,False,
lc_stb,lc_stb-n18k8-s697,697,18,8,10,local_invariant,True,success,False,False,
lc_stb,lc_stb-n18k8-s201,201,18,8,10,local_invariant,False,success,False,False,
lc_stb,lc_stb-n18k8-s94,94,18,8,10,local_invariant,False,success,False,False,
lc_stb,lc_stb-n18k12-s89,89,18,12,6,local_invariant,False,success,False,False,
lc_stb,lc_stb-n18k12-s773,773,18,12,6,local_invariant,False,success,False,False,
lc_stb,lc_stb-n18k12-s654,654,18,12,6,local_invariant,True,success,False,False,
lc_stb,lc_stb-n18k12-s438,438,18,12,6,local_invariant,False,success,False,False,
lc_stb,lc_stb-n18k12-s433,433,18,12,6,local_invariant,False,success,False,False,
lc_stb,lc_stb-n18k12-s858,858,18,12,6,local_invariant,False,success,False,False,
lc_stb,lc_stb-n18k12-s85,85,18,12,6,local_invariant,False,success,False,False,
lc_stb,lc_stb-n18k12-s697,697,18,12,6,local_invariant,False,success,False,False,
lc_stb,lc_stb-n18k12-s201,201,18,12,6,local_invariant,False,success,False,False,
lc_stb,lc_stb-n18k12-s94,94,18,12,6,local_invariant,False,success,False,False,
lc_stb,lc_stb-n18k16-s89,89,18,16,2,local_invariant,False,success,False,False,
lc_stb,lc_stb-n18k16-s773,773,18,16,2,local_invariant,False,success,False,False,
lc_stb,lc_stb-n18k16-s654,654,18,16,2,local_invariant,False,success,False,False,
lc_stb,lc_stb-n18k16-s438,438,18,16,2,local_invariant,False,success,False,False,
lc_stb,lc_stb-n18k16-s433,433,18,16,2,local_invariant,False,success,False,False,
lc_stb,lc_stb-n18k16-s858,858,18,16,2,local_invariant,False,success,False,False,
lc_stb,lc_stb-n18k16-s85,85,18,16,2,local_invariant,False,success,False,False,
lc_stb,lc_stb-n18k16-s697,697,18,16,2,local_invariant,False,success,False,False,
lc_stb,lc_stb-n18k16-s201,201,18,16,2,local_invariant,False,success,False,False,
lc_stb,lc_stb-n18k16-s94,94,18,16,2,local_invariant,False,success,False,False,
lc_stb,lc_stb-n19k0-s89,89,19,0,19,local_invariant,True,success,False,False,
lc_stb,lc_stb-n19k0-s773,773,19,0,19,local_invariant,True,success,False,False,
lc_stb,lc_stb-n19k0-s654,654,19,0,19,local_invariant,True,success,False,False,
lc_stb,lc_stb-n19k0-s438,438,19,0,19,local_invariant,True,success,False,False,
lc_stb,lc_stb-n19k0-s433,433,19,0,19,local_invariant,True,success,False,False,
lc_stb,lc_stb-n19k0-s858,858,19,0,19,local_invariant,True,success,False,False,
lc_stb,lc_stb-n19k0-s85,85,19,0,19,local_invariant,True,success,False,False,
lc_stb,lc_stb-n19k0-s697,697,19,0,19,local_invariant,True,success,False,False,
lc_stb,lc_stb-n19k0-s201,201,19,0,19,local_invariant,True,success,False,False,
lc_stb,lc_stb-n19k0-s94,94,19,0,19,local_invariant,False,success,False,False,
lc_stb,lc_stb-n19k4-s89,89,19,4,15,local_invariant,True,success,False,False,
lc_stb,lc_stb-n19k4-s773,773,19,4,15,local_invariant,True,success,False,False,
lc_stb,lc_stb-n19k4-s654,654,19,4,15,local_invariant,True,success,False,False,
lc_stb,lc_stb-n19k4-s438,438,19,4,15,local_invariant,False,success,False,False,
lc_stb,lc_stb-n19k4-s433,433,19,4,15,local_invariant,False,success,False,False,
lc_stb,lc_stb-n19k4-s858,858,19,4,15,local_invariant,False,success,False,False,
lc_stb,lc_stb-n19k4-s85,85,19,4,15,local_invariant,False,success,False,False,
lc_stb,lc_stb-n19k4-s697,697,19,4,15,local_invariant,False,success,False,False,
lc_stb,lc_stb-n19k4-s201,201,19,4,15,local_invariant,True,success,False,False,
lc_stb,lc_stb-n19k4-s94,94,19,4,15,local_invariant,False,success,False,False,
lc_stb,lc_stb-n19k8-s89,89,19,8,11,local_invariant,False,success,False,False,
lc_stb,lc_stb-n19k8-s773,773,19,8,11,local_invariant,False,success,False,False,
lc_stb,lc_stb-n19k8-s654,654,19,8,11,local_invariant,False,success,False,False,
lc_stb,lc_stb-n19k8-s438,438,19,8,11,local_invariant,False,success,False,False,
lc_stb,lc_stb-n19k8-s433,433,19,8,11,local_invariant,False,success,False,False,
lc_stb,lc_stb-n19k8-s858,858,19,8,11,local_invariant,False,success,False,False,
lc_stb,lc_stb-n19k8-s85,85,19,8,11,local_invariant,True,success,False,False,
lc_stb,lc_stb-n19k8-s697,697,19,8,11,local_invariant,False,success,False,False,
lc_stb,lc_stb-n19k8-s201,201,19,8,11,local_invariant,False,success,False,False,
lc_stb,lc_stb-n19k8-s94,94,19,8,11,local_invariant,False,success,False,False,
lc_stb,lc_stb-n19k12-s89,89,19,12,7,local_invariant,False,success,False,False,
lc_stb,lc_stb-n19k12-s773,773,19,12,7,local_invariant,False,success,False,False,
lc_stb,lc_stb-n19k12-s654,654,19,12,7,local_invariant,False,success,False,False,
lc_stb,lc_stb-n19k12-s438,438,19,12,7,local_invariant,True,success,False,False,
lc_stb,lc_stb-n19k12-s433,433,19,12,7,local_invariant,False,success,False,False,
lc_stb,lc_stb-n19k12-s858,858,19,12,7,local_invariant,False,success,False,False,
lc_stb,lc_stb-n19k12-s85,85,19,12,7,local_invariant,False,success,False,False,
lc_stb,lc_stb-n19k12-s697,697,19,12,7,local_invariant,True,success,False,False,
lc_stb,lc_stb-n19k12-s201,201,19,12,7,local_invariant,False,success,False,False,
lc_stb,lc_stb-n19k12-s94,94,19,12,7,local_invariant,False,success,False,False,
lc_stb,lc_stb-n19k16-s89,89,19,16,3,local_invariant,False,success,False,False,
lc_stb,lc_stb-n19k16-s773,773,19,16,3,local_invariant,False,success,False,False,
lc_stb,lc_stb-n19k16-s654,654,19,16,3,local_invariant,False,success,False,False,
lc_stb,lc_stb-n19k16-s438,438,19,16,3,local_invariant,False,success,False,False,
lc_stb,lc_stb-n19k16-s433,433,19,16,3,local_invariant,False,success,False,False,
lc_stb,lc_stb-n19k16-s858,858,19,16,3,local_invariant,False,success,False,False,
lc_stb,lc_stb-n19k16-s85,85,19,16,3,local_invariant,False,success,False,False,
lc_stb,lc_stb-n19k16-s697,697,19,16,3,local_invariant,False,success,False,False,
lc_stb,lc_stb-n19k16-s201,201,19,16,3,local_invariant,False,success,False,False,
lc_stb,lc_stb-n19k16-s94,94,19,16,3,local_invariant,False,success,False,False,
lc_stb,lc_stb-n20k0-s89,89,20,0,20,local_invariant,True,success,False,False,
lc_stb,lc_stb-n20k0-s773,773,20,0,20,local_invariant,False,success,False,False,
lc_stb,lc_stb-n20k0-s654,654,20,0,20,local_invariant,False,success,False,False,
lc_stb,lc_stb-n20k0-s438,438,20,0,20,local_invariant,False,success,False,False,
lc_stb,lc_stb-n20k0-s433,433,20,0,20,local_invariant,False,success,False,False,
lc_stb,lc_stb-n20k0-s858,858,20,0,20,local_invariant,False,success,False,False,
lc_stb,lc_stb-n20k0-s85,85,20,0,20,local_invariant,True,success,False,False,
lc_stb,lc_stb-n20k0-s697,697,20,0,20,local_invariant,False,success,False,False,
lc_stb,lc_stb-n20k0-s201,201,20,0,20,local_invariant,False,success,False,False,
lc_stb,lc_stb-n20k0-s94,94,20,0,20,local_invariant,False,success,False,False,
lc_stb,lc_stb-n20k4-s89,89,20,4,16,local_invariant,True,success,False,False,
lc_stb,lc_stb-n20k4-s773,773,20,4,16,local_invariant,False,success,False,False,
lc_stb,lc_stb-n20k4-s654,654,20,4,16,local_invariant,False,success,False,False,
lc_stb,lc_stb-n20k4-s438,438,20,4,16,local_invariant,False,success,False,False,
lc_stb,lc_stb-n20k4-s433,433,20,4,16,local_invariant,False,success,False,False,
lc_stb,lc_stb-n20k4-s858,858,20,4,16,local_invariant,False,success,False,False,
lc_stb,lc_stb-n20k4-s85,85,20,4,16,local_invariant,False,success,False,False,
lc_stb,lc_stb-n20k4-s697,697,20,4,16,local_invariant,False,success,False,False,
lc_stb,lc_stb-n20k4-s201,201,20,4,16,local_invariant,False,success,False,False,
lc_stb,lc_stb-n20k4-s94,94,20,4,16,local_invariant,True,success,False,False,
lc_stb,lc_stb-n20k8-s89,89,20,8,12,local_invariant,True,success,False,False,
lc_stb,lc_stb-n20k8-s773,773,20,8,12,local_invariant,True,success,False,False,
lc_stb,lc_stb-n20k8-s654,654,20,8,12,local_invariant,True,success,False,False,
lc_stb,lc_stb-n20k8-s438,438,20,8,12,local_invariant,True,success,False,False,
lc_stb,lc_stb-n20k8-s433,433,20,8,12,local_invariant,False,success,False,False,
lc_stb,lc_stb-n20k8-s858,858,20,8,12,local_invariant,False,success,False,False,
lc_stb,lc_stb-n20k8-s85,85,20,8,12,local_invariant,False,success,False,False,
lc_stb,lc_stb-n20k8-s697,697,20,8,12,local_invariant,False,success,False,False,
lc_stb,lc_stb-n20k8-s201,201,20,8,12,local_invariant,False,success,False,False,
lc_stb,lc_stb-n20k8-s94,94,20,8,12,local_invariant,False,success,False,False,
lc_stb,lc_stb-n20k12-s89,89,20,12,8,local_invariant,False,success,False,False,
lc_stb,lc_stb-n20k12-s773,773,20,12,8,local_invariant,True,success,False,False,
lc_stb,lc_stb-n20k12-s654,654,20,12,8,local_invariant,False,success,False,False,
lc_stb,lc_stb-n20k12-s438,438,20,12,8,local_invariant,False,success,False,False,
lc_stb,lc_stb-n20k12-s433,433,20,12,8,local_invariant,False,success,False,False,
lc_stb,lc_stb-n20k12-s858,858,20,12,8,local_invariant,False,success,False,False,
lc_stb,lc_stb-n20k12-s85,85,20,12,8,local_invariant,False,success,False,False,
lc_stb,lc_stb-n20k12-s697,697,20,12,8,local_invariant,False,success,False,False,
lc_stb,lc_stb-n20k12-s201,201,20,12,8,local_invariant,False,success,False,False,
lc_stb,lc_stb-n20k12-s94,94,20,12,8,local_invariant,False,success,False,False,
lc_stb,lc_stb-n20k16-s89,89,20,16,4,local_invariant,False,success,False,False,
lc_stb,lc_stb-n20k16-s773,773,20,16,4,local_invariant,False,success,False,False,
lc_stb,lc_stb-n20k16-s654,654,20,16,4,local_invariant,False,success,False,False,
lc_stb,lc_stb-n20k16-s438,438,20,16,4,local_invariant,False,success,False,False,
lc_stb,lc_stb-n20k16-s433,433,20,16,4,local_invariant,False,success,False,False,
lc_stb,lc_stb-n20k16-s858,858,20,16,4,local_invariant,False,success,False,False,
lc_stb,lc_stb-n20k16-s85,85,20,16,4,local_invariant,False,success,False,False,
lc_stb,lc_stb-n20k16-s697,697,20,16,4,local_invariant,False,success,False,False,
lc_stb,lc_stb-n20k16-s201,201,20,16,4,local_invariant,False,success,False,False,
lc_stb,lc_stb-n20k16-s94,94,20,16,4,local_invariant,False,success,False,False,
lc_stb,lc_stb-n21k0-s89,89,21,0,21,local_invariant,True,success,False,False,
lc_stb,lc_stb-n21k0-s773,773,21,0,21,local_invariant,True,success,False,False,
lc_stb,lc_stb-n21k0-s654,654,21,0,21,local_invariant,False,success,False,False,
lc_stb,lc_stb-n21k0-s438,438,21,0,21,local_invariant,True,success,False,False,
lc_stb,lc_stb-n21k0-s433,433,21,0,21,local_invariant,False,success,False,False,
lc_stb,lc_stb-n21k0-s858,858,21,0,21,local_invariant,True,success,False,False,
lc_stb,lc_stb-n21k0-s85,85,21,0,21,local_invariant,True,success,False,False,
lc_stb,lc_stb-n21k0-s697,697,21,0,21,local_invariant,True,success,False,False,
lc_stb,lc_stb-n21k0-s201,201,21,0,21,local_invariant,False,success,False,False,
lc_stb,lc_stb-n21k0-s94,94,21,0,21,local_invariant,False,success,False,False,
lc_stb,lc_stb-n21k4-s89,89,21,4,17,local_invariant,True,success,False,False,
lc_stb,lc_stb-n21k4-s773,773,21,4,17,local_invariant,True,success,False,False,
lc_stb,lc_stb-n21k4-s654,654,21,4,17,local_invariant,False,success,False,False,
lc_stb,lc_stb-n21k4-s438,438,21,4,17,local_invariant,False,success,False,False,
lc_stb,lc_stb-n21k4-s433,433,21,4,17,local_invariant,True,success,False,False,
lc_stb,lc_stb-n21k4-s858,858,21,4,17,local_invariant,False,success,False,False,
lc_stb,lc_stb-n21k4-s85,85,21,4,17,local_invariant,False,success,False,False,
lc_stb,lc_stb-n21k4-s697,697,21,4,17,local_invariant,True,success,False,False,
lc_stb,lc_stb-n21k4-s201,201,21,4,17,local_invariant,False,success,False,False,
lc_stb,lc_stb-n21k4-s94,94,21,4,17,local_invariant,False,success,False,False,
lc_stb,lc_stb-n21k8-s89,89,21,8,13,local_invariant,True,success,False,False,
lc_stb,lc_stb-n21k8-s773,773,21,8,13,local_invariant,False,success,False,False,
lc_stb,lc_stb-n21k8-s654,654,21,8,13,local_invariant,True,success,False,False,
lc_stb,lc_stb-n21k8-s438,438,21,8,13,local_invariant,True,success,False,False,
lc_stb,lc_stb-n21k8-s433,433,21,8,13,local_invariant,False,success,False,False,
lc_stb,lc_stb-n21k8-s858,858,21,8,13,local_invariant,True,success,False,False,
lc_stb,lc_stb-n21k8-s85,85,21,8,13,local_invariant,False,success,False,False,
lc_stb,lc_stb-n21k8-s697,697,21,8,13,local_invariant,False,success,False,False,
lc_stb,lc_stb-n21k8-s201,201,21,8,13,local_invariant,True,success,False,False,
lc_stb,lc_stb-n21k8-s94,94,21,8,13,local_invariant,True,success,False,False,
lc_stb,lc_stb-n21k12-s89,89,21,12,9,local_invariant,False,success,False,False,
lc_stb,lc_stb-n21k12-s773,773,21,12,9,local_invariant,False,success,False,False,
lc_stb,lc_stb-n21k12-s654,654,21,12,9,local_invariant,False,success,False,False,
lc_stb,lc_stb-n21k12-s438,438,21,12,9,local_invariant,False,success,False,False,
lc_stb,lc_stb-n21k12-s433,433,21,12,9,local_invariant,False,success,False,False,
lc_stb,lc_stb-n21k12-s858,858,21,12,9,local_invariant,True,success,False,False,
lc_stb,lc_stb-n21k12-s85,85,21,12,9,local_invariant,False,success,False,False,
lc_stb,lc_stb-n21k12-s697,697,21,12,9,local_invariant,False,success,False,False,
lc_stb,lc_stb-n21k12-s201,201,21,12,9,local_invariant,False,success,False,False,
lc_stb,lc_stb-n21k12-s94,94,21,12,9,local_invariant,False,success,False,False,
lc_stb,lc_stb-n21k16-s89,89,21,16,5,local_invariant,False,success,False,False,
lc_stb,lc_stb-n21k16-s773,773,21,16,5,local_invariant,False,success,False,False,
lc_stb,lc_stb-n21k16-s654,654,21,16,5,local_invariant,False,success,False,False,
lc_stb,lc_stb-n21k16-s438,438,21,16,5,local_invariant,False,success,False,False,
lc_stb,lc_stb-n21k16-s433,433,21,16,5,local_invariant,False,success,False,False,
lc_stb,lc_stb-n21k16-s858,858,21,16,5,local_invariant,False,success,False,False,
lc_stb,lc_stb-n21k16-s85,85,21,16,5,local_invariant,False,success,False,False,
lc_stb,lc_stb-n21k16-s697,697,21,16,5,local_invariant,False,success,False,False,
lc_stb,lc_stb-n21k16-s201,201,21,16,5,local_invariant,False,success,False,False,
lc_stb,lc_stb-n21k16-s94,94,21,16,5,local_invariant,False,success,False,False,
lc_stb,lc_stb-n21k20-s89,89,21,20,1,local_invariant,False,success,False,False,
lc_stb,lc_stb-n21k20-s773,773,21,20,1,local_invariant,False,success,False,False,
lc_stb,lc_stb-n21k20-s654,654,21,20,1,local_invariant,False,success,False,False,
lc_stb,lc_stb-n21k20-s438,438,21,20,1,local_invariant,True,success,False,False,
lc_stb,lc_stb-n21k20-s433,433,21,20,1,local_invariant,False,success,False,False,
lc_stb,lc_stb-n21k20-s858,858,21,20,1,local_invariant,False,success,False,False,
lc_stb,lc_stb-n21k20-s85,85,21,20,1,local_invariant,False,success,False,False,
lc_stb,lc_stb-n21k20-s697,697,21,20,1,local_invariant,False,success,False,False,
lc_stb,lc_stb-n21k20-s201,201,21,20,1,local_invariant,False,success,False,False,
lc_stb,lc_stb-n21k20-s94,94,21,20,1,local_invariant,False,success,False,False,
lc_stb,lc_stb-n22k0-s89,89,22,0,22,local_invariant,False,success,False,False,
lc_stb,lc_stb-n22k0-s773,773,22,0,22,local_invariant,False,success,False,False,
lc_stb,lc_stb-n22k0-s654,654,22,0,22,local_invariant,True,success,False,False,
lc_stb,lc_stb-n22k0-s438,438,22,0,22,local_invariant,False,success,False,False,
lc_stb,lc_stb-n22k0-s433,433,22,0,22,local_invariant,False,success,False,False,
lc_stb,lc_stb-n22k0-s858,858,22,0,22,local_invariant,False,success,False,False,
lc_stb,lc_stb-n22k0-s85,85,22,0,22,local_invariant,False,success,False,False,
lc_stb,lc_stb-n22k0-s697,697,22,0,22,local_invariant,False,success,False,False,
lc_stb,lc_stb-n22k0-s201,201,22,0,22,local_invariant,False,success,False,False,
lc_stb,lc_stb-n22k0-s94,94,22,0,22,local_invariant,False,success,False,False,
lc_stb,lc_stb-n22k4-s89,89,22,4,18,local_invariant,False,success,False,False,
lc_stb,lc_stb-n22k4-s773,773,22,4,18,local_invariant,False,success,False,False,
lc_stb,lc_stb-n22k4-s654,654,22,4,18,local_invariant,True,success,False,False,
lc_stb,lc_stb-n22k4-s438,438,22,4,18,local_invariant,False,success,False,False,
lc_stb,lc_stb-n22k4-s433,433,22,4,18,local_invariant,False,success,False,False,
lc_stb,lc_stb-n22k4-s858,858,22,4,18,local_invariant,True,success,False,False,
lc_stb,lc_stb-n22k4-s85,85,22,4,18,local_invariant,False,success,False,False,
lc_stb,lc_stb-n22k4-s697,697,22,4,18,local_invariant,False,success,False,False,
lc_stb,lc_stb-n22k4-s201,201,22,4,18,local_invariant,False,success,False,False,
lc_stb,lc_stb-n22k4-s94,94,22,4,18,local_invariant,False,success,False,False,
lc_stb,lc_stb-n22k8-s89,89,22,8,14,local_invariant,False,success,False,False,
lc_stb,lc_stb-n22k8-s773,773,22,8,14,local_invariant,False,success,False,False,
lc_stb,lc_stb-n22k8-s654,654,22,8,14,local_invariant,False,success,False,False,
lc_stb,lc_stb-n22k8-s438,438,22,8,14,local_invariant,False,success,False,False,
lc_stb,lc_stb-n22k8-s433,433,22,8,14,local_invariant,False,success,False,False,
lc_stb,lc_stb-n22k8-s858,858,22,8,14,local_invariant,False,success,False,False,
lc_stb,lc_stb-n22k8-s85,85,22,8,14,local_invariant,False,success,False,False,
lc_stb,lc_stb-n22k8-s697,697,22,8,14,local_invariant,False,success,False,False,
lc_stb,lc_stb-n22k8-s201,201,22,8,14,local_invariant,False,success,False,False,
lc_stb,lc_stb-n22k8-s94,94,22,8,14,local_invariant,False,success,False,False,
lc_stb,lc_stb-n22k12-s89,89,22,12,10,local_invariant,False,success,False,False,
lc_stb,lc_stb-n22k12-s773,773,22,12,10,local_invariant,False,success,False,False,
lc_stb,lc_stb-n22k12-s654,654,22,12,10,local_invariant,False,success,False,False,
lc_stb,lc_stb-n22k12-s438,438,22,12,10,local_invariant,False,success,False,False,
lc_stb,lc_stb-n22k12-s433,433,22,12,10,local_invariant,True,success,False,False,
lc_stb,lc_stb-n22k12-s858,858,22,12,10,local_invariant,False,success,False,False,
lc_stb,lc_stb-n22k12-s85,85,22,12,10,local_invariant,True,success,False,False,
lc_stb,lc_stb-n22k12-s697,697,22,12,10,local_invariant,False,success,False,False,
lc_stb,lc_stb-n22k12-s201,201,22,12,10,local_invariant,True,success,False,False,
lc_stb,lc_stb-n22k12-s94,94,22,12,10,local_invariant,False,success,False,False,
lc_stb,lc_stb-n22k16-s89,89,22,16,6,local_invariant,False,success,False,False,
lc_stb,lc_stb-n22k16-s773,773,22,16,6,local_invariant,False,success,False,False,
lc_stb,lc_stb-n22k16-s654,654,22,16,6,local_invariant,False,success,False,False,
lc_stb,lc_stb-n22k16-s438,438,22,16,6,local_invariant,False,success,False,False,
lc_stb,lc_stb-n22k16-s433,433,22,16,6,local_invariant,False,success,False,False,
lc_stb,lc_stb-n22k16-s858,858,22,16,6,local_invariant,False,success,False,False,
lc_stb,lc_stb-n22k16-s85,85,22,16,6,local_invariant,False,success,False,False,
lc_stb,lc_stb-n22k16-s697,697,22,16,6,local_invariant,False,success,False,False,
lc_stb,lc_stb-n22k16-s201,201,22,16,6,local_invariant,False,success,False,False,
lc_stb,lc_stb-n22k16-s94,94,22,16,6,local_invariant,False,success,False,False,
lc_stb,lc_stb-n22k20-s89,89,22,20,2,local_invariant,False,success,False,False,
lc_stb,lc_stb-n22k20-s773,773,22,20,2,local_invariant,False,success,False,False,
lc_stb,lc_stb-n22k20-s654,654,22,20,2,local_invariant,False,success,False,False,
lc_stb,lc_stb-n22k20-s438,438,22,20,2,local_invariant,False,success,False,False,
lc_stb,lc_stb-n22k20-s433,433,22,20,2,local_invariant,False,success,False,False,
lc_stb,lc_stb-n22k20-s858,858,22,20,2,local_invariant,False,success,False,False,
lc_stb,lc_stb-n22k20-s85,85,22,20,2,local_invariant,False,success,False,False,
lc_stb,lc_stb-n22k20-s697,697,22,20,2,local_invariant,False,success,False,False,
lc_stb,lc_stb-n22k20-s201,201,22,20,2,local_invariant,False,success,False,False,
lc_stb,lc_stb-n22k20-s94,94,22,20,2,local_invariant,False,success,False,False,
lc_stb,lc_stb-n23k0-s89,89,23,0,23,local_invariant,True,success,False,False,
lc_stb,lc_stb-n23k0-s773,773,23,0,23,local_invariant,False,success,False,False,
lc_stb,lc_stb-n23k0-s654,654,23,0,23,local_invariant,False,success,False,False,
lc_stb,lc_stb-n23k0-s438,438,23,0,23,local_invariant,True,success,False,False,
lc_stb,lc_stb-n23k0-s433,433,23,0,23,local_invariant,True,success,False,False,
lc_stb,lc_stb-n23k0-s858,858,23,0,23,local_invariant,True,success,False,False,
lc_stb,lc_stb-n23k0-s85,85,23,0,23,local_invariant,True,success,False,False,
lc_stb,lc_stb-n23k0-s697,697,23,0,23,local_invariant,True,success,False,False,
lc_stb,lc_stb-n23k0-s201,201,23,0,23,local_invariant,True,success,False,False,
lc_stb,lc_stb-n23k0-s94,94,23,0,23,local_invariant,True,success,False,False,
lc_stb,lc_stb-n23k4-s89,89,23,4,19,local_invariant,True,success,False,False,
lc_stb,lc_stb-n23k4-s773,773,23,4,19,local_invariant,False,success,False,False,
lc_stb,lc_stb-n23k4-s654,654,23,4,19,local_invariant,True,success,False,False,
lc_stb,lc_stb-n23k4-s438,438,23,4,19,local_invariant,False,success,False,False,
lc_stb,lc_stb-n23k4-s433,433,23,4,19,local_invariant,True,success,False,False,
lc_stb,lc_stb-n23k4-s858,858,23,4,19,local_invariant,False,success,False,False,
lc_stb,lc_stb-n23k4-s85,85,23,4,19,local_invariant,False,success,False,False,
lc_stb,lc_stb-n23k4-s697,697,23,4,19,local_invariant,False,success,False,False,
lc_stb,lc_stb-n23k4-s201,201,23,4,19,local_invariant,True,success,False,False,
lc_stb,lc_stb-n23k4-s94,94,23,4,19,local_invariant,True,success,False,False,
lc_stb,lc_stb-n23k8-s89,89,23,8,15,local_invariant,False,success,False,False,
lc_stb,lc_stb-n23k8-s773,773,23,8,15,local_invariant,False,success,False,False,
lc_stb,lc_stb-n23k8-s654,654,23,8,15,local_invariant,False,success,False,False,
lc_stb,lc_stb-n23k8-s438,438,23,8,15,local_invariant,True,success,False,False,
lc_stb,lc_stb-n23k8-s433,433,23,8,15,local_invariant,False,success,False,False,
lc_stb,lc_stb-n23k8-s858,858,23,8,15,local_invariant,False,success,False,False,
lc_stb,lc_stb-n23k8-s85,85,23,8,15,local_invariant,False,success,False,False,
lc_stb,lc_stb-n23k8-s697,697,23,8,15,local_invariant,True,success,False,False,
lc_stb,lc_stb-n23k8-s201,201,23,8,15,local_invariant,True,success,False,False,
lc_stb,lc_stb-n23k8-s94,94,23,8,15,local_invariant,False,success,False,False,
lc_stb,lc_stb-n23k12-s89,89,23,12,11,local_invariant,True,success,False,False,
lc_stb,lc_stb-n23k12-s773,773,23,12,11,local_invariant,False,success,False,False,
lc_stb,lc_stb-n23k12-s654,654,23,12,11,local_invariant,False,success,False,False,
lc_stb,lc_stb-n23k12-s438,438,23,12,11,local_invariant,False,success,False,False,
lc_stb,lc_stb-n23k12-s433,433,23,12,11,local_invariant,False,success,False,False,
lc_stb,lc_stb-n23k12-s858,858,23,12,11,local_invariant,False,success,False,False,
lc_stb,lc_stb-n23k12-s85,85,23,12,11,local_invariant,False,success,False,False,
lc_stb,lc_stb-n23k12-s697,697,23,12,11,local_invariant,False,success,False,False,
lc_stb,lc_stb-n23k12-s201,201,23,12,11,local_invariant,False,success,False,False,
lc_stb,lc_stb-n23k12-s94,94,23,12,11,local_invariant,False,success,False,False,
lc_stb,lc_stb-n23k16-s89,89,23,16,7,local_invariant,True,success,False,False,
lc_stb,lc_stb-n23k16-s773,773,23,16,7,local_invariant,False,success,False,False,
lc_stb,lc_stb-n23k16-s654,654,23,16,7,local_invariant,False,success,False,False,
lc_stb,lc_stb-n23k16-s438,438,23,16,7,local_invariant,False,success,False,False,
lc_stb,lc_stb-n23k16-s433,433,23,16,7,local_invariant,False,success,False,False,
lc_stb,lc_stb-n23k16-s858,858,23,16,7,local_invariant,False,success,False,False,
lc_stb,lc_stb-n23k16-s85,85,23,16,7,local_invariant,False,success,False,False,
lc_stb,lc_stb-n23k16-s697,697,23,16,7,local_invariant,False,success,False,False,
lc_stb,lc_stb-n23k16-s201,201,23,16,7,local_invariant,False,success,False,False,
lc_stb,lc_stb-n23k16-s94,94,23,16,7,local_invariant,False,success,False,False,
lc_stb,lc_stb-n23k20-s89,89,23,20,3,local_invariant,False,success,False,False,
lc_stb,lc_stb-n23k20-s773,773,23,20,3,local_invariant,False,success,False,False,
lc_stb,lc_stb-n23k20-s654,654,23,20,3,local_invariant,False,success,False,False,
lc_stb,lc_stb-n23k20-s438,438,23,20,3,local_invariant,False,success,False,False,
lc_stb,lc_stb-n23k20-s433,433,23,20,3,local_invariant,False,success,False,False,
lc_stb,lc_stb-n23k20-s858,858,23,20,3,local_invariant,False,success,False,False,
lc_stb,lc_stb-n23k20-s85,85,23,20,3,local_invariant,False,success,False,False,
lc_stb,lc_stb-n23k20-s697,697,23,20,3,local_invariant,False,success,False,False,
lc_stb,lc_stb-n23k20-s201,201,23,20,3,local_invariant,False,success,False,False,
lc_stb,lc_stb-n23k20-s94,94,23,20,3,local_invariant,False,success,False,False,
lc_stb,lc_stb-n24k0-s89,89,24,0,24,local_invariant,False,success,False,False,
lc_stb,lc_stb-n24k0-s773,773,24,0,24,local_invariant,False,success,False,False,
lc_stb,lc_stb-n24k0-s654,654,24,0,24,local_invariant,False,success,False,False,
lc_stb,lc_stb-n24k0-s438,438,24,0,24,local_invariant,True,success,False,False,
lc_stb,lc_stb-n24k0-s433,433,24,0,24,local_invariant,True,success,False,False,
lc_stb,lc_stb-n24k0-s858,858,24,0,24,local_invariant,False,success,False,False,
lc_stb,lc_stb-n24k0-s85,85,24,0,24,local_invariant,False,success,False,False,
lc_stb,lc_stb-n24k0-s697,697,24,0,24,local_invariant,True,success,False,False,
lc_stb,lc_stb-n24k0-s201,201,24,0,24,local_invariant,True,success,False,False,
lc_stb,lc_stb-n24k0-s94,94,24,0,24,local_invariant,False,success,False,False,
lc_stb,lc_stb-n24k4-s89,89,24,4,20,local_invariant,False,success,False,False,
lc_stb,lc_stb-n24k4-s773,773,24,4,20,local_invariant,False,success,False,False,
lc_stb,lc_stb-n24k4-s654,654,24,4,20,local_invariant,False,success,False,False,
lc_stb,lc_stb-n24k4-s438,438,24,4,20,local_invariant,False,success,False,False,
lc_stb,lc_stb-n24k4-s433,433,24,4,20,local_invariant,True,success,False,False,
lc_stb,lc_stb-n24k4-s858,858,24,4,20,local_invariant,False,success,False,False,
lc_stb,lc_stb-n24k4-s85,85,24,4,20,local_invariant,False,success,False,False,
lc_stb,lc_stb-n24k4-s697,697,24,4,20,local_invariant,False,success,False,False,
lc_stb,lc_stb-n24k4-s201,201,24,4,20,local_invariant,False,success,False,False,
lc_stb,lc_stb-n24k4-s94,94,24,4,20,local_invariant,False,success,False,False,
lc_stb,lc_stb-n24k8-s89,89,24,8,16,local_invariant,True,success,False,False,
lc_stb,lc_stb-n24k8-s773,773,24,8,16,local_invariant,True,success,False,False,
lc_stb,lc_stb-n24k8-s654,654,24,8,16,local_invariant,False,success,False,False,
lc_stb,lc_stb-n24k8-s438,438,24,8,16,local_invariant,False,success,False,False,
lc_stb,lc_stb-n24k8-s433,433,24,8,16,local_invariant,False,success,False,False,
lc_stb,lc_stb-n24k8-s858,858,24,8,16,local_invariant,False,success,False,False,
lc_stb,lc_stb-n24k8-s85,85,24,8,16,local_invariant,True,success,False,False,
lc_stb,lc_stb-n24k8-s697,697,24,8,16,local_invariant,False,success,False,False,
lc_stb,lc_stb-n24k8-s201,201,24,8,16,local_invariant,True,success,False,False,
lc_stb,lc_stb-n24k8-s94,94,24,8,16,local_invariant,False,success,False,False,
lc_stb,lc_stb-n24k12-s89,89,24,12,12,local_invariant,False,success,False,False,
lc_stb,lc_stb-n24k12-s773,773,24,12,12,local_invariant,False,success,False,False,
lc_stb,lc_stb-n24k12-s654,654,24,12,12,local_invariant,False,success,False,False,
lc_stb,lc_stb-n24k12-s438,438,24,12,12,local_invariant,False,success,False,False,
lc_stb,lc_stb-n24k12-s433,433,24,12,12,local_invariant,False,success,False,False,
lc_stb,lc_stb-n24k12-s858,858,24,12,12,local_invariant,False,success,False,False,
lc_stb,lc_stb-n24k12-s85,85,24,12,12,local_invariant,True,success,False,False,
lc_stb,lc_stb-n24k12-s697,697,24,12,12,local_invariant,False,success,False,False,
lc_stb,lc_stb-n24k12-s201,201,24,12,12,local_invariant,False,success,False,False,
lc_stb,lc_stb-n24k12-s94,94,24,12,12,local_invariant,False,success,False,False,
lc_stb,lc_stb-n24k16-s89,89,24,16,8,local_invariant,False,success,False,False,
lc_stb,lc_stb-n24k16-s773,773,24,16,8,local_invariant,False,success,False,False,
lc_stb,lc_stb-n24k16-s654,654,24,16,8,local_invariant,False,success,False,False,
lc_stb,lc_stb-n24k16-s438,438,24,16,8,local_invariant,False,success,False,False,
lc_stb,lc_stb-n24k16-s433,433,24,16,8,local_invariant,True,success,False,False,
lc_stb,lc_stb-n24k16-s858,858,24,16,8,local_invariant,False,success,False,False,
lc_stb,lc_stb-n24k16-s85,85,24,16,8,local_invariant,True,success,False,False,
lc_stb,lc_stb-n24k16-s697,697,24,16,8,local_invariant,False,success,False,False,
lc_stb,lc_stb-n24k16-s201,201,24,16,8,local_invariant,False,success,False,False,
lc_stb,lc_stb-n24k16-s94,94,24,16,8,local_invariant,False,success,False,False,
lc_stb,lc_stb-n24k20-s89,89,24,20,4,local_invariant,False,success,False,False,
lc_stb,lc_stb-n24k20-s773,773,24,20,4,local_invariant,False,success,False,False,
lc_stb,lc_stb-n24k20-s654,654,24,20,4,local_invariant,False,success,False,False,
lc_stb,lc_stb-n24k20-s438,438,24,20,4,local_invariant,False,success,False,False,
lc_stb,lc_stb-n24k20-s433,433,24,20,4,local_invariant,False,success,False,False,
lc_stb,lc_stb-n24k20-s858,858,24,20,4,local_invariant,False,success,False,False,
lc_stb,lc_stb-n24k20-s85,85,24,20,4,local_invariant,False,success,False,False,
lc_stb,lc_stb-n24k20-s697,697,24,20,4,local_invariant,False,success,False,False,
lc_stb,lc_stb-n24k20-s201,201,24,20,4,local_invariant,False,success,False,False,
lc_stb,lc_stb-n24k20-s94,94,24,20,4,local_invariant,False,success,False,False,
lc_stb,lc_stb-n25k0-s89,89,25,0,25,local_invariant,True,success,False,False,
lc_stb,lc_stb-n25k0-s773,773,25,0,25,local_invariant,True,success,False,False,
lc_stb,lc_stb-n25k0-s654,654,25,0,25,local_invariant,True,success,False,False,
lc_stb,lc_stb-n25k0-s438,438,25,0,25,local_invariant,True,success,False,False,
lc_stb,lc_stb-n25k0-s433,433,25,0,25,local_invariant,True,success,False,False,
lc_stb,lc_stb-n25k0-s858,858,25,0,25,local_invariant,True,success,False,False,
lc_stb,lc_stb-n25k0-s85,85,25,0,25,local_invariant,False,success,False,False,
lc_stb,lc_stb-n25k0-s697,697,25,0,25,local_invariant,True,success,False,False,
lc_stb,lc_stb-n25k0-s201,201,25,0,25,local_invariant,True,success,False,False,
lc_stb,lc_stb-n25k0-s94,94,25,0,25,local_invariant,True,success,False,False,
lc_stb,lc_stb-n25k4-s89,89,25,4,21,local_invariant,False,success,False,False,
lc_stb,lc_stb-n25k4-s773,773,25,4,21,local_invariant,True,success,False,False,
lc_stb,lc_stb-n25k4-s654,654,25,4,21,local_invariant,True,success,False,False,
lc_stb,lc_stb-n25k4-s438,438,25,4,21,local_invariant,False,success,False,False,
lc_stb,lc_stb-n25k4-s433,433,25,4,21,local_invariant,True,success,False,False,
lc_stb,lc_stb-n25k4-s858,858,25,4,21,local_invariant,False,success,False,False,
lc_stb,lc_stb-n25k4-s85,85,25,4,21,local_invariant,True,success,False,False,
lc_stb,lc_stb-n25k4-s697,697,25,4,21,local_invariant,False,success,False,False,
lc_stb,lc_stb-n25k4-s201,201,25,4,21,local_invariant,False,success,False,False,
lc_stb,lc_stb-n25k4-s94,94,25,4,21,local_invariant,False,success,False,False,
lc_stb,lc_stb-n25k8-s89,89,25,8,17,local_invariant,False,success,False,False,
lc_stb,lc_stb-n25k8-s773,773,25,8,17,local_invariant,False,success,False,False,
lc_stb,lc_stb-n25k8-s654,654,25,8,17,local_invariant,True,success,False,False,
lc_stb,lc_stb-n25k8-s438,438,25,8,17,local_invariant,True,success,False,False,
lc_stb,lc_stb-n25k8-s433,433,25,8,17,local_invariant,False,success,False,False,
lc_stb,lc_stb-n25k8-s858,858,25,8,17,local_invariant,False,success,False,False,
lc_stb,lc_stb-n25k8-s85,85,25,8,17,local_invariant,False,success,False,False,
lc_stb,lc_stb-n25k8-s697,697,25,8,17,local_invariant,True,success,False,False,
lc_stb,lc_stb-n25k8-s201,201,25,8,17,local_invariant,False,success,False,False,
lc_stb,lc_stb-n25k8-s94,94,25,8,17,local_invariant,False,success,False,False,
lc_stb,lc_stb-n25k12-s89,89,25,12,13,local_invariant,False,success,False,False,
lc_stb,lc_stb-n25k12-s773,773,25,12,13,local_invariant,False,success,False,False,
lc_stb,lc_stb-n25k12-s654,654,25,12,13,local_invariant,True,success,False,False,
lc_stb,lc_stb-n25k12-s438,438,25,12,13,local_invariant,False,success,False,False,
lc_stb,lc_stb-n25k12-s433,433,25,12,13,local_invariant,False,success,False,False,
lc_stb,lc_stb-n25k12-s858,858,25,12,13,local_invariant,True,success,False,False,
lc_stb,lc_stb-n25k12-s85,85,25,12,13,local_invariant,True,success,False,False,
lc_stb,lc_stb-n25k12-s697,697,25,12,13,local_invariant,False,success,False,False,
lc_stb,lc_stb-n25k12-s201,201,25,12,13,local_invariant,True,success,False,False,
lc_stb,lc_stb-n25k12-s94,94,25,12,13,local_invariant,False,success,False,False,
lc_stb,lc_stb-n25k16-s89,89,25,16,9,local_invariant,False,success,False,False,
lc_stb,lc_stb-n25k16-s773,773,25,16,9,local_invariant,False,success,False,False,
lc_stb,lc_stb-n25k16-s654,654,25,16,9,local_invariant,False,success,False,False,
lc_stb,lc_stb-n25k16-s438,438,25,16,9,local_invariant,False,success,False,False,
lc_stb,lc_stb-n25k16-s433,433,25,16,9,local_invariant,False,success,False,False,
lc_stb,lc_stb-n25k16-s858,858,25,16,9,local_invariant,False,success,False,False,
lc_stb,lc_stb-n25k16-s85,85,25,16,9,local_invariant,False,success,False,False,
lc_stb,lc_stb-n25k16-s697,697,25,16,9,local_invariant,False,success,False,False,
lc_stb,lc_stb-n25k16-s201,201,25,16,9,local_invariant,True,success,False,False,
lc_stb,lc_stb-n25k16-s94,94,25,16,9,local_invariant,True,success,False,False,
lc_stb,lc_stb-n25k20-s89,89,25,20,5,local_invariant,False,success,False,False,
lc_stb,lc_stb-n25k20-s773,773,25,20,5,local_invariant,False,success,False,False,
lc_stb,lc_stb-n25k20-s654,654,25,20,5,local_invariant,False,success,False,False,
lc_stb,lc_stb-n25k20-s438,438,25,20,5,local_invariant,False,success,False,False,
lc_stb,lc_stb-n25k20-s433,433,25,20,5,local_invariant,False,success,False,False,
lc_stb,lc_stb-n25k20-s858,858,25,20,5,local_invariant,False,success,False,False,
lc_stb,lc_stb-n25k20-s85,85,25,20,5,local_invariant,False,success,False,False,
lc_stb,lc_stb-n25k20-s697,697,25,20,5,local_invariant,True,success,False,False,
lc_stb,lc_stb-n25k20-s201,201,25,20,5,local_invariant,False,success,False,False,
lc_stb,lc_stb-n25k20-s94,94,25,20,5,local_invariant,False,success,False,False,
lc_stb,lc_stb-n25k24-s89,89,25,24,1,local_invariant,False,success,False,False,
lc_stb,lc_stb-n25k24-s773,773,25,24,1,local_invariant,False,success,False,False,
lc_stb,lc_stb-n25k24-s654,654,25,24,1,local_invariant,True,success,False,False,
lc_stb,lc_stb-n25k24-s438,438,25,24,1,local_invariant,False,success,False,False,
lc_stb,lc_stb-n25k24-s433,433,25,24,1,local_invariant,False,success,False,False,
lc_stb,lc_stb-n25k24-s858,858,25,24,1,local_invariant,False,success,False,False,
lc_stb,lc_stb-n25k24-s85,85,25,24,1,local_invariant,False,success,False,False,
lc_stb,lc_stb-n25k24-s697,697,25,24,1,local_invariant,False,success,False,False,
lc_stb,lc_stb-n25k24-s201,201,25,24,1,local_invariant,False,success,False,False,
lc_stb,lc_stb-n25k24-s94,94,25,24,1,local_invariant,False,success,False,False,
lc_stb,lc_stb-n26k0-s89,89,26,0,26,local_invariant,False,success,False,False,
lc_stb,lc_stb-n26k0-s773,773,26,0,26,local_invariant,True,success,False,False,
lc_stb,lc_stb-n26k0-s654,654,26,0,26,local_invariant,True,success,False,False,
lc_stb,lc_stb-n26k0-s438,438,26,0,26,local_invariant,False,success,False,False,
lc_stb,lc_stb-n26k0-s433,433,26,0,26,local_invariant,False,success,False,False,
lc_stb,lc_stb-n26k0-s858,858,26,0,26,local_invariant,True,success,False,False,
lc_stb,lc_stb-n26k0-s85,85,26,0,26,local_invariant,False,success,False,False,
lc_stb,lc_stb-n26k0-s697,697,26,0,26,local_invariant,True,success,False,False,
lc_stb,lc_stb-n26k0-s201,201,26,0,26,local_invariant,True,success,False,False,
lc_stb,lc_stb-n26k0-s94,94,26,0,26,local_invariant,False,success,False,False,
lc_stb,lc_stb-n26k4-s89,89,26,4,22,local_invariant,False,success,False,False,
lc_stb,lc_stb-n26k4-s773,773,26,4,22,local_invariant,False,success,False,False,
lc_stb,lc_stb-n26k4-s654,654,26,4,22,local_invariant,False,success,False,False,
lc_stb,lc_stb-n26k4-s438,438,26,4,22,local_invariant,False,success,False,False,
lc_stb,lc_stb-n26k4-s433,433,26,4,22,local_invariant,False,success,False,False,
lc_stb,lc_stb-n26k4-s858,858,26,4,22,local_invariant,False,success,False,False,
lc_stb,lc_stb-n26k4-s85,85,26,4,22,local_invariant,False,success,False,False,
lc_stb,lc_stb-n26k4-s697,697,26,4,22,local_invariant,False,success,False,False,
lc_stb,lc_stb-n26k4-s201,201,26,4,22,local_invariant,True,success,False,False,
lc_stb,lc_stb-n26k4-s94,94,26,4,22,local_invariant,False,success,False,False,
lc_stb,lc_stb-n26k8-s89,89,26,8,18,local_invariant,False,success,False,False,
lc_stb,lc_stb-n26k8-s773,773,26,8,18,local_invariant,False,success,False,False,
lc_stb,lc_stb-n26k8-s654,654,26,8,18,local_invariant,False,success,False,False,
lc_stb,lc_stb-n26k8-s438,438,26,8,18,local_invariant,False,success,False,False,
lc_stb,lc_stb-n26k8-s433,433,26,8,18,local_invariant,True,success,False,False,
lc_stb,lc_stb-n26k8-s858,858,26,8,18,local_invariant,True,success,False,False,
lc_stb,lc_stb-n26k8-s85,85,26,8,18,local_invariant,False,success,False,False,
lc_stb,lc_stb-n26k8-s697,697,26,8,18,local_invariant,False,success,False,False,
lc_stb,lc_stb-n26k8-s201,201,26,8,18,local_invariant,False,success,False,False,
lc_stb,lc_stb-n26k8-s94,94,26,8,18,local_invariant,False,success,False,False,
lc_stb,lc_stb-n26k12-s89,89,26,12,14,local_invariant,False,success,False,False,
lc_stb,lc_stb-n26k12-s773,773,26,12,14,local_invariant,False,success,False,False,
lc_stb,lc_stb-n26k12-s654,654,26,12,14,local_invariant,False,success,False,False,
lc_stb,lc_stb-n26k12-s438,438,26,12,14,local_invariant,False,success,False,False,
lc_stb,lc_stb-n26k12-s433,433,26,12,14,local_invariant,False,success,False,False,
lc_stb,lc_stb-n26k12-s858,858,26,12,14,local_invariant,False,success,False,False,
lc_stb,lc_stb-n26k12-s85,85,26,12,14,local_invariant,False,success,False,False,
lc_stb,lc_stb-n26k12-s697,697,26,12,14,local_invariant,True,success,False,False,
lc_stb,lc_stb-n26k12-s201,201,26,12,14,local_invariant,True,success,False,False,
lc_stb,lc_stb-n26k12-s94,94,26,12,14,local_invariant,False,success,False,False,
lc_stb,lc_stb-n26k16-s89,89,26,16,10,local_invariant,False,success,False,False,
lc_stb,lc_stb-n26k16-s773,773,26,16,10,local_invariant,False,success,False,False,
lc_stb,lc_stb-n26k16-s654,654,26,16,10,local_invariant,False,success,False,False,
lc_stb,lc_stb-n26k16-s438,438,26,16,10,local_invariant,False,success,False,False,
lc_stb,lc_stb-n26k16-s433,433,26,16,10,local_invariant,False,success,False,False,
lc_stb,lc_stb-n26k16-s858,858,26,16,10,local_invariant,False,success,False,False,
lc_stb,lc_stb-n26k16-s85,85,26,16,10,local_invariant,False,success,False,False,
lc_stb,lc_stb-n26k16-s697,697,26,16,10,local_invariant,False,success,False,False,
lc_stb,lc_stb-n26k16-s201,201,26,16,10,local_invariant,False,success,False,False,
lc_stb,lc_stb-n26k16-s94,94,26,16,10,local_invariant,False,success,False,False,
lc_stb,lc_stb-n26k20-s89,89,26,20,6,local_invariant,True,success,False,False,
lc_stb,lc_stb-n26k20-s773,773,26,20,6,local_invariant,False,success,False,False,
lc_stb,lc_stb-n26k20-s654,654,26,20,6,local_invariant,False,success,False,False,
lc_stb,lc_stb-n26k20-s438,438,26,20,6,local_invariant,False,success,False,False,
lc_stb,lc_stb-n26k20-s433,433,26,20,6,local_invariant,False,success,False,False,
lc_stb,lc_stb-n26k20-s858,858,26,20,6,local_invariant,False,success,False,False,
lc_stb,lc_stb-n26k20-s85,85,26,20,6,local_invariant,False,success,False,False,
lc_stb,lc_stb-n26k20-s697,697,26,20,6,local_invariant,False,success,False,False,
lc_stb,lc_stb-n26k20-s201,201,26,20,6,local_invariant,False,success,False,False,
lc_stb,lc_stb-n26k20-s94,94,26,20,6,local_invariant,False,success,False,False,
lc_stb,lc_stb-n26k24-s89,89,26,24,2,local_invariant,False,success,False,False,
lc_stb,lc_stb-n26k24-s773,773,26,24,2,local_invariant,False,success,False,False,
lc_stb,lc_stb-n26k24-s654,654,26,24,2,local_invariant,False,success,False,False,
lc_stb,lc_stb-n26k24-s438,438,26,24,2,local_invariant,False,success,False,False,
lc_stb,lc_stb-n26k24-s433,433,26,24,2,local_invariant,False,success,False,False,
lc_stb,lc_stb-n26k24-s858,858,26,24,2,local_invariant,False,success,False,False,
lc_stb,lc_stb-n26k24-s85,85,26,24,2,local_invariant,False,success,False,False,
lc_stb,lc_stb-n26k24-s697,697,26,24,2,local_invariant,False,success,False,False,
lc_stb,lc_stb-n26k24-s201,201,26,24,2,local_invariant,False,success,False,False,
lc_stb,lc_stb-n26k24-s94,94,26,24,2,local_invariant,False,success,False,False,
lc_stb,lc_stb-n28k0-s89,89,28,0,28,local_invariant,False,success,False,False,
lc_stb,lc_stb-n28k0-s773,773,28,0,28,local_invariant,False,success,False,False,
lc_stb,lc_stb-n28k0-s654,654,28,0,28,local_invariant,False,success,False,False,
lc_stb,lc_stb-n28k0-s438,438,28,0,28,local_invariant,False,success,False,False,
lc_stb,lc_stb-n28k0-s433,433,28,0,28,local_invariant,True,success,False,False,
lc_stb,lc_stb-n28k0-s858,858,28,0,28,local_invariant,False,success,False,False,
lc_stb,lc_stb-n28k0-s85,85,28,0,28,local_invariant,True,success,False,False,
lc_stb,lc_stb-n28k0-s697,697,28,0,28,local_invariant,True,success,False,False,
lc_stb,lc_stb-n28k0-s201,201,28,0,28,local_invariant,False,success,False,False,
lc_stb,lc_stb-n28k0-s94,94,28,0,28,local_invariant,False,success,False,False,
lc_stb,lc_stb-n28k4-s89,89,28,4,24,local_invariant,False,success,False,False,
lc_stb,lc_stb-n28k4-s773,773,28,4,24,local_invariant,True,success,False,False,
lc_stb,lc_stb-n28k4-s654,654,28,4,24,local_invariant,False,success,False,False,
lc_stb,lc_stb-n28k4-s438,438,28,4,24,local_invariant,True,success,False,False,
lc_stb,lc_stb-n28k4-s433,433,28,4,24,local_invariant,False,success,False,False,
lc_stb,lc_stb-n28k4-s858,858,28,4,24,local_invariant,False,success,False,False,
lc_stb,lc_stb-n28k4-s85,85,28,4,24,local_invariant,True,success,False,False,
lc_stb,lc_stb-n28k4-s697,697,28,4,24,local_invariant,False,success,False,False,
lc_stb,lc_stb-n28k4-s201,201,28,4,24,local_invariant,True,success,False,False,
lc_stb,lc_stb-n28k4-s94,94,28,4,24,local_invariant,False,success,False,False,
lc_stb,lc_stb-n28k8-s89,89,28,8,20,local_invariant,False,success,False,False,
lc_stb,lc_stb-n28k8-s773,773,28,8,20,local_invariant,False,success,False,False,
lc_stb,lc_stb-n28k8-s654,654,28,8,20,local_invariant,False,success,False,False,
lc_stb,lc_stb-n28k8-s438,438,28,8,20,local_invariant,False,success,False,False,
lc_stb,lc_stb-n28k8-s433,433,28,8,20,local_invariant,False,success,False,False,
lc_stb,lc_stb-n28k8-s858,858,28,8,20,local_invariant,False,success,False,False,
lc_stb,lc_stb-n28k8-s85,85,28,8,20,local_invariant,False,success,False,False,
lc_stb,lc_stb-n28k8-s697,697,28,8,20,local_invariant,False,success,False,False,
lc_stb,lc_stb-n28k8-s201,201,28,8,20,local_invariant,False,success,False,False,
lc_stb,lc_stb-n28k8-s94,94,28,8,20,local_invariant,True,success,False,False,
lc_stb,lc_stb-n28k12-s89,89,28,12,16,local_invariant,False,success,False,False,
lc_stb,lc_stb-n28k12-s773,773,28,12,16,local_invariant,False,success,False,False,
lc_stb,lc_stb-n28k12-s654,654,28,12,16,local_invariant,False,success,False,False,
lc_stb,lc_stb-n28k12-s438,438,28,12,16,local_invariant,False,success,False,False,
lc_stb,lc_stb-n28k12-s433,433,28,12,16,local_invariant,True,success,False,False,
lc_stb,lc_stb-n28k12-s858,858,28,12,16,local_invariant,False,success,False,False,
lc_stb,lc_stb-n28k12-s85,85,28,12,16,local_invariant,False,success,False,False,
lc_stb,lc_stb-n28k12-s697,697,28,12,16,local_invariant,False,success,False,False,
lc_stb,lc_stb-n28k12-s201,201,28,12,16,local_invariant,True,success,False,False,
lc_stb,lc_stb-n28k12-s94,94,28,12,16,local_invariant,True,success,False,False,
lc_stb,lc_stb-n28k16-s89,89,28,16,12,local_invariant,False,success,False,False,
lc_stb,lc_stb-n28k16-s773,773,28,16,12,local_invariant,False,success,False,False,
lc_stb,lc_stb-n28k16-s654,654,28,16,12,local_invariant,False,success,False,False,
lc_stb,lc_stb-n28k16-s438,438,28,16,12,local_invariant,False,success,False,False,
lc_stb,lc_stb-n28k16-s433,433,28,16,12,local_invariant,False,success,False,False,
lc_stb,lc_stb-n28k16-s858,858,28,16,12,local_invariant,False,success,False,False,
lc_stb,lc_stb-n28k16-s85,85,28,16,12,local_invariant,False,success,False,False,
lc_stb,lc_stb-n28k16-s697,697,28,16,12,local_invariant,False,success,False,False,
lc_stb,lc_stb-n28k16-s201,201,28,16,12,local_invariant,False,success,False,False,
lc_stb,lc_stb-n28k16-s94,94,28,16,12,local_invariant,False,success,False,False,
lc_stb,lc_stb-n28k20-s89,89,28,20,8,local_invariant,False,success,False,False,
lc_stb,lc_stb-n28k20-s773,773,28,20,8,local_invariant,False,success,False,False,
lc_stb,lc_stb-n28k20-s654,654,28,20,8,local_invariant,False,success,False,False,
lc_stb,lc_stb-n28k20-s438,438,28,20,8,local_invariant,False,success,False,False,
lc_stb,lc_stb-n28k20-s433,433,28,20,8,local_invariant,False,success,False,False,
lc_stb,lc_stb-n28k20-s858,858,28,20,8,local_invariant,False,success,False,False,
lc_stb,lc_stb-n28k20-s85,85,28,20,8,local_invariant,False,success,False,False,
lc_stb,lc_stb-n28k20-s697,697,28,20,8,local_invariant,False,success,False,False,
lc_stb,lc_stb-n28k20-s201,201,28,20,8,local_invariant,True,success,False,False,
lc_stb,lc_stb-n28k20-s94,94,28,20,8,local_invariant,False,success,False,False,
lc_stb,lc_stb-n28k24-s89,89,28,24,4,local_invariant,False,success,False,False,
lc_stb,lc_stb-n28k24-s773,773,28,24,4,local_invariant,False,success,False,False,
lc_stb,lc_stb-n28k24-s654,654,28,24,4,local_invariant,False,success,False,False,
lc_stb,lc_stb-n28k24-s438,438,28,24,4,local_invariant,False,success,False,False,
lc_stb,lc_stb-n28k24-s433,433,28,24,4,local_invariant,False,success,False,False,
lc_stb,lc_stb-n28k24-s858,858,28,24,4,local_invariant,False,success,False,False,
lc_stb,lc_stb-n28k24-s85,85,28,24,4,local_invariant,False,success,False,False,
lc_stb,lc_stb-n28k24-s697,697,28,24,4,local_invariant,False,success,False,False,
lc_stb,lc_stb-n28k24-s201,201,28,24,4,local_invariant,False,success,False,False,
lc_stb,lc_stb-n28k24-s94,94,28,24,4,local_invariant,False,success,False,False,
lc_stb,lc_stb-n30k0-s89,89,30,0,30,local_invariant,False,success,False,False,
lc_stb,lc_stb-n30k0-s773,773,30,0,30,local_invariant,True,success,False,False,
lc_stb,lc_stb-n30k0-s654,654,30,0,30,local_invariant,False,success,False,False,
lc_stb,lc_stb-n30k0-s438,438,30,0,30,local_invariant,False,success,False,False,
lc_stb,lc_stb-n30k0-s433,433,30,0,30,local_invariant,False,success,False,False,
lc_stb,lc_stb-n30k0-s858,858,30,0,30,local_invariant,True,success,False,False,
lc_stb,lc_stb-n30k0-s85,85,30,0,30,local_invariant,True,success,False,False,
lc_stb,lc_stb-n30k0-s697,697,30,0,30,local_invariant,True,success,False,False,
lc_stb,lc_stb-n30k0-s201,201,30,0,30,local_invariant,True,success,False,False,
lc_stb,lc_stb-n30k0-s94,94,30,0,30,local_invariant,True,success,False,False,
lc_stb,lc_stb-n30k4-s89,89,30,4,26,local_invariant,False,success,False,False,
lc_stb,lc_stb-n30k4-s773,773,30,4,26,local_invariant,False,success,False,False,
lc_stb,lc_stb-n30k4-s654,654,30,4,26,local_invariant,True,success,False,False,
lc_stb,lc_stb-n30k4-s438,438,30,4,26,local_invariant,False,success,False,False,
lc_stb,lc_stb-n30k4-s433,433,30,4,26,local_invariant,True,success,False,False,
lc_stb,lc_stb-n30k4-s858,858,30,4,26,local_invariant,False,success,False,False,
lc_stb,lc_stb-n30k4-s85,85,30,4,26,local_invariant,False,success,False,False,
lc_stb,lc_stb-n30k4-s697,697,30,4,26,local_invariant,True,success,False,False,
lc_stb,lc_stb-n30k4-s201,201,30,4,26,local_invariant,False,success,False,False,
lc_stb,lc_stb-n30k4-s94,94,30,4,26,local_invariant,False,success,False,False,
lc_stb,lc_stb-n30k5-s89,89,30,5,25,local_invariant,False,success,False,False,
lc_stb,lc_stb-n30k5-s773,773,30,5,25,local_invariant,False,success,False,False,
lc_stb,lc_stb-n30k5-s654,654,30,5,25,local_invariant,True,success,False,False,
lc_stb,lc_stb-n30k5-s438,438,30,5,25,local_invariant,False,success,False,False,
lc_stb,lc_stb-n30k5-s433,433,30,5,25,local_invariant,False,success,False,False,
lc_stb,lc_stb-n30k5-s858,858,30,5,25,local_invariant,False,success,False,False,
lc_stb,lc_stb-n30k5-s85,85,30,5,25,local_invariant,False,success,False,False,
lc_stb,lc_stb-n30k5-s697,697,30,5,25,local_invariant,False,success,False,False,
lc_stb,lc_stb-n30k5-s201,201,30,5,25,local_invariant,False,success,False,False,
lc_stb,lc_stb-n30k5-s94,94,30,5,25,local_invariant,False,success,False,False,
lc_stb,lc_stb-n30k8-s89,89,30,8,22,local_invariant,True,success,False,False,
lc_stb,lc_stb-n30k8-s773,773,30,8,22,local_invariant,False,success,False,False,
lc_stb,lc_stb-n30k8-s654,654,30,8,22,local_invariant,False,success,False,False,
lc_stb,lc_stb-n30k8-s438,438,30,8,22,local_invariant,True,success,False,False,
lc_stb,lc_stb-n30k8-s433,433,30,8,22,local_invariant,False,success,False,False,
lc_stb,lc_stb-n30k8-s858,858,30,8,22,local_invariant,False,success,False,False,
lc_stb,lc_stb-n30k8-s85,85,30,8,22,local_invariant,False,success,False,False,
lc_stb,lc_stb-n30k8-s697,697,30,8,22,local_invariant,False,success,False,False,
lc_stb,lc_stb-n30k8-s201,201,30,8,22,local_invariant,False,success,False,False,
lc_stb,lc_stb-n30k8-s94,94,30,8,22,local_invariant,True,success,False,False,
lc_stb,lc_stb-n30k10-s89,89,30,10,20,local_invariant,False,success,False,False,
lc_stb,lc_stb-n30k10-s773,773,30,10,20,local_invariant,False,success,False,False,
lc_stb,lc_stb-n30k10-s654,654,30,10,20,local_invariant,False,success,False,False,
lc_stb,lc_stb-n30k10-s438,438,30,10,20,local_invariant,False,success,False,False,
lc_stb,lc_stb-n30k10-s433,433,30,10,20,local_invariant,True,success,False,False,
lc_stb,lc_stb-n30k10-s858,858,30,10,20,local_invariant,True,success,False,False,
lc_stb,lc_stb-n30k10-s85,85,30,10,20,local_invariant,False,success,False,False,
lc_stb,lc_stb-n30k10-s697,697,30,10,20,local_invariant,False,success,False,False,
lc_stb,lc_stb-n30k10-s201,201,30,10,20,local_invariant,False,success,False,False,
lc_stb,lc_stb-n30k10-s94,94,30,10,20,local_invariant,False,success,False,False,
lc_stb,lc_stb-n30k15-s89,89,30,15,15,local_invariant,False,success,False,False,
lc_stb,lc_stb-n30k15-s773,773,30,15,15,local_invariant,False,success,False,False,
lc_stb,lc_stb-n30k15-s654,654,30,15,15,local_invariant,False,success,False,False,
lc_stb,lc_stb-n30k15-s438,438,30,15,15,local_invariant,False,success,False,False,
lc_stb,lc_stb-n30k15-s433,433,30,15,15,local_invariant,False,success,False,False,
lc_stb,lc_stb-n30k15-s858,858,30,15,15,local_invariant,True,success,False,False,
lc_stb,lc_stb-n30k15-s85,85,30,15,15,local_invariant,False,success,False,False,
lc_stb,lc_stb-n30k15-s697,697,30,15,15,local_invariant,False,success,False,False,
lc_stb,lc_stb-n30k15-s201,201,30,15,15,local_invariant,False,success,False,False,
lc_stb,lc_stb-n30k15-s94,94,30,15,15,local_invariant,True,success,False,False,
lc_stb,lc_stb-n30k20-s89,89,30,20,10,local_invariant,False,success,False,False,
lc_stb,lc_stb-n30k20-s773,773,30,20,10,local_invariant,False,success,False,False,
lc_stb,lc_stb-n30k20-s654,654,30,20,10,local_invariant,True,success,False,False,
lc_stb,lc_stb-n30k20-s438,438,30,20,10,local_invariant,False,success,False,False,
lc_stb,lc_stb-n30k20-s433,433,30,20,10,local_invariant,False,success,False,False,
lc_stb,lc_stb-n30k20-s858,858,30,20,10,local_invariant,False,success,False,False,
lc_stb,lc_stb-n30k20-s85,85,30,20,10,local_invariant,False,success,False,False,
lc_stb,lc_stb-n30k20-s697,697,30,20,10,local_invariant,False,success,False,False,
lc_stb,lc_stb-n30k20-s201,201,30,20,10,local_invariant,False,success,False,False,
lc_stb,lc_stb-n30k20-s94,94,30,20,10,local_invariant,False,success,False,False,
lc_stb,lc_stb-n30k25-s89,89,30,25,5,local_invariant,False,success,False,False,
lc_stb,lc_stb-n30k25-s773,773,30,25,5,local_invariant,False,success,False,False,
lc_stb,lc_stb-n30k25-s654,654,30,25,5,local_invariant,False,success,False,False,
lc_stb,lc_stb-n30k25-s438,438,30,25,5,local_invariant,False,success,False,False,
lc_stb,lc_stb-n30k25-s433,433,30,25,5,local_invariant,False,success,False,False,
lc_stb,lc_stb-n30k25-s858,858,30,25,5,local_invariant,False,success,False,False,
lc_stb,lc_stb-n30k25-s85,85,30,25,5,local_invariant,False,success,False,False,
lc_stb,lc_stb-n30k25-s697,697,30,25,5,local_invariant,False,success,False,False,
lc_stb,lc_stb-n30k25-s201,201,30,25,5,local_invariant,False,success,False,False,
lc_stb,lc_stb-n30k25-s94,94,30,25,5,local_invariant,True,success,False,False,
lc_stb,lc_stb-n32k0-s89,89,32,0,32,local_invariant,False,success,False,False,
lc_stb,lc_stb-n32k0-s773,773,32,0,32,local_invariant,True,success,False,False,
lc_stb,lc_stb-n32k0-s654,654,32,0,32,local_invariant,False,success,False,False,
lc_stb,lc_stb-n32k0-s438,438,32,0,32,local_invariant,False,success,False,False,
lc_stb,lc_stb-n32k0-s433,433,32,0,32,local_invariant,True,success,False,False,
lc_stb,lc_stb-n32k0-s858,858,32,0,32,local_invariant,True,success,False,False,
lc_stb,lc_stb-n32k0-s85,85,32,0,32,local_invariant,False,success,False,False,
lc_stb,lc_stb-n32k0-s697,697,32,0,32,local_invariant,True,success,False,False,
lc_stb,lc_stb-n32k0-s201,201,32,0,32,local_invariant,False,success,False,False,
lc_stb,lc_stb-n32k0-s94,94,32,0,32,local_invariant,True,success,False,False,
lc_stb,lc_stb-n32k4-s89,89,32,4,28,local_invariant,False,success,False,False,
lc_stb,lc_stb-n32k4-s773,773,32,4,28,local_invariant,False,success,False,False,
lc_stb,lc_stb-n32k4-s654,654,32,4,28,local_invariant,False,success,False,False,
lc_stb,lc_stb-n32k4-s438,438,32,4,28,local_invariant,False,success,False,False,
lc_stb,lc_stb-n32k4-s433,433,32,4,28,local_invariant,False,success,False,False,
lc_stb,lc_stb-n32k4-s858,858,32,4,28,local_invariant,False,success,False,False,
lc_stb,lc_stb-n32k4-s85,85,32,4,28,local_invariant,True,success,False,False,
lc_stb,lc_stb-n32k4-s697,697,32,4,28,local_invariant,True,success,False,False,
lc_stb,lc_stb-n32k4-s201,201,32,4,28,local_invariant,False,success,False,False,
lc_stb,lc_stb-n32k4-s94,94,32,4,28,local_invariant,False,success,False,False,
lc_stb,lc_stb-n32k5-s89,89,32,5,27,local_invariant,True,success,False,False,
lc_stb,lc_stb-n32k5-s773,773,32,5,27,local_invariant,True,success,False,False,
lc_stb,lc_stb-n32k5-s654,654,32,5,27,local_invariant,False,success,False,False,
lc_stb,lc_stb-n32k5-s438,438,32,5,27,local_invariant,True,success,False,False,
lc_stb,lc_stb-n32k5-s433,433,32,5,27,local_invariant,False,success,False,False,
lc_stb,lc_stb-n32k5-s858,858,32,5,27,local_invariant,False,success,False,False,
lc_stb,lc_stb-n32k5-s85,85,32,5,27,local_invariant,False,success,False,False,
lc_stb,lc_stb-n32k5-s697,697,32,5,27,local_invariant,False,success,False,False,
lc_stb,lc_stb-n32k5-s201,201,32,5,27,local_invariant,False,success,False,False,
lc_stb,lc_stb-n32k5-s94,94,32,5,27,local_invariant,True,success,False,False,
lc_stb,lc_stb-n32k8-s89,89,32,8,24,local_invariant,False,success,False,False,
lc_stb,lc_stb-n32k8-s773,773,32,8,24,local_invariant,True,success,False,False,
lc_stb,lc_stb-n32k8-s654,654,32,8,24,local_invariant,True,success,False,False,
lc_stb,lc_stb-n32k8-s438,438,32,8,24,local_invariant,True,success,False,False,
lc_stb,lc_stb-n32k8-s433,433,32,8,24,local_invariant,False,success,False,False,
lc_stb,lc_stb-n32k8-s858,858,32,8,24,local_invariant,False,success,False,False,
lc_stb,lc_stb-n32k8-s85,85,32,8,24,local_invariant,False,success,False,False,
lc_stb,lc_stb-n32k8-s697,697,32,8,24,local_invariant,False,success,False,False,
lc_stb,lc_stb-n32k8-s201,201,32,8,24,local_invariant,False,success,False,False,
lc_stb,lc_stb-n32k8-s94,94,32,8,24,local_invariant,True,success,False,False,
lc_stb,lc_stb-n32k10-s89,89,32,10,22,local_invariant,False,success,False,False,
lc_stb,lc_stb-n32k10-s773,773,32,10,22,local_invariant,False,success,False,False,
lc_stb,lc_stb-n32k10-s654,654,32,10,22,local_invariant,False,success,False,False,
lc_stb,lc_stb-n32k10-s438,438,32,10,22,local_invariant,True,success,False,False,
lc_stb,lc_stb-n32k10-s433,433,32,10,22,local_invariant,False,success,False,False,
lc_stb,lc_stb-n32k10-s858,858,32,10,22,local_invariant,False,success,False,False,
lc_stb,lc_stb-n32k10-s85,85,32,10,22,local_invariant,False,success,False,False,
lc_stb,lc_stb-n32k10-s697,697,32,10,22,local_invariant,False,success,False,False,
lc_stb,lc_stb-n32k10-s201,201,32,10,22,local_invariant,False,success,False,False,
lc_stb,lc_stb-n32k10-s94,94,32,10,22,local_invariant,False,success,False,False,
lc_stb,lc_stb-n32k15-s89,89,32,15,17,local_invariant,False,success,False,False,
lc_stb,lc_stb-n32k15-s773,773,32,15,17,local_invariant,False,success,False,False,
lc_stb,lc_stb-n32k15-s654,654,32,15,17,local_invariant,False,success,False,False,
lc_stb,lc_stb-n32k15-s438,438,32,15,17,local_invariant,False,success,False,False,
lc_stb,lc_stb-n32k15-s433,433,32,15,17,local_invariant,False,success,False,False,
lc_stb,lc_stb-n32k15-s858,858,32,15,17,local_invariant,False,success,False,False,
lc_stb,lc_stb-n32k15-s85,85,32,15,17,local_invariant,True,success,False,False,
lc_stb,lc_stb-n32k15-s697,697,32,15,17,local_invariant,False,success,False,False,
lc_stb,lc_stb-n32k15-s201,201,32,15,17,local_invariant,False,success,False,False,
lc_stb,lc_stb-n32k15-s94,94,32,15,17,local_invariant,False,success,False,False,
lc_stb,lc_stb-n32k20-s89,89,32,20,12,local_invariant,True,success,False,False,
lc_stb,lc_stb-n32k20-s773,773,32,20,12,local_invariant,False,success,False,False,
lc_stb,lc_stb-n32k20-s654,654,32,20,12,local_invariant,False,success,False,False,
lc_stb,lc_stb-n32k20-s438,438,32,20,12,local_invariant,False,success,False,False,
lc_stb,lc_stb-n32k20-s433,433,32,20,12,local_invariant,False,success,False,False,
lc_stb,lc_stb-n32k20-s858,858,32,20,12,local_invariant,False,success,False,False,
lc_stb,lc_stb-n32k20-s85,85,32,20,12,local_invariant,False,success,False,False,
lc_stb,lc_stb-n32k20-s697,697,32,20,12,local_invariant,False,success,False,False,
lc_stb,lc_stb-n32k20-s201,201,32,20,12,local_invariant,False,success,False,False,
lc_stb,lc_stb-n32k20-s94,94,32,20,12,local_invariant,False,success,False,False,
lc_stb,lc_stb-n32k25-s89,89,32,25,7,local_invariant,False,success,False,False,
lc_stb,lc_stb-n32k25-s773,773,32,25,7,local_invariant,False,success,False,False,
lc_stb,lc_stb-n32k25-s654,654,32,25,7,local_invariant,False,success,False,False,
lc_stb,lc_stb-n32k25-s438,438,32,25,7,local_invariant,False,success,False,False,
lc_stb,lc_stb-n32k25-s433,433,32,25,7,local_invariant,False,success,False,False,
lc_stb,lc_stb-n32k25-s858,858,32,25,7,local_invariant,True,success,False,False,
lc_stb,lc_stb-n32k25-s85,85,32,25,7,local_invariant,False,success,False,False,
lc_stb,lc_stb-n32k25-s697,697,32,25,7,local_invariant,False,success,False,False,
lc_stb,lc_stb-n32k25-s201,201,32,25,7,local_invariant,False,success,False,False,
lc_stb,lc_stb-n32k25-s94,94,32,25,7,local_invariant,False,success,False,False,
lc_stb,lc_stb-n32k30-s89,89,32,30,2,local_invariant,False,success,False,False,
lc_stb,lc_stb-n32k30-s773,773,32,30,2,local_invariant,False,success,False,False,
lc_stb,lc_stb-n32k30-s654,654,32,30,2,local_invariant,False,success,False,False,
lc_stb,lc_stb-n32k30-s438,438,32,30,2,local_invariant,False,success,False,False,
lc_stb,lc_stb-n32k30-s433,433,32,30,2,local_invariant,False,success,False,False,
lc_stb,lc_stb-n32k30-s858,858,32,30,2,local_invariant,False,success,False,False,
lc_stb,lc_stb-n32k30-s85,85,32,30,2,local_invariant,False,success,False,False,
lc_stb,lc_stb-n32k30-s697,697,32,30,2,local_invariant,False,success,False,False,
lc_stb,lc_stb-n32k30-s201,201,32,30,2,local_invariant,False,success,False,False,
lc_stb,lc_stb-n32k30-s94,94,32,30,2,local_invariant,False,success,False,False,
lc_stb,lc_stb-n37k0-s89,89,37,0,37,local_invariant,True,success,False,False,
lc_stb,lc_stb-n37k0-s773,773,37,0,37,local_invariant,False,success,False,False,
lc_stb,lc_stb-n37k0-s654,654,37,0,37,local_invariant,True,success,False,False,
lc_stb,lc_stb-n37k0-s438,438,37,0,37,local_invariant,False,success,False,False,
lc_stb,lc_stb-n37k0-s433,433,37,0,37,local_invariant,True,success,False,False,
lc_stb,lc_stb-n37k0-s858,858,37,0,37,local_invariant,False,success,False,False,
lc_stb,lc_stb-n37k0-s85,85,37,0,37,local_invariant,True,success,False,False,
lc_stb,lc_stb-n37k0-s697,697,37,0,37,local_invariant,False,success,False,False,
lc_stb,lc_stb-n37k0-s201,201,37,0,37,local_invariant,False,success,False,False,
lc_stb,lc_stb-n37k0-s94,94,37,0,37,local_invariant,False,success,False,False,
lc_stb,lc_stb-n37k4-s89,89,37,4,33,local_invariant,True,success,False,False,
lc_stb,lc_stb-n37k4-s773,773,37,4,33,local_invariant,True,success,False,False,
lc_stb,lc_stb-n37k4-s654,654,37,4,33,local_invariant,True,success,False,False,
lc_stb,lc_stb-n37k4-s438,438,37,4,33,local_invariant,False,success,False,False,
lc_stb,lc_stb-n37k4-s433,433,37,4,33,local_invariant,False,success,False,False,
lc_stb,lc_stb-n37k4-s858,858,37,4,33,local_invariant,False,success,False,False,
lc_stb,lc_stb-n37k4-s85,85,37,4,33,local_invariant,True,success,False,False,
lc_stb,lc_stb-n37k4-s697,697,37,4,33,local_invariant,False,success,False,False,
lc_stb,lc_stb-n37k4-s201,201,37,4,33,local_invariant,True,success,False,False,
lc_stb,lc_stb-n37k4-s94,94,37,4,33,local_invariant,True,success,False,False,
lc_stb,lc_stb-n37k5-s89,89,37,5,32,local_invariant,False,success,False,False,
lc_stb,lc_stb-n37k5-s773,773,37,5,32,local_invariant,True,success,False,False,
lc_stb,lc_stb-n37k5-s654,654,37,5,32,local_invariant,True,success,False,False,
lc_stb,lc_stb-n37k5-s438,438,37,5,32,local_invariant,True,success,False,False,
lc_stb,lc_stb-n37k5-s433,433,37,5,32,local_invariant,False,success,False,False,
lc_stb,lc_stb-n37k5-s858,858,37,5,32,local_invariant,False,success,False,False,
lc_stb,lc_stb-n37k5-s85,85,37,5,32,local_invariant,True,success,False,False,
lc_stb,lc_stb-n37k5-s697,697,37,5,32,local_invariant,True,success,False,False,
lc_stb,lc_stb-n37k5-s201,201,37,5,32,local_invariant,False,success,False,False,
lc_stb,lc_stb-n37k5-s94,94,37,5,32,local_invariant,False,success,False,False,
lc_stb,lc_stb-n37k8-s89,89,37,8,29,local_invariant,False,success,False,False,
lc_stb,lc_stb-n37k8-s773,773,37,8,29,local_invariant,False,success,False,False,
lc_stb,lc_stb-n37k8-s654,654,37,8,29,local_invariant,False,success,False,False,
lc_stb,lc_stb-n37k8-s438,438,37,8,29,local_invariant,False,success,False,False,
lc_stb,lc_stb-n37k8-s433,433,37,8,29,local_invariant,False,success,False,False,
lc_stb,lc_stb-n37k8-s858,858,37,8,29,local_invariant,False,success,False,False,
lc_stb,lc_stb-n37k8-s85,85,37,8,29,local_invariant,True,success,False,False,
lc_stb,lc_stb-n37k8-s697,697,37,8,29,local_invariant,False,success,False,False,
lc_stb,lc_stb-n37k8-s201,201,37,8,29,local_invariant,True,success,False,False,
lc_stb,lc_stb-n37k8-s94,94,37,8,29,local_invariant,True,success,False,False,
lc_stb,lc_stb-n37k10-s89,89,37,10,27,local_invariant,False,success,False,False,
lc_stb,lc_stb-n37k10-s773,773,37,10,27,local_invariant,False,success,False,False,
lc_stb,lc_stb-n37k10-s654,654,37,10,27,local_invariant,False,success,False,False,
lc_stb,lc_stb-n37k10-s438,438,37,10,27,local_invariant,False,success,False,False,
lc_stb,lc_stb-n37k10-s433,433,37,10,27,local_invariant,True,success,False,False,
lc_stb,lc_stb-n37k10-s858,858,37,10,27,local_invariant,False,success,False,False,
lc_stb,lc_stb-n37k10-s85,85,37,10,27,local_invariant,False,success,False,False,
lc_stb,lc_stb-n37k10-s697,697,37,10,27,local_invariant,False,success,False,False,
lc_stb,lc_stb-n37k10-s201,201,37,10,27,local_invariant,False,success,False,False,
lc_stb,lc_stb-n37k10-s94,94,37,10,27,local_invariant,True,success,False,False,
lc_stb,lc_stb-n37k15-s89,89,37,15,22,local_invariant,False,success,False,False,
lc_stb,lc_stb-n37k15-s773,773,37,15,22,local_invariant,False,success,False,False,
lc_stb,lc_stb-n37k15-s654,654,37,15,22,local_invariant,True,success,False,False,
lc_stb,lc_stb-n37k15-s438,438,37,15,22,local_invariant,False,success,False,False,
lc_stb,lc_stb-n37k15-s433,433,37,15,22,local_invariant,False,success,False,False,
lc_stb,lc_stb-n37k15-s858,858,37,15,22,local_invariant,True,success,False,False,
lc_stb,lc_stb-n37k15-s85,85,37,15,22,local_invariant,False,success,False,False,
lc_stb,lc_stb-n37k15-s697,697,37,15,22,local_invariant,True,success,False,False,
lc_stb,lc_stb-n37k15-s201,201,37,15,22,local_invariant,False,success,False,False,
lc_stb,lc_stb-n37k15-s94,94,37,15,22,local_invariant,False,success,False,False,
lc_stb,lc_stb-n37k20-s89,89,37,20,17,local_invariant,False,success,False,False,
lc_stb,lc_stb-n37k20-s773,773,37,20,17,local_invariant,False,success,False,False,
lc_stb,lc_stb-n37k20-s654,654,37,20,17,local_invariant,False,success,False,False,
lc_stb,lc_stb-n37k20-s438,438,37,20,17,local_invariant,False,success,False,False,
lc_stb,lc_stb-n37k20-s433,433,37,20,17,local_invariant,False,success,False,False,
lc_stb,lc_stb-n37k20-s858,858,37,20,17,local_invariant,False,success,False,False,
lc_stb,lc_stb-n37k20-s85,85,37,20,17,local_invariant,False,success,False,False,
lc_stb,lc_stb-n37k20-s697,697,37,20,17,local_invariant,False,success,False,False,
lc_stb,lc_stb-n37k20-s201,201,37,20,17,local_invariant,False,success,False,False,
lc_stb,lc_stb-n37k20-s94,94,37,20,17,local_invariant,False,success,False,False,
lc_stb,lc_stb-n37k25-s89,89,37,25,12,local_invariant,False,success,False,False,
lc_stb,lc_stb-n37k25-s773,773,37,25,12,local_invariant,False,success,False,False,
lc_stb,lc_stb-n37k25-s654,654,37,25,12,local_invariant,False,success,False,False,
lc_stb,lc_stb-n37k25-s438,438,37,25,12,local_invariant,False,success,False,False,
lc_stb,lc_stb-n37k25-s433,433,37,25,12,local_invariant,False,success,False,False,
lc_stb,lc_stb-n37k25-s858,858,37,25,12,local_invariant,False,success,False,False,
lc_stb,lc_stb-n37k25-s85,85,37,25,12,local_invariant,False,success,False,False,
lc_stb,lc_stb-n37k25-s697,697,37,25,12,local_invariant,False,success,False,False,
lc_stb,lc_stb-n37k25-s201,201,37,25,12,local_invariant,False,success,False,False,
lc_stb,lc_stb-n37k25-s94,94,37,25,12,local_invariant,False,success,False,False,
lc_stb,lc_stb-n37k30-s89,89,37,30,7,local_invariant,False,success,False,False,
lc_stb,lc_stb-n37k30-s773,773,37,30,7,local_invariant,False,success,False,False,
lc_stb,lc_stb-n37k30-s654,654,37,30,7,local_invariant,False,success,False,False,
lc_stb,lc_stb-n37k30-s438,438,37,30,7,local_invariant,False,success,False,False,
lc_stb,lc_stb-n37k30-s433,433,37,30,7,local_invariant,False,success,False,False,
lc_stb,lc_stb-n37k30-s858,858,37,30,7,local_invariant,False,success,False,False,
lc_stb,lc_stb-n37k30-s85,85,37,30,7,local_invariant,False,success,False,False,
lc_stb,lc_stb-n37k30-s697,697,37,30,7,local_invariant,False,success,False,False,
lc_stb,lc_stb-n37k30-s201,201,37,30,7,local_invariant,False,success,False,False,
lc_stb,lc_stb-n37k30-s94,94,37,30,7,local_invariant,False,success,False,False,
lc_stb,lc_stb-n37k35-s89,89,37,35,2,local_invariant,False,success,False,False,
lc_stb,lc_stb-n37k35-s773,773,37,35,2,local_invariant,False,success,False,False,
lc_stb,lc_stb-n37k35-s654,654,37,35,2,local_invariant,False,success,False,False,
lc_stb,lc_stb-n37k35-s438,438,37,35,2,local_invariant,False,success,False,False,
lc_stb,lc_stb-n37k35-s433,433,37,35,2,local_invariant,False,success,False,False,
lc_stb,lc_stb-n37k35-s858,858,37,35,2,local_invariant,False,success,False,False,
lc_stb,lc_stb-n37k35-s85,85,37,35,2,local_invariant,False,success,False,False,
lc_stb,lc_stb-n37k35-s697,697,37,35,2,local_invariant,False,success,False,False,
lc_stb,lc_stb-n37k35-s201,201,37,35,2,local_invariant,False,success,False,False,
lc_stb,lc_stb-n37k35-s94,94,37,35,2,local_invariant,False,success,False,False,
lc_stb,lc_stb-n42k0-s89,89,42,0,42,local_invariant,True,success,False,False,
lc_stb,lc_stb-n42k0-s773,773,42,0,42,local_invariant,False,success,False,False,
lc_stb,lc_stb-n42k0-s654,654,42,0,42,local_invariant,False,success,False,False,
lc_stb,lc_stb-n42k0-s438,438,42,0,42,local_invariant,False,success,False,False,
lc_stb,lc_stb-n42k0-s433,433,42,0,42,local_invariant,True,success,False,False,
lc_stb,lc_stb-n42k0-s858,858,42,0,42,local_invariant,False,success,False,False,
lc_stb,lc_stb-n42k0-s85,85,42,0,42,local_invariant,True,success,False,False,
lc_stb,lc_stb-n42k0-s697,697,42,0,42,local_invariant,False,success,False,False,
lc_stb,lc_stb-n42k0-s201,201,42,0,42,local_invariant,True,success,False,False,
lc_stb,lc_stb-n42k0-s94,94,42,0,42,local_invariant,False,success,False,False,
lc_stb,lc_stb-n42k4-s89,89,42,4,38,local_invariant,False,success,False,False,
lc_stb,lc_stb-n42k4-s773,773,42,4,38,local_invariant,False,success,False,False,
lc_stb,lc_stb-n42k4-s654,654,42,4,38,local_invariant,True,success,False,False,
lc_stb,lc_stb-n42k4-s438,438,42,4,38,local_invariant,False,success,False,False,
lc_stb,lc_stb-n42k4-s433,433,42,4,38,local_invariant,True,success,False,False,
lc_stb,lc_stb-n42k4-s858,858,42,4,38,local_invariant,False,success,False,False,
lc_stb,lc_stb-n42k4-s85,85,42,4,38,local_invariant,True,success,False,False,
lc_stb,lc_stb-n42k4-s697,697,42,4,38,local_invariant,True,success,False,False,
lc_stb,lc_stb-n42k4-s201,201,42,4,38,local_invariant,False,success,False,False,
lc_stb,lc_stb-n42k4-s94,94,42,4,38,local_invariant,True,success,False,False,
lc_stb,lc_stb-n42k5-s89,89,42,5,37,local_invariant,False,success,False,False,
lc_stb,lc_stb-n42k5-s773,773,42,5,37,local_invariant,False,success,False,False,
lc_stb,lc_stb-n42k5-s654,654,42,5,37,local_invariant,False,success,False,False,
lc_stb,lc_stb-n42k5-s438,438,42,5,37,local_invariant,False,success,False,False,
lc_stb,lc_stb-n42k5-s433,433,42,5,37,local_invariant,False,success,False,False,
lc_stb,lc_stb-n42k5-s858,858,42,5,37,local_invariant,False,success,False,False,
lc_stb,lc_stb-n42k5-s85,85,42,5,37,local_invariant,False,success,False,False,
lc_stb,lc_stb-n42k5-s697,697,42,5,37,local_invariant,False,success,False,False,
lc_stb,lc_stb-n42k5-s201,201,42,5,37,local_invariant,False,success,False,False,
lc_stb,lc_stb-n42k5-s94,94,42,5,37,local_invariant,False,success,False,False,
lc_stb,lc_stb-n42k8-s89,89,42,8,34,local_invariant,False,success,False,False,
lc_stb,lc_stb-n42k8-s773,773,42,8,34,local_invariant,False,success,False,False,
lc_stb,lc_stb-n42k8-s654,654,42,8,34,local_invariant,False,success,False,False,
lc_stb,lc_stb-n42k8-s438,438,42,8,34,local_invariant,False,success,False,False,
lc_stb,lc_stb-n42k8-s433,433,42,8,34,local_invariant,False,success,False,False,
lc_stb,lc_stb-n42k8-s858,858,42,8,34,local_invariant,True,success,False,False,
lc_stb,lc_stb-n42k8-s85,85,42,8,34,local_invariant,False,success,False,False,
lc_stb,lc_stb-n42k8-s697,697,42,8,34,local_invariant,True,success,False,False,
lc_stb,lc_stb-n42k8-s201,201,42,8,34,local_invariant,True,success,False,False,
lc_stb,lc_stb-n42k8-s94,94,42,8,34,local_invariant,True,success,False,False,
lc_stb,lc_stb-n42k10-s89,89,42,10,32,local_invariant,False,success,False,False,
lc_stb,lc_stb-n42k10-s773,773,42,10,32,local_invariant,False,success,False,False,
lc_stb,lc_stb-n42k10-s654,654,42,10,32,local_invariant,False,success,False,False,
lc_stb,lc_stb-n42k10-s438,438,42,10,32,local_invariant,False,success,False,False,
lc_stb,lc_stb-n42k10-s433,433,42,10,32,local_invariant,False,success,False,False,
lc_stb,lc_stb-n42k10-s858,858,42,10,32,local_invariant,False,success,False,False,
lc_stb,lc_stb-n42k10-s85,85,42,10,32,local_invariant,False,success,False,False,
lc_stb,lc_stb-n42k10-s697,697,42,10,32,local_invariant,True,success,False,False,
lc_stb,lc_stb-n42k10-s201,201,42,10,32,local_invariant,False,success,False,False,
lc_stb,lc_stb-n42k10-s94,94,42,10,32,local_invariant,False,success,False,False,
lc_stb,lc_stb-n42k15-s89,89,42,15,27,local_invariant,False,success,False,False,
lc_stb,lc_stb-n42k15-s773,773,42,15,27,local_invariant,False,success,False,False,
lc_stb,lc_stb-n42k15-s654,654,42,15,27,local_invariant,False,success,False,False,
lc_stb,lc_stb-n42k15-s438,438,42,15,27,local_invariant,True,success,False,False,
lc_stb,lc_stb-n42k15-s433,433,42,15,27,local_invariant,False,success,False,False,
lc_stb,lc_stb-n42k15-s858,858,42,15,27,local_invariant,True,success,False,False,
lc_stb,lc_stb-n42k15-s85,85,42,15,27,local_invariant,False,success,False,False,
lc_stb,lc_stb-n42k15-s697,697,42,15,27,local_invariant,False,success,False,False,
lc_stb,lc_stb-n42k15-s201,201,42,15,27,local_invariant,False,success,False,False,
lc_stb,lc_stb-n42k15-s94,94,42,15,27,local_invariant,False,success,False,False,
lc_stb,lc_stb-n42k20-s89,89,42,20,22,local_invariant,False,success,False,False,
lc_stb,lc_stb-n42k20-s773,773,42,20,22,local_invariant,True,success,False,False,
lc_stb,lc_stb-n42k20-s654,654,42,20,22,local_invariant,False,success,False,False,
lc_stb,lc_stb-n42k20-s438,438,42,20,22,local_invariant,False,success,False,False,
lc_stb,lc_stb-n42k20-s433,433,42,20,22,local_invariant,False,success,False,False,
lc_stb,lc_stb-n42k20-s858,858,42,20,22,local_invariant,False,success,False,False,
lc_stb,lc_stb-n42k20-s85,85,42,20,22,local_invariant,False,success,False,False,
lc_stb,lc_stb-n42k20-s697,697,42,20,22,local_invariant,False,success,False,False,
lc_stb,lc_stb-n42k20-s201,201,42,20,22,local_invariant,False,success,False,False,
lc_stb,lc_stb-n42k20-s94,94,42,20,22,local_invariant,False,success,False,False,
lc_stb,lc_stb-n42k25-s89,89,42,25,17,local_invariant,False,success,False,False,
lc_stb,lc_stb-n42k25-s773,773,42,25,17,local_invariant,False,success,False,False,
lc_stb,lc_stb-n42k25-s654,654,42,25,17,local_invariant,False,success,False,False,
lc_stb,lc_stb-n42k25-s438,438,42,25,17,local_invariant,False,success,False,False,
lc_stb,lc_stb-n42k25-s433,433,42,25,17,local_invariant,False,success,False,False,
lc_stb,lc_stb-n42k25-s858,858,42,25,17,local_invariant,False,success,False,False,
lc_stb,lc_stb-n42k25-s85,85,42,25,17,local_invariant,False,success,False,False,
lc_stb,lc_stb-n42k25-s697,697,42,25,17,local_invariant,False,success,False,False,
lc_stb,lc_stb-n42k25-s201,201,42,25,17,local_invariant,False,success,False,False,
lc_stb,lc_stb-n42k25-s94,94,42,25,17,local_invariant,False,success,False,False,
lc_stb,lc_stb-n42k30-s89,89,42,30,12,local_invariant,False,success,False,False,
lc_stb,lc_stb-n42k30-s773,773,42,30,12,local_invariant,False,success,False,False,
lc_stb,lc_stb-n42k30-s654,654,42,30,12,local_invariant,False,success,False,False,
lc_stb,lc_stb-n42k30-s438,438,42,30,12,local_invariant,False,success,False,False,
lc_stb,lc_stb-n42k30-s433,433,42,30,12,local_invariant,False,success,False,False,
lc_stb,lc_stb-n42k30-s858,858,42,30,12,local_invariant,False,success,False,False,
lc_stb,lc_stb-n42k30-s85,85,42,30,12,local_invariant,False,success,False,False,
lc_stb,lc_stb-n42k30-s697,697,42,30,12,local_invariant,False,success,False,False,
lc_stb,lc_stb-n42k30-s201,201,42,30,12,local_invariant,False,success,False,False,
lc_stb,lc_stb-n42k30-s94,94,42,30,12,local_invariant,False,success,False,False,
lc_stb,lc_stb-n42k35-s89,89,42,35,7,local_invariant,True,success,False,False,
lc_stb,lc_stb-n42k35-s773,773,42,35,7,local_invariant,False,success,False,False,
lc_stb,lc_stb-n42k35-s654,654,42,35,7,local_invariant,False,success,False,False,
lc_stb,lc_stb-n42k35-s438,438,42,35,7,local_invariant,False,success,False,False,
lc_stb,lc_stb-n42k35-s433,433,42,35,7,local_invariant,False,success,False,False,
lc_stb,lc_stb-n42k35-s858,858,42,35,7,local_invariant,True,success,False,False,
lc_stb,lc_stb-n42k35-s85,85,42,35,7,local_invariant,False,success,False,False,
lc_stb,lc_stb-n42k35-s697,697,42,35,7,local_invariant,False,success,False,False,
lc_stb,lc_stb-n42k35-s201,201,42,35,7,local_invariant,False,success,False,False,
lc_stb,lc_stb-n42k35-s94,94,42,35,7,local_invariant,False,success,False,False,
lc_stb,lc_stb-n42k40-s89,89,42,40,2,local_invariant,False,success,False,False,
lc_stb,lc_stb-n42k40-s773,773,42,40,2,local_invariant,False,success,False,False,
lc_stb,lc_stb-n42k40-s654,654,42,40,2,local_invariant,False,success,False,False,
lc_stb,lc_stb-n42k40-s438,438,42,40,2,local_invariant,False,success,False,False,
lc_stb,lc_stb-n42k40-s433,433,42,40,2,local_invariant,False,success,False,False,
lc_stb,lc_stb-n42k40-s858,858,42,40,2,local_invariant,False,success,False,False,
lc_stb,lc_stb-n42k40-s85,85,42,40,2,local_invariant,False,success,False,False,
lc_stb,lc_stb-n42k40-s697,697,42,40,2,local_invariant,False,success,False,False,
lc_stb,lc_stb-n42k40-s201,201,42,40,2,local_invariant,False,success,False,False,
lc_stb,lc_stb-n42k40-s94,94,42,40,2,local_invariant,False,success,False,False,
lc_stb,lc_stb-n47k0-s89,89,47,0,47,local_invariant,True,success,False,False,
lc_stb,lc_stb-n47k0-s773,773,47,0,47,local_invariant,False,success,False,False,
lc_stb,lc_stb-n47k0-s654,654,47,0,47,local_invariant,True,success,False,False,
lc_stb,lc_stb-n47k0-s438,438,47,0,47,local_invariant,False,success,False,False,
lc_stb,lc_stb-n47k0-s433,433,47,0,47,local_invariant,False,success,False,False,
lc_stb,lc_stb-n47k0-s858,858,47,0,47,local_invariant,False,success,False,False,
lc_stb,lc_stb-n47k0-s85,85,47,0,47,local_invariant,True,success,False,False,
lc_stb,lc_stb-n47k0-s697,697,47,0,47,local_invariant,True,success,False,False,
lc_stb,lc_stb-n47k0-s201,201,47,0,47,local_invariant,True,success,False,False,
lc_stb,lc_stb-n47k0-s94,94,47,0,47,local_invariant,False,success,False,False,
lc_stb,lc_stb-n47k4-s89,89,47,4,43,local_invariant,False,success,False,False,
lc_stb,lc_stb-n47k4-s773,773,47,4,43,local_invariant,False,success,False,False,
lc_stb,lc_stb-n47k4-s654,654,47,4,43,local_invariant,False,success,False,False,
lc_stb,lc_stb-n47k4-s438,438,47,4,43,local_invariant,True,success,False,False,
lc_stb,lc_stb-n47k4-s433,433,47,4,43,local_invariant,False,success,False,False,
lc_stb,lc_stb-n47k4-s858,858,47,4,43,local_invariant,True,success,False,False,
lc_stb,lc_stb-n47k4-s85,85,47,4,43,local_invariant,False,success,False,False,
lc_stb,lc_stb-n47k4-s697,697,47,4,43,local_invariant,True,success,False,False,
lc_stb,lc_stb-n47k4-s201,201,47,4,43,local_invariant,True,success,False,False,
lc_stb,lc_stb-n47k4-s94,94,47,4,43,local_invariant,False,success,False,False,
lc_stb,lc_stb-n47k5-s89,89,47,5,42,local_invariant,False,success,False,False,
lc_stb,lc_stb-n47k5-s773,773,47,5,42,local_invariant,False,success,False,False,
lc_stb,lc_stb-n47k5-s654,654,47,5,42,local_invariant,False,success,False,False,
lc_stb,lc_stb-n47k5-s438,438,47,5,42,local_invariant,True,success,False,False,
lc_stb,lc_stb-n47k5-s433,433,47,5,42,local_invariant,False,success,False,False,
lc_stb,lc_stb-n47k5-s858,858,47,5,42,local_invariant,True,success,False,False,
lc_stb,lc_stb-n47k5-s85,85,47,5,42,local_invariant,False,success,False,False,
lc_stb,lc_stb-n47k5-s697,697,47,5,42,local_invariant,True,success,False,False,
lc_stb,lc_stb-n47k5-s201,201,47,5,42,local_invariant,False,success,False,False,
lc_stb,lc_stb-n47k5-s94,94,47,5,42,local_invariant,True,success,False,False,
lc_stb,lc_stb-n47k8-s89,89,47,8,39,local_invariant,False,success,False,False,
lc_stb,lc_stb-n47k8-s773,773,47,8,39,local_invariant,False,success,False,False,
lc_stb,lc_stb-n47k8-s654,654,47,8,39,local_invariant,False,success,False,False,
lc_stb,lc_stb-n47k8-s438,438,47,8,39,local_invariant,True,success,False,False,
lc_stb,lc_stb-n47k8-s433,433,47,8,39,local_invariant,False,success,False,False,
lc_stb,lc_stb-n47k8-s858,858,47,8,39,local_invariant,True,success,False,False,
lc_stb,lc_stb-n47k8-s85,85,47,8,39,local_invariant,False,success,False,False,
lc_stb,lc_stb-n47k8-s697,697,47,8,39,local_invariant,True,success,False,False,
lc_stb,lc_stb-n47k8-s201,201,47,8,39,local_invariant,True,success,False,False,
lc_stb,lc_stb-n47k8-s94,94,47,8,39,local_invariant,False,success,False,False,
lc_stb,lc_stb-n47k10-s89,89,47,10,37,local_invariant,False,success,False,False,
lc_stb,lc_stb-n47k10-s773,773,47,10,37,local_invariant,False,success,False,False,
lc_stb,lc_stb-n47k10-s654,654,47,10,37,local_invariant,False,success,False,False,
lc_stb,lc_stb-n47k10-s438,438,47,10,37,local_invariant,False,success,False,False,
lc_stb,lc_stb-n47k10-s433,433,47,10,37,local_invariant,False,success,False,False,
lc_stb,lc_stb-n47k10-s858,858,47,10,37,local_invariant,False,success,False,False,
lc_stb,lc_stb-n47k10-s85,85,47,10,37,local_invariant,False,success,False,False,
lc_stb,lc_stb-n47k10-s697,697,47,10,37,local_invariant,False,success,False,False,
lc_stb,lc_stb-n47k10-s201,201,47,10,37,local_invariant,False,success,False,False,
lc_stb,lc_stb-n47k10-s94,94,47,10,37,local_invariant,True,success,False,False,
lc_stb,lc_stb-n47k15-s89,89,47,15,32,local_invariant,False,success,False,False,
lc_stb,lc_stb-n47k15-s773,773,47,15,32,local_invariant,False,success,False,False,
lc_stb,lc_stb-n47k15-s654,654,47,15,32,local_invariant,False,success,False,False,
lc_stb,lc_stb-n47k15-s438,438,47,15,32,local_invariant,True,success,False,False,
lc_stb,lc_stb-n47k15-s433,433,47,15,32,local_invariant,False,success,False,False,
lc_stb,lc_stb-n47k15-s858,858,47,15,32,local_invariant,True,success,False,False,
lc_stb,lc_stb-n47k15-s85,85,47,15,32,local_invariant,False,success,False,False,
lc_stb,lc_stb-n47k15-s697,697,47,15,32,local_invariant,False,success,False,False,
lc_stb,lc_stb-n47k15-s201,201,47,15,32,local_invariant,False,success,False,False,
lc_stb,lc_stb-n47k15-s94,94,47,15,32,local_invariant,True,success,False,False,
lc_stb,lc_stb-n47k20-s89,89,47,20,27,local_invariant,False,success,False,False,
lc_stb,lc_stb-n47k20-s773,773,47,20,27,local_invariant,False,success,False,False,
lc_stb,lc_stb-n47k20-s654,654,47,20,27,local_invariant,False,success,False,False,
lc_stb,lc_stb-n47k20-s438,438,47,20,27,local_invariant,False,success,False,False,
lc_stb,lc_stb-n47k20-s433,433,47,20,27,local_invariant,True,success,False,False,
lc_stb,lc_stb-n47k20-s858,858,47,20,27,local_invariant,False,success,False,False,
lc_stb,lc_stb-n47k20-s85,85,47,20,27,local_invariant,False,success,False,False,
lc_stb,lc_stb-n47k20-s697,697,47,20,27,local_invariant,False,success,False,False,
lc_stb,lc_stb-n47k20-s201,201,47,20,27,local_invariant,False,success,False,False,
lc_stb,lc_stb-n47k20-s94,94,47,20,27,local_invariant,False,success,False,False,
lc_stb,lc_stb-n47k25-s89,89,47,25,22,local_invariant,False,success,False,False,
lc_stb,lc_stb-n47k25-s773,773,47,25,22,local_invariant,False,success,False,False,
lc_stb,lc_stb-n47k25-s654,654,47,25,22,local_invariant,False,success,False,False,
lc_stb,lc_stb-n47k25-s438,438,47,25,22,local_invariant,False,success,False,False,
lc_stb,lc_stb-n47k25-s433,433,47,25,22,local_invariant,False,success,False,False,
lc_stb,lc_stb-n47k25-s858,858,47,25,22,local_invariant,False,success,False,False,
lc_stb,lc_stb-n47k25-s85,85,47,25,22,local_invariant,False,success,False,False,
lc_stb,lc_stb-n47k25-s697,697,47,25,22,local_invariant,False,success,False,False,
lc_stb,lc_stb-n47k25-s201,201,47,25,22,local_invariant,False,success,False,False,
lc_stb,lc_stb-n47k25-s94,94,47,25,22,local_invariant,True,success,False,False,
lc_stb,lc_stb-n47k30-s89,89,47,30,17,local_invariant,True,success,False,False,
lc_stb,lc_stb-n47k30-s773,773,47,30,17,local_invariant,False,success,False,False,
lc_stb,lc_stb-n47k30-s654,654,47,30,17,local_invariant,False,success,False,False,
lc_stb,lc_stb-n47k30-s438,438,47,30,17,local_invariant,False,success,False,False,
lc_stb,lc_stb-n47k30-s433,433,47,30,17,local_invariant,False,success,False,False,
lc_stb,lc_stb-n47k30-s858,858,47,30,17,local_invariant,False,success,False,False,
lc_stb,lc_stb-n47k30-s85,85,47,30,17,local_invariant,False,success,False,False,
lc_stb,lc_stb-n47k30-s697,697,47,30,17,local_invariant,False,success,False,False,
lc_stb,lc_stb-n47k30-s201,201,47,30,17,local_invariant,False,success,False,False,
lc_stb,lc_stb-n47k30-s94,94,47,30,17,local_invariant,True,success,False,False,
lc_stb,lc_stb-n47k35-s89,89,47,35,12,local_invariant,False,success,False,False,
lc_stb,lc_stb-n47k35-s773,773,47,35,12,local_invariant,True,success,False,False,
lc_stb,lc_stb-n47k35-s654,654,47,35,12,local_invariant,False,success,False,False,
lc_stb,lc_stb-n47k35-s438,438,47,35,12,local_invariant,False,success,False,False,
lc_stb,lc_stb-n47k35-s433,433,47,35,12,local_invariant,False,success,False,False,
lc_stb,lc_stb-n47k35-s858,858,47,35,12,local_invariant,False,success,False,False,
lc_stb,lc_stb-n47k35-s85,85,47,35,12,local_invariant,False,success,False,False,
lc_stb,lc_stb-n47k35-s697,697,47,35,12,local_invariant,True,success,False,False,
lc_stb,lc_stb-n47k35-s201,201,47,35,12,local_invariant,False,success,False,False,
lc_stb,lc_stb-n47k35-s94,94,47,35,12,local_invariant,False,success,False,False,
lc_stb,lc_stb-n47k40-s89,89,47,40,7,local_invariant,False,success,False,False,
lc_stb,lc_stb-n47k40-s773,773,47,40,7,local_invariant,False,success,False,False,
lc_stb,lc_stb-n47k40-s654,654,47,40,7,local_invariant,False,success,False,False,
lc_stb,lc_stb-n47k40-s438,438,47,40,7,local_invariant,False,success,False,False,
lc_stb,lc_stb-n47k40-s433,433,47,40,7,local_invariant,False,success,False,False,
lc_stb,lc_stb-n47k40-s858,858,47,40,7,local_invariant,False,success,False,False,
lc_stb,lc_stb-n47k40-s85,85,47,40,7,local_invariant,False,success,False,False,
lc_stb,lc_stb-n47k40-s697,697,47,40,7,local_invariant,False,success,False,False,
lc_stb,lc_stb-n47k40-s201,201,47,40,7,local_invariant,False,success,False,False,
lc_stb,lc_stb-n47k40-s94,94,47,40,7,local_invariant,False,success,False,False,
lc_stb,lc_stb-n47k45-s89,89,47,45,2,local_invariant,False,success,False,False,
lc_stb,lc_stb-n47k45-s773,773,47,45,2,local_invariant,False,success,False,False,
lc_stb,lc_stb-n47k45-s654,654,47,45,2,local_invariant,False,success,False,False,
lc_stb,lc_stb-n47k45-s438,438,47,45,2,local_invariant,False,success,False,False,
lc_stb,lc_stb-n47k45-s433,433,47,45,2,local_invariant,False,success,False,False,
lc_stb,lc_stb-n47k45-s858,858,47,45,2,local_invariant,False,success,False,False,
lc_stb,lc_stb-n47k45-s85,85,47,45,2,local_invariant,False,success,False,False,
lc_stb,lc_stb-n47k45-s697,697,47,45,2,local_invariant,False,success,False,False,
lc_stb,lc_stb-n47k45-s201,201,47,45,2,local_invariant,False,success,False,False,
lc_stb,lc_stb-n47k45-s94,94,47,45,2,local_invariant,False,success,False,False,
pm_css,pm_css-n3k0-s89,89,3,0,3,linear_dependency,True,success,False,False,
pm_css,pm_css-n3k0-s89,89,3,0,3,signatures,True,success,False,False,
pm_css,pm_css-n3k0-s773,773,3,0,3,linear_dependency,True,success,False,False,
pm_css,pm_css-n3k0-s773,773,3,0,3,signatures,True,success,False,False,
pm_css,pm_css-n3k0-s654,654,3,0,3,linear_dependency,True,success,False,False,
pm_css,pm_css-n3k0-s654,654,3,0,3,signatures,True,success,False,False,
pm_css,pm_css-n3k0-s438,438,3,0,3,linear_dependency,True,success,False,False,
pm_css,pm_css-n3k0-s438,438,3,0,3,signatures,True,success,False,False,
pm_css,pm_css-n3k0-s433,433,3,0,3,linear_dependency,True,success,False,False,
pm_css,pm_css-n3k0-s433,433,3,0,3,signatures,True,success,False,False,
pm_css,pm_css-n3k0-s858,858,3,0,3,linear_dependency,True,success,False,False,
pm_css,pm_css-n3k0-s858,858,3,0,3,signatures,True,success,False,False,
pm_css,pm_css-n3k0-s85,85,3,0,3,linear_dependency,True,success,False,False,
pm_css,pm_css-n3k0-s85,85,3,0,3,signatures,True,success,False,False,
pm_css,pm_css-n3k0-s697,697,3,0,3,linear_dependency,True,success,False,False,
pm_css,pm_css-n3k0-s697,697,3,0,3,signatures,True,success,False,False,
pm_css,pm_css-n3k0-s201,201,3,0,3,linear_dependency,True,success,False,False,
pm_css,pm_css-n3k0-s201,201,3,0,3,signatures,True,success,False,False,
pm_css,pm_css-n3k0-s94,94,3,0,3,linear_dependency,True,success,False,False,
pm_css,pm_css-n3k0-s94,94,3,0,3,signatures,True,success,False,False,
pm_css,pm_css-n3k1-s89,89,3,1,2,linear_dependency,True,success,False,False,
pm_css,pm_css-n3k1-s89,89,3,1,2,signatures,True,success,False,False,
pm_css,pm_css-n3k1-s773,773,3,1,2,linear_dependency,True,success,False,False,
pm_css,pm_css-n3k1-s773,773,3,1,2,signatures,True,success,False,False,
pm_css,pm_css-n3k1-s654,654,3,1,2,linear_dependency,True,success,False,False,
pm_css,pm_css-n3k1-s654,654,3,1,2,signatures,True,success,False,False,
pm_css,pm_css-n3k1-s438,438,3,1,2,linear_dependency,True,success,False,False,
pm_css,pm_css-n3k1-s438,438,3,1,2,signatures,True,success,False,False,
pm_css,pm_css-n3k1-s433,433,3,1,2,linear_dependency,True,success,False,False,
pm_css,pm_css-n3k1-s433,433,3,1,2,signatures,True,success,False,False,
pm_css,pm_css-n3k1-s858,858,3,1,2,linear_dependency,True,success,False,False,
pm_css,pm_css-n3k1-s858,858,3,1,2,signatures,True,success,False,False,
pm_css,pm_css-n3k1-s85,85,3,1,2,linear_dependency,True,success,False,False,
pm_css,pm_css-n3k1-s85,85,3,1,2,signatures,True,success,False,False,
pm_css,pm_css-n3k1-s697,697,3,1,2,linear_dependency,True,success,False,False,
pm_css,pm_css-n3k1-s697,697,3,1,2,signatures,True,success,False,False,
pm_css,pm_css-n3k1-s201,201,3,1,2,linear_dependency,True,success,False,False,
pm_css,pm_css-n3k1-s201,201,3,1,2,signatures,True,success,False,False,
pm_css,pm_css-n3k1-s94,94,3,1,2,linear_dependency,True,success,False,False,
pm_css,pm_css-n3k1-s94,94,3,1,2,signatures,True,success,False,False,
pm_css,pm_css-n3k2-s89,89,3,2,1,linear_dependency,True,success,False,False,
pm_css,pm_css-n3k2-s89,89,3,2,1,signatures,True,success,False,False,
pm_css,pm_css-n3k2-s773,773,3,2,1,linear_dependency,True,success,False,False,
pm_css,pm_css-n3k2-s773,773,3,2,1,signatures,True,success,False,False,
pm_css,pm_css-n3k2-s654,654,3,2,1,linear_dependency,True,success,False,False,
pm_css,pm_css-n3k2-s654,654,3,2,1,signatures,True,success,False,False,
pm_css,pm_css-n3k2-s438,438,3,2,1,linear_dependency,True,success,False,False,
pm_css,pm_css-n3k2-s438,438,3,2,1,signatures,True,success,False,False,
pm_css,pm_css-n3k2-s433,433,3,2,1,linear_dependency,True,success,False,False,
pm_css,pm_css-n3k2-s433,433,3,2,1,signatures,True,success,False,False,
pm_css,pm_css-n3k2-s858,858,3,2,1,linear_dependency,True,success,False,False,
pm_css,pm_css-n3k2-s858,858,3,2,1,signatures,True,success,False,False,
pm_css,pm_css-n3k2-s85,85,3,2,1,linear_dependency,True,success,False,False,
pm_css,pm_css-n3k2-s85,85,3,2,1,signatures,False,success,False,False,
pm_css,pm_css-n3k2-s697,697,3,2,1,linear_dependency,True,success,False,False,
pm_css,pm_css-n3k2-s697,697,3,2,1,signatures,True,success,False,False,
pm_css,pm_css-n3k2-s201,201,3,2,1,linear_dependency,True,success,False,False,
pm_css,pm_css-n3k2-s201,201,3,2,1,signatures,True,success,False,False,
pm_css,pm_css-n3k2-s94,94,3,2,1,linear_dependency,True,success,False,False,
pm_css,pm_css-n3k2-s94,94,3,2,1,signatures,True,success,False,False,
pm_css,pm_css-n4k0-s89,89,4,0,4,linear_dependency,True,success,False,False,
pm_css,pm_css-n4k0-s89,89,4,0,4,signatures,True,success,False,False,
pm_css,pm_css-n4k0-s773,773,4,0,4,linear_dependency,True,success,False,False,
pm_css,pm_css-n4k0-s773,773,4,0,4,signatures,True,success,False,False,
pm_css,pm_css-n4k0-s654,654,4,0,4,linear_dependency,True,success,False,False,
pm_css,pm_css-n4k0-s654,654,4,0,4,signatures,True,success,False,False,
pm_css,pm_css-n4k0-s438,438,4,0,4,linear_dependency,True,success,False,False,
pm_css,pm_css-n4k0-s438,438,4,0,4,signatures,True,success,False,False,
pm_css,pm_css-n4k0-s433,433,4,0,4,linear_dependency,True,success,False,False,
pm_css,pm_css-n4k0-s433,433,4,0,4,signatures,True,success,False,False,
pm_css,pm_css-n4k0-s858,858,4,0,4,linear_dependency,True,success,False,False,
pm_css,pm_css-n4k0-s858,858,4,0,4,signatures,True,success,False,False,
pm_css,pm_css-n4k0-s85,85,4,0,4,linear_dependency,True,success,False,False,
pm_css,pm_css-n4k0-s85,85,4,0,4,signatures,True,success,False,False,
pm_css,pm_css-n4k0-s697,697,4,0,4,linear_dependency,True,success,False,False,
pm_css,pm_css-n4k0-s697,697,4,0,4,signatures,True,success,False,False,
pm_css,pm_css-n4k0-s201,201,4,0,4,linear_dependency,True,success,False,False,
pm_css,pm_css-n4k0-s201,201,4,0,4,signatures,True,success,False,False,
pm_css,pm_css-n4k0-s94,94,4,0,4,linear_dependency,True,success,False,False,
pm_css,pm_css-n4k0-s94,94,4,0,4,signatures,True,success,False,False,
pm_css,pm_css-n4k1-s89,89,4,1,3,linear_dependency,True,success,False,False,
pm_css,pm_css-n4k1-s89,89,4,1,3,signatures,True,success,False,False,
pm_css,pm_css-n4k1-s773,773,4,1,3,linear_dependency,True,success,False,False,
pm_css,pm_css-n4k1-s773,773,4,1,3,signatures,True,success,False,False,
pm_css,pm_css-n4k1-s654,654,4,1,3,linear_dependency,True,success,False,False,
pm_css,pm_css-n4k1-s654,654,4,1,3,signatures,True,success,False,False,
pm_css,pm_css-n4k1-s438,438,4,1,3,linear_dependency,True,success,False,False,
pm_css,pm_css-n4k1-s438,438,4,1,3,signatures,True,success,False,False,
pm_css,pm_css-n4k1-s433,433,4,1,3,linear_dependency,True,success,False,False,
pm_css,pm_css-n4k1-s433,433,4,1,3,signatures,True,success,False,False,
pm_css,pm_css-n4k1-s858,858,4,1,3,linear_dependency,True,success,False,False,
pm_css,pm_css-n4k1-s858,858,4,1,3,signatures,True,success,False,False,
pm_css,pm_css-n4k1-s85,85,4,1,3,linear_dependency,True,success,False,False,
pm_css,pm_css-n4k1-s85,85,4,1,3,signatures,True,success,False,False,
pm_css,pm_css-n4k1-s697,697,4,1,3,linear_dependency,True,success,False,False,
pm_css,pm_css-n4k1-s697,697,4,1,3,signatures,True,success,False,False,
pm_css,pm_css-n4k1-s201,201,4,1,3,linear_dependency,True,success,False,False,
pm_css,pm_css-n4k1-s201,201,4,1,3,signatures,True,success,False,False,
pm_css,pm_css-n4k1-s94,94,4,1,3,linear_dependency,True,success,False,False,
pm_css,pm_css-n4k1-s94,94,4,1,3,signatures,True,success,False,False,
pm_css,pm_css-n4k2-s89,89,4,2,2,linear_dependency,True,success,False,False,
pm_css,pm_css-n4k2-s89,89,4,2,2,signatures,True,success,False,False,
pm_css,pm_css-n4k2-s773,773,4,2,2,linear_dependency,True,success,False,False,
pm_css,pm_css-n4k2-s773,773,4,2,2,signatures,True,success,False,False,
pm_css,pm_css-n4k2-s654,654,4,2,2,linear_dependency,True,success,False,False,
pm_css,pm_css-n4k2-s654,654,4,2,2,signatures,True,success,False,False,
pm_css,pm_css-n4k2-s438,438,4,2,2,linear_dependency,True,success,False,False,
pm_css,pm_css-n4k2-s438,438,4,2,2,signatures,True,success,False,False,
pm_css,pm_css-n4k2-s433,433,4,2,2,linear_dependency,True,success,False,False,
pm_css,pm_css-n4k2-s433,433,4,2,2,signatures,True,success,False,False,
pm_css,pm_css-n4k2-s858,858,4,2,2,linear_dependency,True,success,False,False,
pm_css,pm_css-n4k2-s858,858,4,2,2,signatures,True,success,False,False,
pm_css,pm_css-n4k2-s85,85,4,2,2,linear_dependency,True,success,False,False,
pm_css,pm_css-n4k2-s85,85,4,2,2,signatures,True,success,False,False,
pm_css,pm_css-n4k2-s697,697,4,2,2,linear_dependency,True,success,False,False,
pm_css,pm_css-n4k2-s697,697,4,2,2,signatures,True,success,False,False,
pm_css,pm_css-n4k2-s201,201,4,2,2,linear_dependency,True,success,False,False,
pm_css,pm_css-n4k2-s201,201,4,2,2,signatures,True,success,False,False,
pm_css,pm_css-n4k2-s94,94,4,2,2,linear_dependency,True,success,False,False,
pm_css,pm_css-n4k2-s94,94,4,2,2,signatures,True,success,False,False,
pm_css,pm_css-n4k3-s89,89,4,3,1,linear_dependency,True,success,False,False,
pm_css,pm_css-n4k3-s89,89,4,3,1,signatures,True,success,False,False,
pm_css,pm_css-n4k3-s773,773,4,3,1,linear_dependency,True,success,False,False,
pm_css,pm_css-n4k3-s773,773,4,3,1,signatures,True,success,False,False,
pm_css,pm_css-n4k3-s654,654,4,3,1,linear_dependency,True,success,False,False,
pm_css,pm_css-n4k3-s654,654,4,3,1,signatures,True,success,False,False,
pm_css,pm_css-n4k3-s438,438,4,3,1,linear_dependency,True,success,False,False,
pm_css,pm_css-n4k3-s438,438,4,3,1,signatures,True,success,False,False,
pm_css,pm_css-n4k3-s433,433,4,3,1,linear_dependency,True,success,False,False,
pm_css,pm_css-n4k3-s433,433,4,3,1,signatures,True,success,False,False,
pm_css,pm_css-n4k3-s858,858,4,3,1,linear_dependency,True,success,False,False,
pm_css,pm_css-n4k3-s858,858,4,3,1,signatures,True,success,False,False,
pm_css,pm_css-n4k3-s85,85,4,3,1,linear_dependency,True,success,False,False,
pm_css,pm_css-n4k3-s85,85,4,3,1,signatures,True,success,False,False,
pm_css,pm_css-n4k3-s697,697,4,3,1,linear_dependency,True,success,False,False,
pm_css,pm_css-n4k3-s697,697,4,3,1,signatures,True,success,False,False,
pm_css,pm_css-n4k3-s201,201,4,3,1,linear_dependency,True,success,False,False,
pm_css,pm_css-n4k3-s201,201,4,3,1,signatures,True,success,False,False,
pm_css,pm_css-n4k3-s94,94,4,3,1,linear_dependency,True,success,False,False,
pm_css,pm_css-n4k3-s94,94,4,3,1,signatures,True,success,False,False,
pm_css,pm_css-n5k0-s89,89,5,0,5,linear_dependency,True,success,False,False,
pm_css,pm_css-n5k0-s89,89,5,0,5,signatures,True,success,False,False,
pm_css,pm_css-n5k0-s773,773,5,0,5,linear_dependency,True,success,False,False,
pm_css,pm_css-n5k0-s773,773,5,0,5,signatures,True,success,False,False,
pm_css,pm_css-n5k0-s654,654,5,0,5,linear_dependency,True,success,False,False,
pm_css,pm_css-n5k0-s654,654,5,0,5,signatures,True,success,False,False,
pm_css,pm_css-n5k0-s438,438,5,0,5,linear_dependency,True,success,False,False,
pm_css,pm_css-n5k0-s438,438,5,0,5,signatures,True,success,False,False,
pm_css,pm_css-n5k0-s433,433,5,0,5,linear_dependency,True,success,False,False,
pm_css,pm_css-n5k0-s433,433,5,0,5,signatures,True,success,False,False,
pm_css,pm_css-n5k0-s858,858,5,0,5,linear_dependency,True,success,False,False,
pm_css,pm_css-n5k0-s858,858,5,0,5,signatures,True,success,False,False,
pm_css,pm_css-n5k0-s85,85,5,0,5,linear_dependency,True,success,False,False,
pm_css,pm_css-n5k0-s85,85,5,0,5,signatures,True,success,False,False,
pm_css,pm_css-n5k0-s697,697,5,0,5,linear_dependency,True,success,False,False,
pm_css,pm_css-n5k0-s697,697,5,0,5,signatures,True,success,False,False,
pm_css,pm_css-n5k0-s201,201,5,0,5,linear_dependency,True,success,False,False,
pm_css,pm_css-n5k0-s201,201,5,0,5,signatures,True,success,False,False,
pm_css,pm_css-n5k0-s94,94,5,0,5,linear_dependency,True,success,False,False,
pm_css,pm_css-n5k0-s94,94,5,0,5,signatures,True,success,False,False,
pm_css,pm_css-n5k1-s89,89,5,1,4,linear_dependency,True,success,False,False,
pm_css,pm_css-n5k1-s89,89,5,1,4,signatures,True,success,False,False,
pm_css,pm_css-n5k1-s773,773,5,1,4,linear_dependency,True,success,False,False,
pm_css,pm_css-n5k1-s773,773,5,1,4,signatures,True,success,False,False,
pm_css,pm_css-n5k1-s654,654,5,1,4,linear_dependency,True,success,False,False,
pm_css,pm_css-n5k1-s654,654,5,1,4,signatures,True,success,False,False,
pm_css,pm_css-n5k1-s438,438,5,1,4,linear_dependency,True,success,False,False,
pm_css,pm_css-n5k1-s438,438,5,1,4,signatures,True,success,False,False,
pm_css,pm_css-n5k1-s433,433,5,1,4,linear_dependency,True,success,False,False,
pm_css,pm_css-n5k1-s433,433,5,1,4,signatures,True,success,False,False,
pm_css,pm_css-n5k1-s858,858,5,1,4,linear_dependency,True,success,False,False,
pm_css,pm_css-n5k1-s858,858,5,1,4,signatures,True,success,False,False,
pm_css,pm_css-n5k1-s85,85,5,1,4,linear_dependency,True,success,False,False,
pm_css,pm_css-n5k1-s85,85,5,1,4,signatures,True,success,False,False,
pm_css,pm_css-n5k1-s697,697,5,1,4,linear_dependency,True,success,False,False,
pm_css,pm_css-n5k1-s697,697,5,1,4,signatures,True,success,False,False,
pm_css,pm_css-n5k1-s201,201,5,1,4,linear_dependency,False,success,False,False,
pm_css,pm_css-n5k1-s201,201,5,1,4,signatures,True,success,False,False,
pm_css,pm_css-n5k1-s94,94,5,1,4,linear_dependency,True,success,False,False,
pm_css,pm_css-n5k1-s94,94,5,1,4,signatures,True,success,False,False,
pm_css,pm_css-n5k2-s89,89,5,2,3,linear_dependency,True,success,False,False,
pm_css,pm_css-n5k2-s89,89,5,2,3,signatures,True,success,False,False,
pm_css,pm_css-n5k2-s773,773,5,2,3,linear_dependency,True,success,False,False,
pm_css,pm_css-n5k2-s773,773,5,2,3,signatures,True,success,False,False,
pm_css,pm_css-n5k2-s654,654,5,2,3,linear_dependency,True,success,False,False,
pm_css,pm_css-n5k2-s654,654,5,2,3,signatures,True,success,False,False,
pm_css,pm_css-n5k2-s438,438,5,2,3,linear_dependency,True,success,False,False,
pm_css,pm_css-n5k2-s438,438,5,2,3,signatures,True,success,False,False,
pm_css,pm_css-n5k2-s433,433,5,2,3,linear_dependency,True,success,False,False,
pm_css,pm_css-n5k2-s433,433,5,2,3,signatures,True,success,False,False,
pm_css,pm_css-n5k2-s858,858,5,2,3,linear_dependency,True,success,False,False,
pm_css,pm_css-n5k2-s858,858,5,2,3,signatures,True,success,False,False,
pm_css,pm_css-n5k2-s85,85,5,2,3,linear_dependency,True,success,False,False,
pm_css,pm_css-n5k2-s85,85,5,2,3,signatures,True,success,False,False,
pm_css,pm_css-n5k2-s697,697,5,2,3,linear_dependency,True,success,False,False,
pm_css,pm_css-n5k2-s697,697,5,2,3,signatures,True,success,False,False,
pm_css,pm_css-n5k2-s201,201,5,2,3,linear_dependency,True,success,False,False,
pm_css,pm_css-n5k2-s201,201,5,2,3,signatures,True,success,False,False,
pm_css,pm_css-n5k2-s94,94,5,2,3,linear_dependency,True,success,False,False,
pm_css,pm_css-n5k2-s94,94,5,2,3,signatures,True,success,False,False,
pm_css,pm_css-n5k3-s89,89,5,3,2,linear_dependency,True,success,False,False,
pm_css,pm_css-n5k3-s89,89,5,3,2,signatures,True,success,False,False,
pm_css,pm_css-n5k3-s773,773,5,3,2,linear_dependency,True,success,False,False,
pm_css,pm_css-n5k3-s773,773,5,3,2,signatures,True,success,False,False,
pm_css,pm_css-n5k3-s654,654,5,3,2,linear_dependency,True,success,False,False,
pm_css,pm_css-n5k3-s654,654,5,3,2,signatures,True,success,False,False,
pm_css,pm_css-n5k3-s438,438,5,3,2,linear_dependency,True,success,False,False,
pm_css,pm_css-n5k3-s438,438,5,3,2,signatures,True,success,False,False,
pm_css,pm_css-n5k3-s433,433,5,3,2,linear_dependency,True,success,False,False,
pm_css,pm_css-n5k3-s433,433,5,3,2,signatures,True,success,False,False,
pm_css,pm_css-n5k3-s858,858,5,3,2,linear_dependency,True,success,False,False,
pm_css,pm_css-n5k3-s858,858,5,3,2,signatures,True,success,False,False,
pm_css,pm_css-n5k3-s85,85,5,3,2,linear_dependency,True,success,False,False,
pm_css,pm_css-n5k3-s85,85,5,3,2,signatures,True,success,False,False,
pm_css,pm_css-n5k3-s697,697,5,3,2,linear_dependency,True,success,False,False,
pm_css,pm_css-n5k3-s697,697,5,3,2,signatures,True,success,False,False,
pm_css,pm_css-n5k3-s201,201,5,3,2,linear_dependency,True,success,False,False,
pm_css,pm_css-n5k3-s201,201,5,3,2,signatures,True,success,False,False,
pm_css,pm_css-n5k3-s94,94,5,3,2,linear_dependency,True,success,False,False,
pm_css,pm_css-n5k3-s94,94,5,3,2,signatures,True,success,False,False,
pm_css,pm_css-n5k4-s89,89,5,4,1,linear_dependency,True,success,False,False,
pm_css,pm_css-n5k4-s89,89,5,4,1,signatures,True,success,False,False,
pm_css,pm_css-n5k4-s773,773,5,4,1,linear_dependency,True,success,False,False,
pm_css,pm_css-n5k4-s773,773,5,4,1,signatures,True,success,False,False,
pm_css,pm_css-n5k4-s654,654,5,4,1,linear_dependency,True,success,False,False,
pm_css,pm_css-n5k4-s654,654,5,4,1,signatures,True,success,False,False,
pm_css,pm_css-n5k4-s438,438,5,4,1,linear_dependency,True,success,False,False,
pm_css,pm_css-n5k4-s438,438,5,4,1,signatures,True,success,False,False,
pm_css,pm_css-n5k4-s433,433,5,4,1,linear_dependency,True,success,False,False,
pm_css,pm_css-n5k4-s433,433,5,4,1,signatures,True,success,False,False,
pm_css,pm_css-n5k4-s858,858,5,4,1,linear_dependency,True,success,False,False,
pm_css,pm_css-n5k4-s858,858,5,4,1,signatures,True,success,False,False,
pm_css,pm_css-n5k4-s85,85,5,4,1,linear_dependency,True,success,False,False,
pm_css,pm_css-n5k4-s85,85,5,4,1,signatures,True,success,False,False,
pm_css,pm_css-n5k4-s697,697,5,4,1,linear_dependency,True,success,False,False,
pm_css,pm_css-n5k4-s697,697,5,4,1,signatures,False,success,False,False,
pm_css,pm_css-n5k4-s201,201,5,4,1,linear_dependency,True,success,False,False,
pm_css,pm_css-n5k4-s201,201,5,4,1,signatures,True,success,False,False,
pm_css,pm_css-n5k4-s94,94,5,4,1,linear_dependency,True,success,False,False,
pm_css,pm_css-n5k4-s94,94,5,4,1,signatures,True,success,False,False,
pm_css,pm_css-n6k0-s89,89,6,0,6,linear_dependency,True,success,False,False,
pm_css,pm_css-n6k0-s89,89,6,0,6,signatures,True,success,False,False,
pm_css,pm_css-n6k0-s773,773,6,0,6,linear_dependency,True,success,False,False,
pm_css,pm_css-n6k0-s773,773,6,0,6,signatures,True,success,False,False,
pm_css,pm_css-n6k0-s654,654,6,0,6,linear_dependency,True,success,False,False,
pm_css,pm_css-n6k0-s654,654,6,0,6,signatures,True,success,False,False,
pm_css,pm_css-n6k0-s438,438,6,0,6,linear_dependency,True,success,False,False,
pm_css,pm_css-n6k0-s438,438,6,0,6,signatures,True,success,False,False,
pm_css,pm_css-n6k0-s433,433,6,0,6,linear_dependency,True,success,False,False,
pm_css,pm_css-n6k0-s433,433,6,0,6,signatures,True,success,False,False,
pm_css,pm_css-n6k0-s858,858,6,0,6,linear_dependency,True,success,False,False,
pm_css,pm_css-n6k0-s858,858,6,0,6,signatures,True,success,False,False,
pm_css,pm_css-n6k0-s85,85,6,0,6,linear_dependency,True,success,False,False,
pm_css,pm_css-n6k0-s85,85,6,0,6,signatures,True,success,False,False,
pm_css,pm_css-n6k0-s697,697,6,0,6,linear_dependency,True,success,False,False,
pm_css,pm_css-n6k0-s697,697,6,0,6,signatures,True,success,False,False,
pm_css,pm_css-n6k0-s201,201,6,0,6,linear_dependency,True,success,False,False,
pm_css,pm_css-n6k0-s201,201,6,0,6,signatures,True,success,False,False,
pm_css,pm_css-n6k0-s94,94,6,0,6,linear_dependency,True,success,False,False,
pm_css,pm_css-n6k0-s94,94,6,0,6,signatures,True,success,False,False,
pm_css,pm_css-n6k1-s89,89,6,1,5,linear_dependency,True,success,False,False,
pm_css,pm_css-n6k1-s89,89,6,1,5,signatures,True,success,False,False,
pm_css,pm_css-n6k1-s773,773,6,1,5,linear_dependency,True,success,False,False,
pm_css,pm_css-n6k1-s773,773,6,1,5,signatures,True,success,False,False,
pm_css,pm_css-n6k1-s654,654,6,1,5,linear_dependency,True,success,False,False,
pm_css,pm_css-n6k1-s654,654,6,1,5,signatures,True,success,False,False,
pm_css,pm_css-n6k1-s438,438,6,1,5,linear_dependency,True,success,False,False,
pm_css,pm_css-n6k1-s438,438,6,1,5,signatures,True,success,False,False,
pm_css,pm_css-n6k1-s433,433,6,1,5,linear_dependency,True,success,False,False,
pm_css,pm_css-n6k1-s433,433,6,1,5,signatures,True,success,False,False,
pm_css,pm_css-n6k1-s858,858,6,1,5,linear_dependency,True,success,False,False,
pm_css,pm_css-n6k1-s858,858,6,1,5,signatures,True,success,False,False,
pm_css,pm_css-n6k1-s85,85,6,1,5,linear_dependency,True,success,False,False,
pm_css,pm_css-n6k1-s85,85,6,1,5,signatures,True,success,False,False,
pm_css,pm_css-n6k1-s697,697,6,1,5,linear_dependency,True,success,False,False,
pm_css,pm_css-n6k1-s697,697,6,1,5,signatures,True,success,False,False,
pm_css,pm_css-n6k1-s201,201,6,1,5,linear_dependency,True,success,False,False,
pm_css,pm_css-n6k1-s201,201,6,1,5,signatures,True,success,False,False,
pm_css,pm_css-n6k1-s94,94,6,1,5,linear_dependency,True,success,False,False,
pm_css,pm_css-n6k1-s94,94,6,1,5,signatures,True,success,False,False,
pm_css,pm_css-n6k2-s89,89,6,2,4,linear_dependency,True,success,False,False,
pm_css,pm_css-n6k2-s89,89,6,2,4,signatures,True,success,False,False,
pm_css,pm_css-n6k2-s773,773,6,2,4,linear_dependency,True,success,False,False,
pm_css,pm_css-n6k2-s773,773,6,2,4,signatures,False,success,False,False,
pm_css,pm_css-n6k2-s654,654,6,2,4,linear_dependency,False,success,False,False,
pm_css,pm_css-n6k2-s654,654,6,2,4,signatures,True,success,False,False,
pm_css,pm_css-n6k2-s438,438,6,2,4,linear_dependency,True,success,False,False,
pm_css,pm_css-n6k2-s438,438,6,2,4,signatures,True,success,False,False,
pm_css,pm_css-n6k2-s433,433,6,2,4,linear_dependency,True,success,False,False,
pm_css,pm_css-n6k2-s433,433,6,2,4,signatures,True,success,False,False,
pm_css,pm_css-n6k2-s858,858,6,2,4,linear_dependency,True,success,False,False,
pm_css,pm_css-n6k2-s858,858,6,2,4,signatures,True,success,False,False,
pm_css,pm_css-n6k2-s85,85,6,2,4,linear_dependency,True,success,False,False,
pm_css,pm_css-n6k2-s85,85,6,2,4,signatures,True,success,False,False,
pm_css,pm_css-n6k2-s697,697,6,2,4,linear_dependency,True,success,False,False,
pm_css,pm_css-n6k2-s697,697,6,2,4,signatures,True,success,False,False,
pm_css,pm_css-n6k2-s201,201,6,2,4,linear_dependency,True,success,False,False,
pm_css,pm_css-n6k2-s201,201,6,2,4,signatures,True,success,False,False,
pm_css,pm_css-n6k2-s94,94,6,2,4,linear_dependency,True,success,False,False,
pm_css,pm_css-n6k2-s94,94,6,2,4,signatures,True,success,False,False,
pm_css,pm_css-n6k3-s89,89,6,3,3,linear_dependency,True,success,False,False,
pm_css,pm_css-n6k3-s89,89,6,3,3,signatures,True,success,False,False,
pm_css,pm_css-n6k3-s773,773,6,3,3,linear_dependency,True,success,False,False,
pm_css,pm_css-n6k3-s773,773,6,3,3,signatures,True,success,False,False,
pm_css,pm_css-n6k3-s654,654,6,3,3,linear_dependency,True,success,False,False,
pm_css,pm_css-n6k3-s654,654,6,3,3,signatures,True,success,False,False,
pm_css,pm_css-n6k3-s438,438,6,3,3,linear_dependency,True,success,False,False,
pm_css,pm_css-n6k3-s438,438,6,3,3,signatures,True,success,False,False,
pm_css,pm_css-n6k3-s433,433,6,3,3,linear_dependency,True,success,False,False,
pm_css,pm_css-n6k3-s433,433,6,3,3,signatures,True,success,False,False,
pm_css,pm_css-n6k3-s858,858,6,3,3,linear_dependency,True,success,False,False,
pm_css,pm_css-n6k3-s858,858,6,3,3,signatures,True,success,False,False,
pm_css,pm_css-n6k3-s85,85,6,3,3,linear_dependency,True,success,False,False,
pm_css,pm_css-n6k3-s85,85,6,3,3,signatures,True,success,False,False,
pm_css,pm_css-n6k3-s697,697,6,3,3,linear_dependency,True,success,False,False,
pm_css,pm_css-n6k3-s697,697,6,3,3,signatures,True,success,False,False,
pm_css,pm_css-n6k3-s201,201,6,3,3,linear_dependency,True,success,False,False,
pm_css,pm_css-n6k3-s201,201,6,3,3,signatures,True,success,False,False,
pm_css,pm_css-n6k3-s94,94,6,3,3,linear_dependency,True,success,False,False,
pm_css,pm_css-n6k3-s94,94,6,3,3,signatures,True,success,False,False,
pm_css,pm_css-n6k4-s89,89,6,4,2,linear_dependency,True,success,False,False,
pm_css,pm_css-n6k4-s89,89,6,4,2,signatures,False,success,False,False,
pm_css,pm_css-n6k4-s773,773,6,4,2,linear_dependency,True,success,False,False,
pm_css,pm_css-n6k4-s773,773,6,4,2,signatures,True,success,False,False,
pm_css,pm_css-n6k4-s654,654,6,4,2,linear_dependency,True,success,False,False,
pm_css,pm_css-n6k4-s654,654,6,4,2,signatures,True,success,False,False,
pm_css,pm_css-n6k4-s438,438,6,4,2,linear_dependency,True,success,False,False,
pm_css,pm_css-n6k4-s438,438,6,4,2,signatures,True,success,False,False,
pm_css,pm_css-n6k4-s433,433,6,4,2,linear_dependency,True,success,False,False,
pm_css,pm_css-n6k4-s433,433,6,4,2,signatures,True,success,False,False,
pm_css,pm_css-n6k4-s858,858,6,4,2,linear_dependency,True,success,False,False,
pm_css,pm_css-n6k4-s858,858,6,4,2,signatures,False,success,False,False,
pm_css,pm_css-n6k4-s85,85,6,4,2,linear_dependency,True,success,False,False,
pm_css,pm_css-n6k4-s85,85,6,4,2,signatures,True,success,False,False,
pm_css,pm_css-n6k4-s697,697,6,4,2,linear_dependency,True,success,False,False,
pm_css,pm_css-n6k4-s697,697,6,4,2,signatures,True,success,False,False,
pm_css,pm_css-n6k4-s201,201,6,4,2,linear_dependency,True,success,False,False,
pm_css,pm_css-n6k4-s201,201,6,4,2,signatures,True,success,False,False,
pm_css,pm_css-n6k4-s94,94,6,4,2,linear_dependency,True,success,False,False,
pm_css,pm_css-n6k4-s94,94,6,4,2,signatures,True,success,False,False,
pm_css,pm_css-n6k5-s89,89,6,5,1,linear_dependency,True,success,False,False,
pm_css,pm_css-n6k5-s89,89,6,5,1,signatures,True,success,False,False,
pm_css,pm_css-n6k5-s773,773,6,5,1,linear_dependency,True,success,False,False,
pm_css,pm_css-n6k5-s773,773,6,5,1,signatures,True,success,False,False,
pm_css,pm_css-n6k5-s654,654,6,5,1,linear_dependency,True,success,False,False,
pm_css,pm_css-n6k5-s654,654,6,5,1,signatures,True,success,False,False,
pm_css,pm_css-n6k5-s438,438,6,5,1,linear_dependency,True,success,False,False,
pm_css,pm_css-n6k5-s438,438,6,5,1,signatures,True,success,False,False,
pm_css,pm_css-n6k5-s433,433,6,5,1,linear_dependency,True,success,False,False,
pm_css,pm_css-n6k5-s433,433,6,5,1,signatures,True,success,False,False,
pm_css,pm_css-n6k5-s858,858,6,5,1,linear_dependency,True,success,False,False,
pm_css,pm_css-n6k5-s858,858,6,5,1,signatures,True,success,False,False,
pm_css,pm_css-n6k5-s85,85,6,5,1,linear_dependency,True,success,False,False,
pm_css,pm_css-n6k5-s85,85,6,5,1,signatures,True,success,False,False,
pm_css,pm_css-n6k5-s697,697,6,5,1,linear_dependency,True,success,False,False,
pm_css,pm_css-n6k5-s697,697,6,5,1,signatures,True,success,False,False,
pm_css,pm_css-n6k5-s201,201,6,5,1,linear_dependency,True,success,False,False,
pm_css,pm_css-n6k5-s201,201,6,5,1,signatures,True,success,False,False,
pm_css,pm_css-n6k5-s94,94,6,5,1,linear_dependency,True,success,False,False,
pm_css,pm_css-n6k5-s94,94,6,5,1,signatures,True,success,False,False,
pm_css,pm_css-n7k0-s89,89,7,0,7,linear_dependency,True,success,False,False,
pm_css,pm_css-n7k0-s89,89,7,0,7,signatures,True,success,False,False,
pm_css,pm_css-n7k0-s773,773,7,0,7,linear_dependency,True,success,False,False,
pm_css,pm_css-n7k0-s773,773,7,0,7,signatures,True,success,False,False,
pm_css,pm_css-n7k0-s654,654,7,0,7,linear_dependency,True,success,False,False,
pm_css,pm_css-n7k0-s654,654,7,0,7,signatures,True,success,False,False,
pm_css,pm_css-n7k0-s438,438,7,0,7,linear_dependency,True,success,False,False,
pm_css,pm_css-n7k0-s438,438,7,0,7,signatures,True,success,False,False,
pm_css,pm_css-n7k0-s433,433,7,0,7,linear_dependency,True,success,False,False,
pm_css,pm_css-n7k0-s433,433,7,0,7,signatures,True,success,False,False,
pm_css,pm_css-n7k0-s858,858,7,0,7,linear_dependency,True,success,False,False,
pm_css,pm_css-n7k0-s858,858,7,0,7,signatures,True,success,False,False,
pm_css,pm_css-n7k0-s85,85,7,0,7,linear_dependency,True,success,False,False,
pm_css,pm_css-n7k0-s85,85,7,0,7,signatures,True,success,False,False,
pm_css,pm_css-n7k0-s697,697,7,0,7,linear_dependency,True,success,False,False,
pm_css,pm_css-n7k0-s697,697,7,0,7,signatures,True,success,False,False,
pm_css,pm_css-n7k0-s201,201,7,0,7,linear_dependency,True,success,False,False,
pm_css,pm_css-n7k0-s201,201,7,0,7,signatures,True,success,False,False,
pm_css,pm_css-n7k0-s94,94,7,0,7,linear_dependency,True,success,False,False,
pm_css,pm_css-n7k0-s94,94,7,0,7,signatures,True,success,False,False,
pm_css,pm_css-n7k2-s89,89,7,2,5,linear_dependency,False,success,False,False,
pm_css,pm_css-n7k2-s89,89,7,2,5,signatures,True,success,False,False,
pm_css,pm_css-n7k2-s773,773,7,2,5,linear_dependency,True,success,False,False,
pm_css,pm_css-n7k2-s773,773,7,2,5,signatures,True,success,False,False,
pm_css,pm_css-n7k2-s654,654,7,2,5,linear_dependency,False,success,False,False,
pm_css,pm_css-n7k2-s654,654,7,2,5,signatures,False,success,False,False,
pm_css,pm_css-n7k2-s438,438,7,2,5,linear_dependency,True,success,False,False,
pm_css,pm_css-n7k2-s438,438,7,2,5,signatures,True,success,False,False,
pm_css,pm_css-n7k2-s433,433,7,2,5,linear_dependency,True,success,False,False,
pm_css,pm_css-n7k2-s433,433,7,2,5,signatures,True,success,False,False,
pm_css,pm_css-n7k2-s858,858,7,2,5,linear_dependency,True,success,False,False,
pm_css,pm_css-n7k2-s858,858,7,2,5,signatures,True,success,False,False,
pm_css,pm_css-n7k2-s85,85,7,2,5,linear_dependency,True,success,False,False,
pm_css,pm_css-n7k2-s85,85,7,2,5,signatures,True,success,False,False,
pm_css,pm_css-n7k2-s697,697,7,2,5,linear_dependency,True,success,False,False,
pm_css,pm_css-n7k2-s697,697,7,2,5,signatures,True,success,False,False,
pm_css,pm_css-n7k2-s201,201,7,2,5,linear_dependency,True,success,False,False,
pm_css,pm_css-n7k2-s201,201,7,2,5,signatures,True,success,False,False,
pm_css,pm_css-n7k2-s94,94,7,2,5,linear_dependency,True,success,False,False,
pm_css,pm_css-n7k2-s94,94,7,2,5,signatures,True,success,False,False,
pm_css,pm_css-n7k4-s89,89,7,4,3,linear_dependency,True,success,False,False,
pm_css,pm_css-n7k4-s89,89,7,4,3,signatures,True,success,False,False,
pm_css,pm_css-n7k4-s773,773,7,4,3,linear_dependency,True,success,False,False,
pm_css,pm_css-n7k4-s773,773,7,4,3,signatures,True,success,False,False,
pm_css,pm_css-n7k4-s654,654,7,4,3,linear_dependency,True,success,False,False,
pm_css,pm_css-n7k4-s654,654,7,4,3,signatures,True,success,False,False,
pm_css,pm_css-n7k4-s438,438,7,4,3,linear_dependency,True,success,False,False,
pm_css,pm_css-n7k4-s438,438,7,4,3,signatures,True,success,False,False,
pm_css,pm_css-n7k4-s433,433,7,4,3,linear_dependency,True,success,False,False,
pm_css,pm_css-n7k4-s433,433,7,4,3,signatures,True,success,False,False,
pm_css,pm_css-n7k4-s858,858,7,4,3,linear_dependency,True,success,False,False,
pm_css,pm_css-n7k4-s858,858,7,4,3,signatures,True,success,False,False,
pm_css,pm_css-n7k4-s85,85,7,4,3,linear_dependency,True,success,False,False,
pm_css,pm_css-n7k4-s85,85,7,4,3,signatures,True,success,False,False,
pm_css,pm_css-n7k4-s697,697,7,4,3,linear_dependency,True,success,False,False,
pm_css,pm_css-n7k4-s697,697,7,4,3,signatures,True,success,False,False,
pm_css,pm_css-n7k4-s201,201,7,4,3,linear_dependency,True,success,False,False,
pm_css,pm_css-n7k4-s201,201,7,4,3,signatures,True,success,False,False,
pm_css,pm_css-n7k4-s94,94,7,4,3,linear_dependency,True,success,False,False,
pm_css,pm_css-n7k4-s94,94,7,4,3,signatures,True,success,False,False,
pm_css,pm_css-n7k6-s89,89,7,6,1,linear_dependency,True,success,False,False,
pm_css,pm_css-n7k6-s89,89,7,6,1,signatures,True,success,False,False,
pm_css,pm_css-n7k6-s773,773,7,6,1,linear_dependency,True,success,False,False,
pm_css,pm_css-n7k6-s773,773,7,6,1,signatures,True,success,False,False,
pm_css,pm_css-n7k6-s654,654,7,6,1,linear_dependency,True,success,False,False,
pm_css,pm_css-n7k6-s654,654,7,6,1,signatures,True,success,False,False,
pm_css,pm_css-n7k6-s438,438,7,6,1,linear_dependency,True,success,False,False,
pm_css,pm_css-n7k6-s438,438,7,6,1,signatures,True,success,False,False,
pm_css,pm_css-n7k6-s433,433,7,6,1,linear_dependency,True,success,False,False,
pm_css,pm_css-n7k6-s433,433,7,6,1,signatures,True,success,False,False,
pm_css,pm_css-n7k6-s858,858,7,6,1,linear_dependency,True,success,False,False,
pm_css,pm_css-n7k6-s858,858,7,6,1,signatures,True,success,False,False,
pm_css,pm_css-n7k6-s85,85,7,6,1,linear_dependency,True,success,False,False,
pm_css,pm_css-n7k6-s85,85,7,6,1,signatures,True,success,False,False,
pm_css,pm_css-n7k6-s697,697,7,6,1,linear_dependency,True,success,False,False,
pm_css,pm_css-n7k6-s697,697,7,6,1,signatures,True,success,False,False,
pm_css,pm_css-n7k6-s201,201,7,6,1,linear_dependency,True,success,False,False,
pm_css,pm_css-n7k6-s201,201,7,6,1,signatures,True,success,False,False,
pm_css,pm_css-n7k6-s94,94,7,6,1,linear_dependency,True,success,False,False,
pm_css,pm_css-n7k6-s94,94,7,6,1,signatures,True,success,False,False,
pm_css,pm_css-n8k0-s89,89,8,0,8,linear_dependency,True,success,False,False,
pm_css,pm_css-n8k0-s89,89,8,0,8,signatures,True,success,False,False,
pm_css,pm_css-n8k0-s773,773,8,0,8,linear_dependency,True,success,False,False,
pm_css,pm_css-n8k0-s773,773,8,0,8,signatures,True,success,False,False,
pm_css,pm_css-n8k0-s654,654,8,0,8,linear_dependency,True,success,False,False,
pm_css,pm_css-n8k0-s654,654,8,0,8,signatures,True,success,False,False,
pm_css,pm_css-n8k0-s438,438,8,0,8,linear_dependency,True,success,False,False,
pm_css,pm_css-n8k0-s438,438,8,0,8,signatures,True,success,False,False,
pm_css,pm_css-n8k0-s433,433,8,0,8,linear_dependency,True,success,False,False,
pm_css,pm_css-n8k0-s433,433,8,0,8,signatures,True,success,False,False,
pm_css,pm_css-n8k0-s858,858,8,0,8,linear_dependency,True,success,False,False,
pm_css,pm_css-n8k0-s858,858,8,0,8,signatures,True,success,False,False,
pm_css,pm_css-n8k0-s85,85,8,0,8,linear_dependency,True,success,False,False,
pm_css,pm_css-n8k0-s85,85,8,0,8,signatures,True,success,False,False,
pm_css,pm_css-n8k0-s697,697,8,0,8,linear_dependency,True,success,False,False,
pm_css,pm_css-n8k0-s697,697,8,0,8,signatures,True,success,False,False,
pm_css,pm_css-n8k0-s201,201,8,0,8,linear_dependency,True,success,False,False,
pm_css,pm_css-n8k0-s201,201,8,0,8,signatures,True,success,False,False,
pm_css,pm_css-n8k0-s94,94,8,0,8,linear_dependency,True,success,False,False,
pm_css,pm_css-n8k0-s94,94,8,0,8,signatures,True,success,False,False,
pm_css,pm_css-n8k2-s89,89,8,2,6,linear_dependency,True,success,False,False,
pm_css,pm_css-n8k2-s89,89,8,2,6,signatures,True,success,False,False,
pm_css,pm_css-n8k2-s773,773,8,2,6,linear_dependency,True,success,False,False,
pm_css,pm_css-n8k2-s773,773,8,2,6,signatures,True,success,False,False,
pm_css,pm_css-n8k2-s654,654,8,2,6,linear_dependency,True,success,False,False,
pm_css,pm_css-n8k2-s654,654,8,2,6,signatures,True,success,False,False,
pm_css,pm_css-n8k2-s438,438,8,2,6,linear_dependency,True,success,False,False,
pm_css,pm_css-n8k2-s438,438,8,2,6,signatures,True,success,False,False,
pm_css,pm_css-n8k2-s433,433,8,2,6,linear_dependency,True,success,False,False,
pm_css,pm_css-n8k2-s433,433,8,2,6,signatures,True,success,False,False,
pm_css,pm_css-n8k2-s858,858,8,2,6,linear_dependency,True,success,False,False,
pm_css,pm_css-n8k2-s858,858,8,2,6,signatures,True,success,False,False,
pm_css,pm_css-n8k2-s85,85,8,2,6,linear_dependency,True,success,False,False,
pm_css,pm_css-n8k2-s85,85,8,2,6,signatures,True,success,False,False,
pm_css,pm_css-n8k2-s697,697,8,2,6,linear_dependency,True,success,False,False,
pm_css,pm_css-n8k2-s697,697,8,2,6,signatures,True,success,False,False,
pm_css,pm_css-n8k2-s201,201,8,2,6,linear_dependency,True,success,False,False,
pm_css,pm_css-n8k2-s201,201,8,2,6,signatures,True,success,False,False,
pm_css,pm_css-n8k2-s94,94,8,2,6,linear_dependency,True,success,False,False,
pm_css,pm_css-n8k2-s94,94,8,2,6,signatures,True,success,False,False,
pm_css,pm_css-n8k4-s89,89,8,4,4,linear_dependency,True,success,False,False,
pm_css,pm_css-n8k4-s89,89,8,4,4,signatures,True,success,False,False,
pm_css,pm_css-n8k4-s773,773,8,4,4,linear_dependency,True,success,False,False,
pm_css,pm_css-n8k4-s773,773,8,4,4,signatures,True,success,False,False,
pm_css,pm_css-n8k4-s654,654,8,4,4,linear_dependency,True,success,False,False,
pm_css,pm_css-n8k4-s654,654,8,4,4,signatures,True,success,False,False,
pm_css,pm_css-n8k4-s438,438,8,4,4,linear_dependency,True,success,False,False,
pm_css,pm_css-n8k4-s438,438,8,4,4,signatures,True,success,False,False,
pm_css,pm_css-n8k4-s433,433,8,4,4,linear_dependency,True,success,False,False,
pm_css,pm_css-n8k4-s433,433,8,4,4,signatures,True,success,False,False,
pm_css,pm_css-n8k4-s858,858,8,4,4,linear_dependency,True,success,False,False,
pm_css,pm_css-n8k4-s858,858,8,4,4,signatures,True,success,False,False,
pm_css,pm_css-n8k4-s85,85,8,4,4,linear_dependency,True,success,False,False,
pm_css,pm_css-n8k4-s85,85,8,4,4,signatures,True,success,False,False,
pm_css,pm_css-n8k4-s697,697,8,4,4,linear_dependency,True,success,False,False,
pm_css,pm_css-n8k4-s697,697,8,4,4,signatures,True,success,False,False,
pm_css,pm_css-n8k4-s201,201,8,4,4,linear_dependency,True,success,False,False,
pm_css,pm_css-n8k4-s201,201,8,4,4,signatures,True,success,False,False,
pm_css,pm_css-n8k4-s94,94,8,4,4,linear_dependency,True,success,False,False,
pm_css,pm_css-n8k4-s94,94,8,4,4,signatures,True,success,False,False,
pm_css,pm_css-n8k6-s89,89,8,6,2,linear_dependency,True,success,False,False,
pm_css,pm_css-n8k6-s89,89,8,6,2,signatures,True,success,False,False,
pm_css,pm_css-n8k6-s773,773,8,6,2,linear_dependency,True,success,False,False,
pm_css,pm_css-n8k6-s773,773,8,6,2,signatures,True,success,False,False,
pm_css,pm_css-n8k6-s654,654,8,6,2,linear_dependency,True,success,False,False,
pm_css,pm_css-n8k6-s654,654,8,6,2,signatures,True,success,False,False,
pm_css,pm_css-n8k6-s438,438,8,6,2,linear_dependency,True,success,False,False,
pm_css,pm_css-n8k6-s438,438,8,6,2,signatures,True,success,False,False,
pm_css,pm_css-n8k6-s433,433,8,6,2,linear_dependency,True,success,False,False,
pm_css,pm_css-n8k6-s433,433,8,6,2,signatures,True,success,False,False,
pm_css,pm_css-n8k6-s858,858,8,6,2,linear_dependency,True,success,False,False,
pm_css,pm_css-n8k6-s858,858,8,6,2,signatures,True,success,False,False,
pm_css,pm_css-n8k6-s85,85,8,6,2,linear_dependency,True,success,False,False,
pm_css,pm_css-n8k6-s85,85,8,6,2,signatures,True,success,False,False,
pm_css,pm_css-n8k6-s697,697,8,6,2,linear_dependency,True,success,False,False,
pm_css,pm_css-n8k6-s697,697,8,6,2,signatures,True,success,False,False,
pm_css,pm_css-n8k6-s201,201,8,6,2,linear_dependency,True,success,False,False,
pm_css,pm_css-n8k6-s201,201,8,6,2,signatures,True,success,False,False,
pm_css,pm_css-n8k6-s94,94,8,6,2,linear_dependency,True,success,False,False,
pm_css,pm_css-n8k6-s94,94,8,6,2,signatures,True,success,False,False,
pm_css,pm_css-n9k0-s89,89,9,0,9,linear_dependency,True,success,False,False,
pm_css,pm_css-n9k0-s89,89,9,0,9,signatures,True,success,False,False,
pm_css,pm_css-n9k0-s773,773,9,0,9,linear_dependency,True,success,False,False,
pm_css,pm_css-n9k0-s773,773,9,0,9,signatures,True,success,False,False,
pm_css,pm_css-n9k0-s654,654,9,0,9,linear_dependency,True,success,False,False,
pm_css,pm_css-n9k0-s654,654,9,0,9,signatures,True,success,False,False,
pm_css,pm_css-n9k0-s438,438,9,0,9,linear_dependency,True,success,False,False,
pm_css,pm_css-n9k0-s438,438,9,0,9,signatures,True,success,False,False,
pm_css,pm_css-n9k0-s433,433,9,0,9,linear_dependency,True,success,False,False,
pm_css,pm_css-n9k0-s433,433,9,0,9,signatures,True,success,False,False,
pm_css,pm_css-n9k0-s858,858,9,0,9,linear_dependency,True,success,False,False,
pm_css,pm_css-n9k0-s858,858,9,0,9,signatures,True,success,False,False,
pm_css,pm_css-n9k0-s85,85,9,0,9,linear_dependency,True,success,False,False,
pm_css,pm_css-n9k0-s85,85,9,0,9,signatures,True,success,False,False,
pm_css,pm_css-n9k0-s697,697,9,0,9,linear_dependency,True,success,False,False,
pm_css,pm_css-n9k0-s697,697,9,0,9,signatures,True,success,False,False,
pm_css,pm_css-n9k0-s201,201,9,0,9,linear_dependency,True,success,False,False,
pm_css,pm_css-n9k0-s201,201,9,0,9,signatures,True,success,False,False,
pm_css,pm_css-n9k0-s94,94,9,0,9,linear_dependency,True,success,False,False,
pm_css,pm_css-n9k0-s94,94,9,0,9,signatures,True,success,False,False,
pm_css,pm_css-n9k2-s89,89,9,2,7,linear_dependency,True,success,False,False,
pm_css,pm_css-n9k2-s89,89,9,2,7,signatures,True,success,False,False,
pm_css,pm_css-n9k2-s773,773,9,2,7,linear_dependency,True,success,False,False,
pm_css,pm_css-n9k2-s773,773,9,2,7,signatures,True,success,False,False,
pm_css,pm_css-n9k2-s654,654,9,2,7,linear_dependency,True,success,False,False,
pm_css,pm_css-n9k2-s654,654,9,2,7,signatures,True,success,False,False,
pm_css,pm_css-n9k2-s438,438,9,2,7,linear_dependency,True,success,False,False,
pm_css,pm_css-n9k2-s438,438,9,2,7,signatures,True,success,False,False,
pm_css,pm_css-n9k2-s433,433,9,2,7,linear_dependency,True,success,False,False,
pm_css,pm_css-n9k2-s433,433,9,2,7,signatures,True,success,False,False,
pm_css,pm_css-n9k2-s858,858,9,2,7,linear_dependency,True,success,False,False,
pm_css,pm_css-n9k2-s858,858,9,2,7,signatures,True,success,False,False,
pm_css,pm_css-n9k2-s85,85,9,2,7,linear_dependency,True,success,False,False,
pm_css,pm_css-n9k2-s85,85,9,2,7,signatures,True,success,False,False,
pm_css,pm_css-n9k2-s697,697,9,2,7,linear_dependency,False,success,False,False,
pm_css,pm_css-n9k2-s697,697,9,2,7,signatures,True,success,False,False,
pm_css,pm_css-n9k2-s201,201,9,2,7,linear_dependency,False,success,False,False,
pm_css,pm_css-n9k2-s201,201,9,2,7,signatures,True,success,False,False,
pm_css,pm_css-n9k2-s94,94,9,2,7,linear_dependency,True,success,False,False,
pm_css,pm_css-n9k2-s94,94,9,2,7,signatures,True,success,False,False,
pm_css,pm_css-n9k4-s89,89,9,4,5,linear_dependency,True,success,False,False,
pm_css,pm_css-n9k4-s89,89,9,4,5,signatures,True,success,False,False,
pm_css,pm_css-n9k4-s773,773,9,4,5,linear_dependency,True,success,False,False,
pm_css,pm_css-n9k4-s773,773,9,4,5,signatures,True,success,False,False,
pm_css,pm_css-n9k4-s654,654,9,4,5,linear_dependency,True,success,False,False,
pm_css,pm_css-n9k4-s654,654,9,4,5,signatures,True,success,False,False,
pm_css,pm_css-n9k4-s438,438,9,4,5,linear_dependency,True,success,False,False,
pm_css,pm_css-n9k4-s438,438,9,4,5,signatures,True,success,False,False,
pm_css,pm_css-n9k4-s433,433,9,4,5,linear_dependency,True,success,False,False,
pm_css,pm_css-n9k4-s433,433,9,4,5,signatures,True,success,False,False,
pm_css,pm_css-n9k4-s858,858,9,4,5,linear_dependency,False,success,False,False,
pm_css,pm_css-n9k4-s858,858,9,4,5,signatures,True,success,False,False,
pm_css,pm_css-n9k4-s85,85,9,4,5,linear_dependency,True,success,False,False,
pm_css,pm_css-n9k4-s85,85,9,4,5,signatures,True,success,False,False,
pm_css,pm_css-n9k4-s697,697,9,4,5,linear_dependency,True,success,False,False,
pm_css,pm_css-n9k4-s697,697,9,4,5,signatures,True,success,False,False,
pm_css,pm_css-n9k4-s201,201,9,4,5,linear_dependency,True,success,False,False,
pm_css,pm_css-n9k4-s201,201,9,4,5,signatures,True,success,False,False,
pm_css,pm_css-n9k4-s94,94,9,4,5,linear_dependency,True,success,False,False,
pm_css,pm_css-n9k4-s94,94,9,4,5,signatures,True,success,False,False,
pm_css,pm_css-n9k6-s89,89,9,6,3,linear_dependency,True,success,False,False,
pm_css,pm_css-n9k6-s89,89,9,6,3,signatures,True,success,False,False,
pm_css,pm_css-n9k6-s773,773,9,6,3,linear_dependency,True,success,False,False,
pm_css,pm_css-n9k6-s773,773,9,6,3,signatures,True,success,False,False,
pm_css,pm_css-n9k6-s654,654,9,6,3,linear_dependency,True,success,False,False,
pm_css,pm_css-n9k6-s654,654,9,6,3,signatures,True,success,False,False,
pm_css,pm_css-n9k6-s438,438,9,6,3,linear_dependency,True,success,False,False,
pm_css,pm_css-n9k6-s438,438,9,6,3,signatures,True,success,False,False,
pm_css,pm_css-n9k6-s433,433,9,6,3,linear_dependency,True,success,False,False,
pm_css,pm_css-n9k6-s433,433,9,6,3,signatures,True,success,False,False,
pm_css,pm_css-n9k6-s858,858,9,6,3,linear_dependency,True,success,False,False,
pm_css,pm_css-n9k6-s858,858,9,6,3,signatures,True,success,False,False,
pm_css,pm_css-n9k6-s85,85,9,6,3,linear_dependency,True,success,False,False,
pm_css,pm_css-n9k6-s85,85,9,6,3,signatures,True,success,False,False,
pm_css,pm_css-n9k6-s697,697,9,6,3,linear_dependency,True,success,False,False,
pm_css,pm_css-n9k6-s697,697,9,6,3,signatures,True,success,False,False,
pm_css,pm_css-n9k6-s201,201,9,6,3,linear_dependency,True,success,False,False,
pm_css,pm_css-n9k6-s201,201,9,6,3,signatures,True,success,False,False,
pm_css,pm_css-n9k6-s94,94,9,6,3,linear_dependency,True,success,False,False,
pm_css,pm_css-n9k6-s94,94,9,6,3,signatures,True,success,False,False,
pm_css,pm_css-n9k8-s89,89,9,8,1,linear_dependency,True,success,False,False,
pm_css,pm_css-n9k8-s89,89,9,8,1,signatures,True,success,False,False,
pm_css,pm_css-n9k8-s773,773,9,8,1,linear_dependency,True,success,False,False,
pm_css,pm_css-n9k8-s773,773,9,8,1,signatures,True,success,False,False,
pm_css,pm_css-n9k8-s654,654,9,8,1,linear_dependency,True,success,False,False,
pm_css,pm_css-n9k8-s654,654,9,8,1,signatures,True,success,False,False,
pm_css,pm_css-n9k8-s438,438,9,8,1,linear_dependency,True,success,False,False,
pm_css,pm_css-n9k8-s438,438,9,8,1,signatures,True,success,False,False,
pm_css,pm_css-n9k8-s433,433,9,8,1,linear_dependency,True,success,False,False,
pm_css,pm_css-n9k8-s433,433,9,8,1,signatures,True,success,False,False,
pm_css,pm_css-n9k8-s858,858,9,8,1,linear_dependency,True,success,False,False,
pm_css,pm_css-n9k8-s858,858,9,8,1,signatures,True,success,False,False,
pm_css,pm_css-n9k8-s85,85,9,8,1,linear_dependency,True,success,False,False,
pm_css,pm_css-n9k8-s85,85,9,8,1,signatures,True,success,False,False,
pm_css,pm_css-n9k8-s697,697,9,8,1,linear_dependency,True,success,False,False,
pm_css,pm_css-n9k8-s697,697,9,8,1,signatures,True,success,False,False,
pm_css,pm_css-n9k8-s201,201,9,8,1,linear_dependency,True,success,False,False,
pm_css,pm_css-n9k8-s201,201,9,8,1,signatures,True,success,False,False,
pm_css,pm_css-n9k8-s94,94,9,8,1,linear_dependency,True,success,False,False,
pm_css,pm_css-n9k8-s94,94,9,8,1,signatures,True,success,False,False,
pm_css,pm_css-n10k0-s89,89,10,0,10,linear_dependency,True,success,False,False,
pm_css,pm_css-n10k0-s89,89,10,0,10,signatures,True,success,False,False,
pm_css,pm_css-n10k0-s773,773,10,0,10,linear_dependency,True,success,False,False,
pm_css,pm_css-n10k0-s773,773,10,0,10,signatures,True,success,False,False,
pm_css,pm_css-n10k0-s654,654,10,0,10,linear_dependency,True,success,False,False,
pm_css,pm_css-n10k0-s654,654,10,0,10,signatures,True,success,False,False,
pm_css,pm_css-n10k0-s438,438,10,0,10,linear_dependency,True,success,False,False,
pm_css,pm_css-n10k0-s438,438,10,0,10,signatures,True,success,False,False,
pm_css,pm_css-n10k0-s433,433,10,0,10,linear_dependency,True,success,False,False,
pm_css,pm_css-n10k0-s433,433,10,0,10,signatures,True,success,False,False,
pm_css,pm_css-n10k0-s858,858,10,0,10,linear_dependency,True,success,False,False,
pm_css,pm_css-n10k0-s858,858,10,0,10,signatures,True,success,False,False,
pm_css,pm_css-n10k0-s85,85,10,0,10,linear_dependency,True,success,False,False,
pm_css,pm_css-n10k0-s85,85,10,0,10,signatures,True,success,False,False,
pm_css,pm_css-n10k0-s697,697,10,0,10,linear_dependency,True,success,False,False,
pm_css,pm_css-n10k0-s697,697,10,0,10,signatures,True,success,False,False,
pm_css,pm_css-n10k0-s201,201,10,0,10,linear_dependency,True,success,False,False,
pm_css,pm_css-n10k0-s201,201,10,0,10,signatures,True,success,False,False,
pm_css,pm_css-n10k0-s94,94,10,0,10,linear_dependency,True,success,False,False,
pm_css,pm_css-n10k0-s94,94,10,0,10,signatures,True,success,False,False,
pm_css,pm_css-n10k2-s89,89,10,2,8,linear_dependency,True,success,False,False,
pm_css,pm_css-n10k2-s89,89,10,2,8,signatures,True,success,False,False,
pm_css,pm_css-n10k2-s773,773,10,2,8,linear_dependency,True,success,False,False,
pm_css,pm_css-n10k2-s773,773,10,2,8,signatures,True,success,False,False,
pm_css,pm_css-n10k2-s654,654,10,2,8,linear_dependency,True,success,False,False,
pm_css,pm_css-n10k2-s654,654,10,2,8,signatures,True,success,False,False,
pm_css,pm_css-n10k2-s438,438,10,2,8,linear_dependency,True,success,False,False,
pm_css,pm_css-n10k2-s438,438,10,2,8,signatures,True,success,False,False,
pm_css,pm_css-n10k2-s433,433,10,2,8,linear_dependency,True,success,False,False,
pm_css,pm_css-n10k2-s433,433,10,2,8,signatures,True,success,False,False,
pm_css,pm_css-n10k2-s858,858,10,2,8,linear_dependency,True,success,False,False,
pm_css,pm_css-n10k2-s858,858,10,2,8,signatures,True,success,False,False,
pm_css,pm_css-n10k2-s85,85,10,2,8,linear_dependency,True,success,False,False,
pm_css,pm_css-n10k2-s85,85,10,2,8,signatures,True,success,False,False,
pm_css,pm_css-n10k2-s697,697,10,2,8,linear_dependency,True,success,False,False,
pm_css,pm_css-n10k2-s697,697,10,2,8,signatures,True,success,False,False,
pm_css,pm_css-n10k2-s201,201,10,2,8,linear_dependency,True,success,False,False,
pm_css,pm_css-n10k2-s201,201,10,2,8,signatures,True,success,False,False,
pm_css,pm_css-n10k2-s94,94,10,2,8,linear_dependency,True,success,False,False,
pm_css,pm_css-n10k2-s94,94,10,2,8,signatures,True,success,False,False,
pm_css,pm_css-n10k4-s89,89,10,4,6,linear_dependency,True,success,False,False,
pm_css,pm_css-n10k4-s89,89,10,4,6,signatures,True,success,False,False,
pm_css,pm_css-n10k4-s773,773,10,4,6,linear_dependency,False,success,False,False,
pm_css,pm_css-n10k4-s773,773,10,4,6,signatures,True,success,False,False,
pm_css,pm_css-n10k4-s654,654,10,4,6,linear_dependency,True,success,False,False,
pm_css,pm_css-n10k4-s654,654,10,4,6,signatures,True,success,False,False,
pm_css,pm_css-n10k4-s438,438,10,4,6,linear_dependency,True,success,False,False,
pm_css,pm_css-n10k4-s438,438,10,4,6,signatures,True,success,False,False,
pm_css,pm_css-n10k4-s433,433,10,4,6,linear_dependency,True,success,False,False,
pm_css,pm_css-n10k4-s433,433,10,4,6,signatures,True,success,False,False,
pm_css,pm_css-n10k4-s858,858,10,4,6,linear_dependency,True,success,False,False,
pm_css,pm_css-n10k4-s858,858,10,4,6,signatures,True,success,False,False,
pm_css,pm_css-n10k4-s85,85,10,4,6,linear_dependency,True,success,False,False,
pm_css,pm_css-n10k4-s85,85,10,4,6,signatures,True,success,False,False,
pm_css,pm_css-n10k4-s697,697,10,4,6,linear_dependency,True,success,False,False,
pm_css,pm_css-n10k4-s697,697,10,4,6,signatures,True,success,False,False,
pm_css,pm_css-n10k4-s201,201,10,4,6,linear_dependency,False,success,False,False,
pm_css,pm_css-n10k4-s201,201,10,4,6,signatures,True,success,False,False,
pm_css,pm_css-n10k4-s94,94,10,4,6,linear_dependency,True,success,False,False,
pm_css,pm_css-n10k4-s94,94,10,4,6,signatures,True,success,False,False,
pm_css,pm_css-n10k6-s89,89,10,6,4,linear_dependency,True,success,False,False,
pm_css,pm_css-n10k6-s89,89,10,6,4,signatures,True,success,False,False,
pm_css,pm_css-n10k6-s773,773,10,6,4,linear_dependency,True,success,False,False,
pm_css,pm_css-n10k6-s773,773,10,6,4,signatures,True,success,False,False,
pm_css,pm_css-n10k6-s654,654,10,6,4,linear_dependency,True,success,False,False,
pm_css,pm_css-n10k6-s654,654,10,6,4,signatures,True,success,False,False,
pm_css,pm_css-n10k6-s438,438,10,6,4,linear_dependency,True,success,False,False,
pm_css,pm_css-n10k6-s438,438,10,6,4,signatures,True,success,False,False,
pm_css,pm_css-n10k6-s433,433,10,6,4,linear_dependency,True,success,False,False,
pm_css,pm_css-n10k6-s433,433,10,6,4,signatures,True,success,False,False,
pm_css,pm_css-n10k6-s858,858,10,6,4,linear_dependency,False,success,False,False,
pm_css,pm_css-n10k6-s858,858,10,6,4,signatures,True,success,False,False,
pm_css,pm_css-n10k6-s85,85,10,6,4,linear_dependency,True,success,False,False,
pm_css,pm_css-n10k6-s85,85,10,6,4,signatures,True,success,False,False,
pm_css,pm_css-n10k6-s697,697,10,6,4,linear_dependency,False,success,False,False,
pm_css,pm_css-n10k6-s697,697,10,6,4,signatures,True,success,False,False,
pm_css,pm_css-n10k6-s201,201,10,6,4,linear_dependency,True,success,False,False,
pm_css,pm_css-n10k6-s201,201,10,6,4,signatures,True,success,False,False,
pm_css,pm_css-n10k6-s94,94,10,6,4,linear_dependency,True,success,False,False,
pm_css,pm_css-n10k6-s94,94,10,6,4,signatures,False,success,False,False,
pm_css,pm_css-n10k8-s89,89,10,8,2,linear_dependency,True,success,False,False,
pm_css,pm_css-n10k8-s89,89,10,8,2,signatures,True,success,False,False,
pm_css,pm_css-n10k8-s773,773,10,8,2,linear_dependency,True,success,False,False,
pm_css,pm_css-n10k8-s773,773,10,8,2,signatures,True,success,False,False,
pm_css,pm_css-n10k8-s654,654,10,8,2,linear_dependency,True,success,False,False,
pm_css,pm_css-n10k8-s654,654,10,8,2,signatures,True,success,False,False,
pm_css,pm_css-n10k8-s438,438,10,8,2,linear_dependency,True,success,False,False,
pm_css,pm_css-n10k8-s438,438,10,8,2,signatures,True,success,False,False,
pm_css,pm_css-n10k8-s433,433,10,8,2,linear_dependency,True,success,False,False,
pm_css,pm_css-n10k8-s433,433,10,8,2,signatures,True,success,False,False,
pm_css,pm_css-n10k8-s858,858,10,8,2,linear_dependency,True,success,False,False,
pm_css,pm_css-n10k8-s858,858,10,8,2,signatures,True,success,False,False,
pm_css,pm_css-n10k8-s85,85,10,8,2,linear_dependency,True,success,False,False,
pm_css,pm_css-n10k8-s85,85,10,8,2,signatures,True,success,False,False,
pm_css,pm_css-n10k8-s697,697,10,8,2,linear_dependency,True,success,False,False,
pm_css,pm_css-n10k8-s697,697,10,8,2,signatures,True,success,False,False,
pm_css,pm_css-n10k8-s201,201,10,8,2,linear_dependency,True,success,False,False,
pm_css,pm_css-n10k8-s201,201,10,8,2,signatures,True,success,False,False,
pm_css,pm_css-n10k8-s94,94,10,8,2,linear_dependency,True,success,False,False,
pm_css,pm_css-n10k8-s94,94,10,8,2,signatures,True,success,False,False,
pm_css,pm_css-n11k0-s89,89,11,0,11,linear_dependency,True,success,False,False,
pm_css,pm_css-n11k0-s89,89,11,0,11,signatures,True,success,False,False,
pm_css,pm_css-n11k0-s773,773,11,0,11,linear_dependency,True,success,False,False,
pm_css,pm_css-n11k0-s773,773,11,0,11,signatures,True,success,False,False,
pm_css,pm_css-n11k0-s654,654,11,0,11,linear_dependency,True,success,False,False,
pm_css,pm_css-n11k0-s654,654,11,0,11,signatures,True,success,False,False,
pm_css,pm_css-n11k0-s438,438,11,0,11,linear_dependency,True,success,False,False,
pm_css,pm_css-n11k0-s438,438,11,0,11,signatures,True,success,False,False,
pm_css,pm_css-n11k0-s433,433,11,0,11,linear_dependency,True,success,False,False,
pm_css,pm_css-n11k0-s433,433,11,0,11,signatures,True,success,False,False,
pm_css,pm_css-n11k0-s858,858,11,0,11,linear_dependency,True,success,False,False,
pm_css,pm_css-n11k0-s858,858,11,0,11,signatures,True,success,False,False,
pm_css,pm_css-n11k0-s85,85,11,0,11,linear_dependency,True,success,False,False,
pm_css,pm_css-n11k0-s85,85,11,0,11,signatures,True,success,False,False,
pm_css,pm_css-n11k0-s697,697,11,0,11,linear_dependency,True,success,False,False,
pm_css,pm_css-n11k0-s697,697,11,0,11,signatures,True,success,False,False,
pm_css,pm_css-n11k0-s201,201,11,0,11,linear_dependency,True,success,False,False,
pm_css,pm_css-n11k0-s201,201,11,0,11,signatures,True,success,False,False,
pm_css,pm_css-n11k0-s94,94,11,0,11,linear_dependency,True,success,False,False,
pm_css,pm_css-n11k0-s94,94,11,0,11,signatures,True,success,False,False,
pm_css,pm_css-n11k2-s89,89,11,2,9,linear_dependency,False,success,False,False,
pm_css,pm_css-n11k2-s89,89,11,2,9,signatures,True,success,False,False,
pm_css,pm_css-n11k2-s773,773,11,2,9,linear_dependency,False,success,False,False,
pm_css,pm_css-n11k2-s773,773,11,2,9,signatures,True,success,False,False,
pm_css,pm_css-n11k2-s654,654,11,2,9,linear_dependency,True,success,False,False,
pm_css,pm_css-n11k2-s654,654,11,2,9,signatures,True,success,False,False,
pm_css,pm_css-n11k2-s438,438,11,2,9,linear_dependency,False,success,False,False,
pm_css,pm_css-n11k2-s438,438,11,2,9,signatures,True,success,False,False,
pm_css,pm_css-n11k2-s433,433,11,2,9,linear_dependency,True,success,False,False,
pm_css,pm_css-n11k2-s433,433,11,2,9,signatures,True,success,False,False,
pm_css,pm_css-n11k2-s858,858,11,2,9,linear_dependency,True,success,False,False,
pm_css,pm_css-n11k2-s858,858,11,2,9,signatures,True,success,False,False,
pm_css,pm_css-n11k2-s85,85,11,2,9,linear_dependency,False,success,False,False,
pm_css,pm_css-n11k2-s85,85,11,2,9,signatures,True,success,False,False,
pm_css,pm_css-n11k2-s697,697,11,2,9,linear_dependency,True,success,False,False,
pm_css,pm_css-n11k2-s697,697,11,2,9,signatures,True,success,False,False,
pm_css,pm_css-n11k2-s201,201,11,2,9,linear_dependency,False,success,False,False,
pm_css,pm_css-n11k2-s201,201,11,2,9,signatures,True,success,False,False,
pm_css,pm_css-n11k2-s94,94,11,2,9,linear_dependency,True,success,False,False,
pm_css,pm_css-n11k2-s94,94,11,2,9,signatures,True,success,False,False,
pm_css,pm_css-n11k4-s89,89,11,4,7,linear_dependency,True,success,False,False,
pm_css,pm_css-n11k4-s89,89,11,4,7,signatures,True,success,False,False,
pm_css,pm_css-n11k4-s773,773,11,4,7,linear_dependency,True,success,False,False,
pm_css,pm_css-n11k4-s773,773,11,4,7,signatures,True,success,False,False,
pm_css,pm_css-n11k4-s654,654,11,4,7,linear_dependency,True,success,False,False,
pm_css,pm_css-n11k4-s654,654,11,4,7,signatures,True,success,False,False,
pm_css,pm_css-n11k4-s438,438,11,4,7,linear_dependency,True,success,False,False,
pm_css,pm_css-n11k4-s438,438,11,4,7,signatures,True,success,False,False,
pm_css,pm_css-n11k4-s433,433,11,4,7,linear_dependency,True,success,False,False,
pm_css,pm_css-n11k4-s433,433,11,4,7,signatures,True,success,False,False,
pm_css,pm_css-n11k4-s858,858,11,4,7,linear_dependency,True,success,False,False,
pm_css,pm_css-n11k4-s858,858,11,4,7,signatures,True,success,False,False,
pm_css,pm_css-n11k4-s85,85,11,4,7,linear_dependency,True,success,False,False,
pm_css,pm_css-n11k4-s85,85,11,4,7,signatures,True,success,False,False,
pm_css,pm_css-n11k4-s697,697,11,4,7,linear_dependency,True,success,False,False,
pm_css,pm_css-n11k4-s697,697,11,4,7,signatures,True,success,False,False,
pm_css,pm_css-n11k4-s201,201,11,4,7,linear_dependency,True,success,False,False,
pm_css,pm_css-n11k4-s201,201,11,4,7,signatures,True,success,False,False,
pm_css,pm_css-n11k4-s94,94,11,4,7,linear_dependency,True,success,False,False,
pm_css,pm_css-n11k4-s94,94,11,4,7,signatures,True,success,False,False,
pm_css,pm_css-n11k6-s89,89,11,6,5,linear_dependency,True,success,False,False,
pm_css,pm_css-n11k6-s89,89,11,6,5,signatures,True,success,False,False,
pm_css,pm_css-n11k6-s773,773,11,6,5,linear_dependency,True,success,False,False,
pm_css,pm_css-n11k6-s773,773,11,6,5,signatures,True,success,False,False,
pm_css,pm_css-n11k6-s654,654,11,6,5,linear_dependency,True,success,False,False,
pm_css,pm_css-n11k6-s654,654,11,6,5,signatures,True,success,False,False,
pm_css,pm_css-n11k6-s438,438,11,6,5,linear_dependency,True,success,False,False,
pm_css,pm_css-n11k6-s438,438,11,6,5,signatures,True,success,False,False,
pm_css,pm_css-n11k6-s433,433,11,6,5,linear_dependency,True,success,False,False,
pm_css,pm_css-n11k6-s433,433,11,6,5,signatures,True,success,False,False,
pm_css,pm_css-n11k6-s858,858,11,6,5,linear_dependency,True,success,False,False,
pm_css,pm_css-n11k6-s858,858,11,6,5,signatures,True,success,False,False,
pm_css,pm_css-n11k6-s85,85,11,6,5,linear_dependency,True,success,False,False,
pm_css,pm_css-n11k6-s85,85,11,6,5,signatures,True,success,False,False,
pm_css,pm_css-n11k6-s697,697,11,6,5,linear_dependency,True,success,False,False,
pm_css,pm_css-n11k6-s697,697,11,6,5,signatures,True,success,False,False,
pm_css,pm_css-n11k6-s201,201,11,6,5,linear_dependency,True,success,False,False,
pm_css,pm_css-n11k6-s201,201,11,6,5,signatures,True,success,False,False,
pm_css,pm_css-n11k6-s94,94,11,6,5,linear_dependency,True,success,False,False,
pm_css,pm_css-n11k6-s94,94,11,6,5,signatures,True,success,False,False,
pm_css,pm_css-n11k8-s89,89,11,8,3,linear_dependency,True,success,False,False,
pm_css,pm_css-n11k8-s89,89,11,8,3,signatures,True,success,False,False,
pm_css,pm_css-n11k8-s773,773,11,8,3,linear_dependency,True,success,False,False,
pm_css,pm_css-n11k8-s773,773,11,8,3,signatures,True,success,False,False,
pm_css,pm_css-n11k8-s654,654,11,8,3,linear_dependency,True,success,False,False,
pm_css,pm_css-n11k8-s654,654,11,8,3,signatures,True,success,False,False,
pm_css,pm_css-n11k8-s438,438,11,8,3,linear_dependency,True,success,False,False,
pm_css,pm_css-n11k8-s438,438,11,8,3,signatures,True,success,False,False,
pm_css,pm_css-n11k8-s433,433,11,8,3,linear_dependency,True,success,False,False,
pm_css,pm_css-n11k8-s433,433,11,8,3,signatures,True,success,False,False,
pm_css,pm_css-n11k8-s858,858,11,8,3,linear_dependency,True,success,False,False,
pm_css,pm_css-n11k8-s858,858,11,8,3,signatures,True,success,False,False,
pm_css,pm_css-n11k8-s85,85,11,8,3,linear_dependency,True,success,False,False,
pm_css,pm_css-n11k8-s85,85,11,8,3,signatures,True,success,False,False,
pm_css,pm_css-n11k8-s697,697,11,8,3,linear_dependency,True,success,False,False,
pm_css,pm_css-n11k8-s697,697,11,8,3,signatures,True,success,False,False,
pm_css,pm_css-n11k8-s201,201,11,8,3,linear_dependency,True,success,False,False,
pm_css,pm_css-n11k8-s201,201,11,8,3,signatures,True,success,False,False,
pm_css,pm_css-n11k8-s94,94,11,8,3,linear_dependency,True,success,False,False,
pm_css,pm_css-n11k8-s94,94,11,8,3,signatures,True,success,False,False,
pm_css,pm_css-n11k10-s89,89,11,10,1,linear_dependency,True,success,False,False,
pm_css,pm_css-n11k10-s89,89,11,10,1,signatures,True,success,False,False,
pm_css,pm_css-n11k10-s773,773,11,10,1,linear_dependency,True,success,False,False,
pm_css,pm_css-n11k10-s773,773,11,10,1,signatures,True,success,False,False,
pm_css,pm_css-n11k10-s654,654,11,10,1,linear_dependency,True,success,False,False,
pm_css,pm_css-n11k10-s654,654,11,10,1,signatures,True,success,False,False,
pm_css,pm_css-n11k10-s438,438,11,10,1,linear_dependency,True,success,False,False,
pm_css,pm_css-n11k10-s438,438,11,10,1,signatures,True,success,False,False,
pm_css,pm_css-n11k10-s433,433,11,10,1,linear_dependency,True,success,False,False,
pm_css,pm_css-n11k10-s433,433,11,10,1,signatures,True,success,False,False,
pm_css,pm_css-n11k10-s858,858,11,10,1,linear_dependency,True,success,False,False,
pm_css,pm_css-n11k10-s858,858,11,10,1,signatures,True,success,False,False,
pm_css,pm_css-n11k10-s85,85,11,10,1,linear_dependency,True,success,False,False,
pm_css,pm_css-n11k10-s85,85,11,10,1,signatures,True,success,False,False,
pm_css,pm_css-n11k10-s697,697,11,10,1,linear_dependency,True,success,False,False,
pm_css,pm_css-n11k10-s697,697,11,10,1,signatures,True,success,False,False,
pm_css,pm_css-n11k10-s201,201,11,10,1,linear_dependency,True,success,False,False,
pm_css,pm_css-n11k10-s201,201,11,10,1,signatures,True,success,False,False,
pm_css,pm_css-n11k10-s94,94,11,10,1,linear_dependency,True,success,False,False,
pm_css,pm_css-n11k10-s94,94,11,10,1,signatures,True,success,False,False,
pm_css,pm_css-n12k0-s89,89,12,0,12,linear_dependency,True,success,False,False,
pm_css,pm_css-n12k0-s89,89,12,0,12,signatures,True,success,False,False,
pm_css,pm_css-n12k0-s773,773,12,0,12,linear_dependency,True,success,False,False,
pm_css,pm_css-n12k0-s773,773,12,0,12,signatures,True,success,False,False,
pm_css,pm_css-n12k0-s654,654,12,0,12,linear_dependency,True,success,False,False,
pm_css,pm_css-n12k0-s654,654,12,0,12,signatures,True,success,False,False,
pm_css,pm_css-n12k0-s438,438,12,0,12,linear_dependency,True,success,False,False,
pm_css,pm_css-n12k0-s438,438,12,0,12,signatures,True,success,False,False,
pm_css,pm_css-n12k0-s433,433,12,0,12,linear_dependency,True,success,False,False,
pm_css,pm_css-n12k0-s433,433,12,0,12,signatures,True,success,False,False,
pm_css,pm_css-n12k0-s858,858,12,0,12,linear_dependency,True,success,False,False,
pm_css,pm_css-n12k0-s858,858,12,0,12,signatures,True,success,False,False,
pm_css,pm_css-n12k0-s85,85,12,0,12,linear_dependency,True,success,False,False,
pm_css,pm_css-n12k0-s85,85,12,0,12,signatures,True,success,False,False,
pm_css,pm_css-n12k0-s697,697,12,0,12,linear_dependency,True,success,False,False,
pm_css,pm_css-n12k0-s697,697,12,0,12,signatures,True,success,False,False,
pm_css,pm_css-n12k0-s201,201,12,0,12,linear_dependency,True,success,False,False,
pm_css,pm_css-n12k0-s201,201,12,0,12,signatures,True,success,False,False,
pm_css,pm_css-n12k0-s94,94,12,0,12,linear_dependency,True,success,False,False,
pm_css,pm_css-n12k0-s94,94,12,0,12,signatures,True,success,False,False,
pm_css,pm_css-n12k2-s89,89,12,2,10,linear_dependency,True,success,False,False,
pm_css,pm_css-n12k2-s89,89,12,2,10,signatures,True,success,False,False,
pm_css,pm_css-n12k2-s773,773,12,2,10,linear_dependency,True,success,False,False,
pm_css,pm_css-n12k2-s773,773,12,2,10,signatures,True,success,False,False,
pm_css,pm_css-n12k2-s654,654,12,2,10,linear_dependency,True,success,False,False,
pm_css,pm_css-n12k2-s654,654,12,2,10,signatures,True,success,False,False,
pm_css,pm_css-n12k2-s438,438,12,2,10,linear_dependency,False,success,False,False,
pm_css,pm_css-n12k2-s438,438,12,2,10,signatures,True,success,False,False,
pm_css,pm_css-n12k2-s433,433,12,2,10,linear_dependency,False,success,False,False,
pm_css,pm_css-n12k2-s433,433,12,2,10,signatures,True,success,False,False,
pm_css,pm_css-n12k2-s858,858,12,2,10,linear_dependency,False,success,False,False,
pm_css,pm_css-n12k2-s858,858,12,2,10,signatures,True,success,False,False,
pm_css,pm_css-n12k2-s85,85,12,2,10,linear_dependency,True,success,False,False,
pm_css,pm_css-n12k2-s85,85,12,2,10,signatures,True,success,False,False,
pm_css,pm_css-n12k2-s697,697,12,2,10,linear_dependency,False,success,False,False,
pm_css,pm_css-n12k2-s697,697,12,2,10,signatures,True,success,False,False,
pm_css,pm_css-n12k2-s201,201,12,2,10,linear_dependency,True,success,False,False,
pm_css,pm_css-n12k2-s201,201,12,2,10,signatures,True,success,False,False,
pm_css,pm_css-n12k2-s94,94,12,2,10,linear_dependency,True,success,False,False,
pm_css,pm_css-n12k2-s94,94,12,2,10,signatures,True,success,False,False,
pm_css,pm_css-n12k4-s89,89,12,4,8,linear_dependency,True,success,False,False,
pm_css,pm_css-n12k4-s89,89,12,4,8,signatures,True,success,False,False,
pm_css,pm_css-n12k4-s773,773,12,4,8,linear_dependency,True,success,False,False,
pm_css,pm_css-n12k4-s773,773,12,4,8,signatures,True,success,False,False,
pm_css,pm_css-n12k4-s654,654,12,4,8,linear_dependency,True,success,False,False,
pm_css,pm_css-n12k4-s654,654,12,4,8,signatures,True,success,False,False,
pm_css,pm_css-n12k4-s438,438,12,4,8,linear_dependency,True,success,False,False,
pm_css,pm_css-n12k4-s438,438,12,4,8,signatures,True,success,False,False,
pm_css,pm_css-n12k4-s433,433,12,4,8,linear_dependency,False,success,False,False,
pm_css,pm_css-n12k4-s433,433,12,4,8,signatures,True,success,False,False,
pm_css,pm_css-n12k4-s858,858,12,4,8,linear_dependency,True,success,False,False,
pm_css,pm_css-n12k4-s858,858,12,4,8,signatures,True,success,False,False,
pm_css,pm_css-n12k4-s85,85,12,4,8,linear_dependency,False,success,False,False,
pm_css,pm_css-n12k4-s85,85,12,4,8,signatures,True,success,False,False,
pm_css,pm_css-n12k4-s697,697,12,4,8,linear_dependency,False,success,False,False,
pm_css,pm_css-n12k4-s697,697,12,4,8,signatures,True,success,False,False,
pm_css,pm_css-n12k4-s201,201,12,4,8,linear_dependency,True,success,False,False,
pm_css,pm_css-n12k4-s201,201,12,4,8,signatures,True,success,False,False,
pm_css,pm_css-n12k4-s94,94,12,4,8,linear_dependency,True,success,False,False,
pm_css,pm_css-n12k4-s94,94,12,4,8,signatures,True,success,False,False,
pm_css,pm_css-n12k6-s89,89,12,6,6,linear_dependency,True,success,False,False,
pm_css,pm_css-n12k6-s89,89,12,6,6,signatures,True,success,False,False,
pm_css,pm_css-n12k6-s773,773,12,6,6,linear_dependency,True,success,False,False,
pm_css,pm_css-n12k6-s773,773,12,6,6,signatures,True,success,False,False,
pm_css,pm_css-n12k6-s654,654,12,6,6,linear_dependency,True,success,False,False,
pm_css,pm_css-n12k6-s654,654,12,6,6,signatures,True,success,False,False,
pm_css,pm_css-n12k6-s438,438,12,6,6,linear_dependency,True,success,False,False,
pm_css,pm_css-n12k6-s438,438,12,6,6,signatures,True,success,False,False,
pm_css,pm_css-n12k6-s433,433,12,6,6,linear_dependency,True,success,False,False,
pm_css,pm_css-n12k6-s433,433,12,6,6,signatures,True,success,False,False,
pm_css,pm_css-n12k6-s858,858,12,6,6,linear_dependency,True,success,False,False,
pm_css,pm_css-n12k6-s858,858,12,6,6,signatures,True,success,False,False,
pm_css,pm_css-n12k6-s85,85,12,6,6,linear_dependency,True,success,False,False,
pm_css,pm_css-n12k6-s85,85,12,6,6,signatures,True,success,False,False,
pm_css,pm_css-n12k6-s697,697,12,6,6,linear_dependency,True,success,False,False,
pm_css,pm_css-n12k6-s697,697,12,6,6,signatures,True,success,False,False,
pm_css,pm_css-n12k6-s201,201,12,6,6,linear_dependency,True,success,False,False,
pm_css,pm_css-n12k6-s201,201,12,6,6,signatures,True,success,False,False,
pm_css,pm_css-n12k6-s94,94,12,6,6,linear_dependency,True,success,False,False,
pm_css,pm_css-n12k6-s94,94,12,6,6,signatures,True,success,False,False,
pm_css,pm_css-n12k8-s89,89,12,8,4,linear_dependency,True,success,False,False,
pm_css,pm_css-n12k8-s89,89,12,8,4,signatures,True,success,False,False,
pm_css,pm_css-n12k8-s773,773,12,8,4,linear_dependency,True,success,False,False,
pm_css,pm_css-n12k8-s773,773,12,8,4,signatures,True,success,False,False,
pm_css,pm_css-n12k8-s654,654,12,8,4,linear_dependency,True,success,False,False,
pm_css,pm_css-n12k8-s654,654,12,8,4,signatures,False,success,False,False,
pm_css,pm_css-n12k8-s438,438,12,8,4,linear_dependency,True,success,False,False,
pm_css,pm_css-n12k8-s438,438,12,8,4,signatures,True,success,False,False,
pm_css,pm_css-n12k8-s433,433,12,8,4,linear_dependency,True,success,False,False,
pm_css,pm_css-n12k8-s433,433,12,8,4,signatures,True,success,False,False,
pm_css,pm_css-n12k8-s858,858,12,8,4,linear_dependency,True,success,False,False,
pm_css,pm_css-n12k8-s858,858,12,8,4,signatures,True,success,False,False,
pm_css,pm_css-n12k8-s85,85,12,8,4,linear_dependency,True,success,False,False,
pm_css,pm_css-n12k8-s85,85,12,8,4,signatures,True,success,False,False,
pm_css,pm_css-n12k8-s697,697,12,8,4,linear_dependency,True,success,False,False,
pm_css,pm_css-n12k8-s697,697,12,8,4,signatures,True,success,False,False,
pm_css,pm_css-n12k8-s201,201,12,8,4,linear_dependency,True,success,False,False,
pm_css,pm_css-n12k8-s201,201,12,8,4,signatures,True,success,False,False,
pm_css,pm_css-n12k8-s94,94,12,8,4,linear_dependency,True,success,False,False,
pm_css,pm_css-n12k8-s94,94,12,8,4,signatures,True,success,False,False,
pm_css,pm_css-n12k10-s89,89,12,10,2,linear_dependency,True,success,False,False,
pm_css,pm_css-n12k10-s89,89,12,10,2,signatures,True,success,False,False,
pm_css,pm_css-n12k10-s773,773,12,10,2,linear_dependency,True,success,False,False,
pm_css,pm_css-n12k10-s773,773,12,10,2,signatures,True,success,False,False,
pm_css,pm_css-n12k10-s654,654,12,10,2,linear_dependency,True,success,False,False,
pm_css,pm_css-n12k10-s654,654,12,10,2,signatures,True,success,False,False,
pm_css,pm_css-n12k10-s438,438,12,10,2,linear_dependency,True,success,False,False,
pm_css,pm_css-n12k10-s438,438,12,10,2,signatures,True,success,False,False,
pm_css,pm_css-n12k10-s433,433,12,10,2,linear_dependency,True,success,False,False,
pm_css,pm_css-n12k10-s433,433,12,10,2,signatures,True,success,False,False,
pm_css,pm_css-n12k10-s858,858,12,10,2,linear_dependency,True,success,False,False,
pm_css,pm_css-n12k10-s858,858,12,10,2,signatures,True,success,False,False,
pm_css,pm_css-n12k10-s85,85,12,10,2,linear_dependency,True,success,False,False,
pm_css,pm_css-n12k10-s85,85,12,10,2,signatures,True,success,False,False,
pm_css,pm_css-n12k10-s697,697,12,10,2,linear_dependency,True,success,False,False,
pm_css,pm_css-n12k10-s697,697,12,10,2,signatures,True,success,False,False,
pm_css,pm_css-n12k10-s201,201,12,10,2,linear_dependency,True,success,False,False,
pm_css,pm_css-n12k10-s201,201,12,10,2,signatures,True,success,False,False,
pm_css,pm_css-n12k10-s94,94,12,10,2,linear_dependency,True,success,False,False,
pm_css,pm_css-n12k10-s94,94,12,10,2,signatures,True,success,False,False,
pm_css,pm_css-n13k0-s89,89,13,0,13,linear_dependency,True,success,False,False,
pm_css,pm_css-n13k0-s89,89,13,0,13,signatures,True,success,False,False,
pm_css,pm_css-n13k0-s773,773,13,0,13,linear_dependency,True,success,False,False,
pm_css,pm_css-n13k0-s773,773,13,0,13,signatures,True,success,False,False,
pm_css,pm_css-n13k0-s654,654,13,0,13,linear_dependency,True,success,False,False,
pm_css,pm_css-n13k0-s654,654,13,0,13,signatures,True,success,False,False,
pm_css,pm_css-n13k0-s438,438,13,0,13,linear_dependency,True,success,False,False,
pm_css,pm_css-n13k0-s438,438,13,0,13,signatures,True,success,False,False,
pm_css,pm_css-n13k0-s433,433,13,0,13,linear_dependency,True,success,False,False,
pm_css,pm_css-n13k0-s433,433,13,0,13,signatures,True,success,False,False,
pm_css,pm_css-n13k0-s858,858,13,0,13,linear_dependency,True,success,False,False,
pm_css,pm_css-n13k0-s858,858,13,0,13,signatures,True,success,False,False,
pm_css,pm_css-n13k0-s85,85,13,0,13,linear_dependency,True,success,False,False,
pm_css,pm_css-n13k0-s85,85,13,0,13,signatures,True,success,False,False,
pm_css,pm_css-n13k0-s697,697,13,0,13,linear_dependency,True,success,False,False,
pm_css,pm_css-n13k0-s697,697,13,0,13,signatures,True,success,False,False,
pm_css,pm_css-n13k0-s201,201,13,0,13,linear_dependency,True,success,False,False,
pm_css,pm_css-n13k0-s201,201,13,0,13,signatures,True,success,False,False,
pm_css,pm_css-n13k0-s94,94,13,0,13,linear_dependency,True,success,False,False,
pm_css,pm_css-n13k0-s94,94,13,0,13,signatures,True,success,False,False,
pm_css,pm_css-n13k2-s89,89,13,2,11,linear_dependency,True,success,False,False,
pm_css,pm_css-n13k2-s89,89,13,2,11,signatures,True,success,False,False,
pm_css,pm_css-n13k2-s773,773,13,2,11,linear_dependency,True,success,False,False,
pm_css,pm_css-n13k2-s773,773,13,2,11,signatures,True,success,False,False,
pm_css,pm_css-n13k2-s654,654,13,2,11,linear_dependency,True,success,False,False,
pm_css,pm_css-n13k2-s654,654,13,2,11,signatures,True,success,False,False,
pm_css,pm_css-n13k2-s438,438,13,2,11,linear_dependency,False,success,False,False,
pm_css,pm_css-n13k2-s438,438,13,2,11,signatures,True,success,False,False,
pm_css,pm_css-n13k2-s433,433,13,2,11,linear_dependency,True,success,False,False,
pm_css,pm_css-n13k2-s433,433,13,2,11,signatures,True,success,False,False,
pm_css,pm_css-n13k2-s858,858,13,2,11,linear_dependency,True,success,False,False,
pm_css,pm_css-n13k2-s858,858,13,2,11,signatures,True,success,False,False,
pm_css,pm_css-n13k2-s85,85,13,2,11,linear_dependency,False,success,False,False,
pm_css,pm_css-n13k2-s85,85,13,2,11,signatures,True,success,False,False,
pm_css,pm_css-n13k2-s697,697,13,2,11,linear_dependency,False,success,False,False,
pm_css,pm_css-n13k2-s697,697,13,2,11,signatures,True,success,False,False,
pm_css,pm_css-n13k2-s201,201,13,2,11,linear_dependency,True,success,False,False,
pm_css,pm_css-n13k2-s201,201,13,2,11,signatures,True,success,False,False,
pm_css,pm_css-n13k2-s94,94,13,2,11,linear_dependency,True,success,False,False,
pm_css,pm_css-n13k2-s94,94,13,2,11,signatures,True,success,False,False,
pm_css,pm_css-n13k4-s89,89,13,4,9,linear_dependency,True,success,False,False,
pm_css,pm_css-n13k4-s89,89,13,4,9,signatures,True,success,False,False,
pm_css,pm_css-n13k4-s773,773,13,4,9,linear_dependency,True,success,False,False,
pm_css,pm_css-n13k4-s773,773,13,4,9,signatures,True,success,False,False,
pm_css,pm_css-n13k4-s654,654,13,4,9,linear_dependency,True,success,False,False,
pm_css,pm_css-n13k4-s654,654,13,4,9,signatures,True,success,False,False,
pm_css,pm_css-n13k4-s438,438,13,4,9,linear_dependency,True,success,False,False,
pm_css,pm_css-n13k4-s438,438,13,4,9,signatures,True,success,False,False,
pm_css,pm_css-n13k4-s433,433,13,4,9,linear_dependency,True,success,False,False,
pm_css,pm_css-n13k4-s433,433,13,4,9,signatures,True,success,False,False,
pm_css,pm_css-n13k4-s858,858,13,4,9,linear_dependency,True,success,False,False,
pm_css,pm_css-n13k4-s858,858,13,4,9,signatures,True,success,False,False,
pm_css,pm_css-n13k4-s85,85,13,4,9,linear_dependency,True,success,False,False,
pm_css,pm_css-n13k4-s85,85,13,4,9,signatures,True,success,False,False,
pm_css,pm_css-n13k4-s697,697,13,4,9,linear_dependency,True,success,False,False,
pm_css,pm_css-n13k4-s697,697,13,4,9,signatures,True,success,False,False,
pm_css,pm_css-n13k4-s201,201,13,4,9,linear_dependency,True,success,False,False,
pm_css,pm_css-n13k4-s201,201,13,4,9,signatures,True,success,False,False,
pm_css,pm_css-n13k4-s94,94,13,4,9,linear_dependency,True,success,False,False,
pm_css,pm_css-n13k4-s94,94,13,4,9,signatures,True,success,False,False,
pm_css,pm_css-n13k6-s89,89,13,6,7,linear_dependency,True,success,False,False,
pm_css,pm_css-n13k6-s89,89,13,6,7,signatures,True,success,False,False,
pm_css,pm_css-n13k6-s773,773,13,6,7,linear_dependency,True,success,False,False,
pm_css,pm_css-n13k6-s773,773,13,6,7,signatures,True,success,False,False,
pm_css,pm_css-n13k6-s654,654,13,6,7,linear_dependency,True,success,False,False,
pm_css,pm_css-n13k6-s654,654,13,6,7,signatures,True,success,False,False,
pm_css,pm_css-n13k6-s438,438,13,6,7,linear_dependency,True,success,False,False,
pm_css,pm_css-n13k6-s438,438,13,6,7,signatures,True,success,False,False,
pm_css,pm_css-n13k6-s433,433,13,6,7,linear_dependency,True,success,False,False,
pm_css,pm_css-n13k6-s433,433,13,6,7,signatures,True,success,False,False,
pm_css,pm_css-n13k6-s858,858,13,6,7,linear_dependency,False,success,False,False,
pm_css,pm_css-n13k6-s858,858,13,6,7,signatures,True,success,False,False,
pm_css,pm_css-n13k6-s85,85,13,6,7,linear_dependency,True,success,False,False,
pm_css,pm_css-n13k6-s85,85,13,6,7,signatures,True,success,False,False,
pm_css,pm_css-n13k6-s697,697,13,6,7,linear_dependency,True,success,False,False,
pm_css,pm_css-n13k6-s697,697,13,6,7,signatures,True,success,False,False,
pm_css,pm_css-n13k6-s201,201,13,6,7,linear_dependency,True,success,False,False,
pm_css,pm_css-n13k6-s201,201,13,6,7,signatures,True,success,False,False,
pm_css,pm_css-n13k6-s94,94,13,6,7,linear_dependency,True,success,False,False,
pm_css,pm_css-n13k6-s94,94,13,6,7,signatures,True,success,False,False,
pm_css,pm_css-n13k8-s89,89,13,8,5,linear_dependency,True,success,False,False,
pm_css,pm_css-n13k8-s89,89,13,8,5,signatures,True,success,False,False,
pm_css,pm_css-n13k8-s773,773,13,8,5,linear_dependency,True,success,False,False,
pm_css,pm_css-n13k8-s773,773,13,8,5,signatures,True,success,False,False,
pm_css,pm_css-n13k8-s654,654,13,8,5,linear_dependency,True,success,False,False,
pm_css,pm_css-n13k8-s654,654,13,8,5,signatures,True,success,False,False,
pm_css,pm_css-n13k8-s438,438,13,8,5,linear_dependency,True,success,False,False,
pm_css,pm_css-n13k8-s438,438,13,8,5,signatures,True,success,False,False,
pm_css,pm_css-n13k8-s433,433,13,8,5,linear_dependency,True,success,False,False,
pm_css,pm_css-n13k8-s433,433,13,8,5,signatures,True,success,False,False,
pm_css,pm_css-n13k8-s858,858,13,8,5,linear_dependency,True,success,False,False,
pm_css,pm_css-n13k8-s858,858,13,8,5,signatures,True,success,False,False,
pm_css,pm_css-n13k8-s85,85,13,8,5,linear_dependency,True,success,False,False,
pm_css,pm_css-n13k8-s85,85,13,8,5,signatures,True,success,False,False,
pm_css,pm_css-n13k8-s697,697,13,8,5,linear_dependency,True,success,False,False,
pm_css,pm_css-n13k8-s697,697,13,8,5,signatures,True,success,False,False,
pm_css,pm_css-n13k8-s201,201,13,8,5,linear_dependency,True,success,False,False,
pm_css,pm_css-n13k8-s201,201,13,8,5,signatures,True,success,False,False,
pm_css,pm_css-n13k8-s94,94,13,8,5,linear_dependency,True,success,False,False,
pm_css,pm_css-n13k8-s94,94,13,8,5,signatures,True,success,False,False,
pm_css,pm_css-n13k10-s89,89,13,10,3,linear_dependency,True,success,False,False,
pm_css,pm_css-n13k10-s89,89,13,10,3,signatures,True,success,False,False,
pm_css,pm_css-n13k10-s773,773,13,10,3,linear_dependency,True,success,False,False,
pm_css,pm_css-n13k10-s773,773,13,10,3,signatures,True,success,False,False,
pm_css,pm_css-n13k10-s654,654,13,10,3,linear_dependency,True,success,False,False,
pm_css,pm_css-n13k10-s654,654,13,10,3,signatures,True,success,False,False,
pm_css,pm_css-n13k10-s438,438,13,10,3,linear_dependency,True,success,False,False,
pm_css,pm_css-n13k10-s438,438,13,10,3,signatures,True,success,False,False,
pm_css,pm_css-n13k10-s433,433,13,10,3,linear_dependency,True,success,False,False,
pm_css,pm_css-n13k10-s433,433,13,10,3,signatures,True,success,False,False,
pm_css,pm_css-n13k10-s858,858,13,10,3,linear_dependency,True,success,False,False,
pm_css,pm_css-n13k10-s858,858,13,10,3,signatures,True,success,False,False,
pm_css,pm_css-n13k10-s85,85,13,10,3,linear_dependency,True,success,False,False,
pm_css,pm_css-n13k10-s85,85,13,10,3,signatures,True,success,False,False,
pm_css,pm_css-n13k10-s697,697,13,10,3,linear_dependency,True,success,False,False,
pm_css,pm_css-n13k10-s697,697,13,10,3,signatures,True,success,False,False,
pm_css,pm_css-n13k10-s201,201,13,10,3,linear_dependency,True,success,False,False,
pm_css,pm_css-n13k10-s201,201,13,10,3,signatures,True,success,False,False,
pm_css,pm_css-n13k10-s94,94,13,10,3,linear_dependency,True,success,False,False,
pm_css,pm_css-n13k10-s94,94,13,10,3,signatures,True,success,False,False,
pm_css,pm_css-n13k12-s89,89,13,12,1,linear_dependency,True,success,False,False,
pm_css,pm_css-n13k12-s89,89,13,12,1,signatures,True,success,False,False,
pm_css,pm_css-n13k12-s773,773,13,12,1,linear_dependency,True,success,False,False,
pm_css,pm_css-n13k12-s773,773,13,12,1,signatures,True,success,False,False,
pm_css,pm_css-n13k12-s654,654,13,12,1,linear_dependency,True,success,False,False,
pm_css,pm_css-n13k12-s654,654,13,12,1,signatures,True,success,False,False,
pm_css,pm_css-n13k12-s438,438,13,12,1,linear_dependency,True,success,False,False,
pm_css,pm_css-n13k12-s438,438,13,12,1,signatures,True,success,False,False,
pm_css,pm_css-n13k12-s433,433,13,12,1,linear_dependency,True,success,False,False,
pm_css,pm_css-n13k12-s433,433,13,12,1,signatures,True,success,False,False,
pm_css,pm_css-n13k12-s858,858,13,12,1,linear_dependency,True,success,False,False,
pm_css,pm_css-n13k12-s858,858,13,12,1,signatures,True,success,False,False,
pm_css,pm_css-n13k12-s85,85,13,12,1,linear_dependency,True,success,False,False,
pm_css,pm_css-n13k12-s85,85,13,12,1,signatures,True,success,False,False,
pm_css,pm_css-n13k12-s697,697,13,12,1,linear_dependency,True,success,False,False,
pm_css,pm_css-n13k12-s697,697,13,12,1,signatures,True,success,False,False,
pm_css,pm_css-n13k12-s201,201,13,12,1,linear_dependency,True,success,False,False,
pm_css,pm_css-n13k12-s201,201,13,12,1,signatures,True,success,False,False,
pm_css,pm_css-n13k12-s94,94,13,12,1,linear_dependency,True,success,False,False,
pm_css,pm_css-n13k12-s94,94,13,12,1,signatures,True,success,False,False,
pm_css,pm_css-n14k0-s89,89,14,0,14,linear_dependency,True,success,False,False,
pm_css,pm_css-n14k0-s89,89,14,0,14,signatures,True,success,False,False,
pm_css,pm_css-n14k0-s773,773,14,0,14,linear_dependency,True,success,False,False,
pm_css,pm_css-n14k0-s773,773,14,0,14,signatures,True,success,False,False,
pm_css,pm_css-n14k0-s654,654,14,0,14,linear_dependency,True,success,False,False,
pm_css,pm_css-n14k0-s654,654,14,0,14,signatures,True,success,False,False,
pm_css,pm_css-n14k0-s438,438,14,0,14,linear_dependency,True,success,False,False,
pm_css,pm_css-n14k0-s438,438,14,0,14,signatures,True,success,False,False,
pm_css,pm_css-n14k0-s433,433,14,0,14,linear_dependency,True,success,False,False,
pm_css,pm_css-n14k0-s433,433,14,0,14,signatures,True,success,False,False,
pm_css,pm_css-n14k0-s858,858,14,0,14,linear_dependency,True,success,False,False,
pm_css,pm_css-n14k0-s858,858,14,0,14,signatures,True,success,False,False,
pm_css,pm_css-n14k0-s85,85,14,0,14,linear_dependency,True,success,False,False,
pm_css,pm_css-n14k0-s85,85,14,0,14,signatures,True,success,False,False,
pm_css,pm_css-n14k0-s697,697,14,0,14,linear_dependency,True,success,False,False,
pm_css,pm_css-n14k0-s697,697,14,0,14,signatures,True,success,False,False,
pm_css,pm_css-n14k0-s201,201,14,0,14,linear_dependency,True,success,False,False,
pm_css,pm_css-n14k0-s201,201,14,0,14,signatures,True,success,False,False,
pm_css,pm_css-n14k0-s94,94,14,0,14,linear_dependency,True,success,False,False,
pm_css,pm_css-n14k0-s94,94,14,0,14,signatures,True,success,False,False,
pm_css,pm_css-n14k2-s89,89,14,2,12,linear_dependency,True,success,False,False,
pm_css,pm_css-n14k2-s89,89,14,2,12,signatures,True,success,False,False,
pm_css,pm_css-n14k2-s773,773,14,2,12,linear_dependency,False,success,False,False,
pm_css,pm_css-n14k2-s773,773,14,2,12,signatures,True,success,False,False,
pm_css,pm_css-n14k2-s654,654,14,2,12,linear_dependency,True,success,False,False,
pm_css,pm_css-n14k2-s654,654,14,2,12,signatures,True,success,False,False,
pm_css,pm_css-n14k2-s438,438,14,2,12,linear_dependency,True,success,False,False,
pm_css,pm_css-n14k2-s438,438,14,2,12,signatures,True,success,False,False,
pm_css,pm_css-n14k2-s433,433,14,2,12,linear_dependency,True,success,False,False,
pm_css,pm_css-n14k2-s433,433,14,2,12,signatures,True,success,False,False,
pm_css,pm_css-n14k2-s858,858,14,2,12,linear_dependency,False,success,False,False,
pm_css,pm_css-n14k2-s858,858,14,2,12,signatures,True,success,False,False,
pm_css,pm_css-n14k2-s85,85,14,2,12,linear_dependency,True,success,False,False,
pm_css,pm_css-n14k2-s85,85,14,2,12,signatures,True,success,False,False,
pm_css,pm_css-n14k2-s697,697,14,2,12,linear_dependency,True,success,False,False,
pm_css,pm_css-n14k2-s697,697,14,2,12,signatures,True,success,False,False,
pm_css,pm_css-n14k2-s201,201,14,2,12,linear_dependency,True,success,False,False,
pm_css,pm_css-n14k2-s201,201,14,2,12,signatures,True,success,False,False,
pm_css,pm_css-n14k2-s94,94,14,2,12,linear_dependency,True,success,False,False,
pm_css,pm_css-n14k2-s94,94,14,2,12,signatures,True,success,False,False,
pm_css,pm_css-n14k4-s89,89,14,4,10,linear_dependency,True,success,False,False,
pm_css,pm_css-n14k4-s89,89,14,4,10,signatures,True,success,False,False,
pm_css,pm_css-n14k4-s773,773,14,4,10,linear_dependency,True,success,False,False,
pm_css,pm_css-n14k4-s773,773,14,4,10,signatures,True,success,False,False,
pm_css,pm_css-n14k4-s654,654,14,4,10,linear_dependency,True,success,False,False,
pm_css,pm_css-n14k4-s654,654,14,4,10,signatures,True,success,False,False,
pm_css,pm_css-n14k4-s438,438,14,4,10,linear_dependency,True,success,False,False,
pm_css,pm_css-n14k4-s438,438,14,4,10,signatures,True,success,False,False,
pm_css,pm_css-n14k4-s433,433,14,4,10,linear_dependency,True,success,False,False,
pm_css,pm_css-n14k4-s433,433,14,4,10,signatures,True,success,False,False,
pm_css,pm_css-n14k4-s858,858,14,4,10,linear_dependency,False,success,False,False,
pm_css,pm_css-n14k4-s858,858,14,4,10,signatures,True,success,False,False,
pm_css,pm_css-n14k4-s85,85,14,4,10,linear_dependency,True,success,False,False,
pm_css,pm_css-n14k4-s85,85,14,4,10,signatures,True,success,False,False,
pm_css,pm_css-n14k4-s697,697,14,4,10,linear_dependency,True,success,False,False,
pm_css,pm_css-n14k4-s697,697,14,4,10,signatures,True,success,False,False,
pm_css,pm_css-n14k4-s201,201,14,4,10,linear_dependency,True,success,False,False,
pm_css,pm_css-n14k4-s201,201,14,4,10,signatures,True,success,False,False,
pm_css,pm_css-n14k4-s94,94,14,4,10,linear_dependency,True,success,False,False,
pm_css,pm_css-n14k4-s94,94,14,4,10,signatures,True,success,False,False,
pm_css,pm_css-n14k6-s89,89,14,6,8,linear_dependency,True,success,False,False,
pm_css,pm_css-n14k6-s89,89,14,6,8,signatures,True,success,False,False,
pm_css,pm_css-n14k6-s773,773,14,6,8,linear_dependency,True,success,False,False,
pm_css,pm_css-n14k6-s773,773,14,6,8,signatures,True,success,False,False,
pm_css,pm_css-n14k6-s654,654,14,6,8,linear_dependency,False,success,False,False,
pm_css,pm_css-n14k6-s654,654,14,6,8,signatures,True,success,False,False,
pm_css,pm_css-n14k6-s438,438,14,6,8,linear_dependency,True,success,False,False,
pm_css,pm_css-n14k6-s438,438,14,6,8,signatures,True,success,False,False,
pm_css,pm_css-n14k6-s433,433,14,6,8,linear_dependency,True,success,False,False,
pm_css,pm_css-n14k6-s433,433,14,6,8,signatures,True,success,False,False,
pm_css,pm_css-n14k6-s858,858,14,6,8,linear_dependency,True,success,False,False,
pm_css,pm_css-n14k6-s858,858,14,6,8,signatures,True,success,False,False,
pm_css,pm_css-n14k6-s85,85,14,6,8,linear_dependency,True,success,False,False,
pm_css,pm_css-n14k6-s85,85,14,6,8,signatures,True,success,False,False,
pm_css,pm_css-n14k6-s697,697,14,6,8,linear_dependency,True,success,False,False,
pm_css,pm_css-n14k6-s697,697,14,6,8,signatures,True,success,False,False,
pm_css,pm_css-n14k6-s201,201,14,6,8,linear_dependency,True,success,False,False,
pm_css,pm_css-n14k6-s201,201,14,6,8,signatures,True,success,False,False,
pm_css,pm_css-n14k6-s94,94,14,6,8,linear_dependency,True,success,False,False,
pm_css,pm_css-n14k6-s94,94,14,6,8,signatures,True,success,False,False,
pm_css,pm_css-n14k8-s89,89,14,8,6,linear_dependency,True,success,False,False,
pm_css,pm_css-n14k8-s89,89,14,8,6,signatures,True,success,False,False,
pm_css,pm_css-n14k8-s773,773,14,8,6,linear_dependency,True,success,False,False,
pm_css,pm_css-n14k8-s773,773,14,8,6,signatures,True,success,False,False,
pm_css,pm_css-n14k8-s654,654,14,8,6,linear_dependency,True,success,False,False,
pm_css,pm_css-n14k8-s654,654,14,8,6,signatures,True,success,False,False,
pm_css,pm_css-n14k8-s438,438,14,8,6,linear_dependency,True,success,False,False,
pm_css,pm_css-n14k8-s438,438,14,8,6,signatures,True,success,False,False,
pm_css,pm_css-n14k8-s433,433,14,8,6,linear_dependency,True,success,False,False,
pm_css,pm_css-n14k8-s433,433,14,8,6,signatures,True,success,False,False,
pm_css,pm_css-n14k8-s858,858,14,8,6,linear_dependency,True,success,False,False,
pm_css,pm_css-n14k8-s858,858,14,8,6,signatures,True,success,False,False,
pm_css,pm_css-n14k8-s85,85,14,8,6,linear_dependency,True,success,False,False,
pm_css,pm_css-n14k8-s85,85,14,8,6,signatures,True,success,False,False,
pm_css,pm_css-n14k8-s697,697,14,8,6,linear_dependency,True,success,False,False,
pm_css,pm_css-n14k8-s697,697,14,8,6,signatures,True,success,False,False,
pm_css,pm_css-n14k8-s201,201,14,8,6,linear_dependency,True,success,False,False,
pm_css,pm_css-n14k8-s201,201,14,8,6,signatures,True,success,False,False,
pm_css,pm_css-n14k8-s94,94,14,8,6,linear_dependency,True,success,False,False,
pm_css,pm_css-n14k8-s94,94,14,8,6,signatures,True,success,False,False,
pm_css,pm_css-n14k10-s89,89,14,10,4,linear_dependency,True,success,False,False,
pm_css,pm_css-n14k10-s89,89,14,10,4,signatures,True,success,False,False,
pm_css,pm_css-n14k10-s773,773,14,10,4,linear_dependency,True,success,False,False,
pm_css,pm_css-n14k10-s773,773,14,10,4,signatures,True,success,False,False,
pm_css,pm_css-n14k10-s654,654,14,10,4,linear_dependency,True,success,False,False,
pm_css,pm_css-n14k10-s654,654,14,10,4,signatures,True,success,False,False,
pm_css,pm_css-n14k10-s438,438,14,10,4,linear_dependency,True,success,False,False,
pm_css,pm_css-n14k10-s438,438,14,10,4,signatures,True,success,False,False,
pm_css,pm_css-n14k10-s433,433,14,10,4,linear_dependency,False,success,False,False,
pm_css,pm_css-n14k10-s433,433,14,10,4,signatures,True,success,False,False,
pm_css,pm_css-n14k10-s858,858,14,10,4,linear_dependency,True,success,False,False,
pm_css,pm_css-n14k10-s858,858,14,10,4,signatures,True,success,False,False,
pm_css,pm_css-n14k10-s85,85,14,10,4,linear_dependency,True,success,False,False,
pm_css,pm_css-n14k10-s85,85,14,10,4,signatures,True,success,False,False,
pm_css,pm_css-n14k10-s697,697,14,10,4,linear_dependency,True,success,False,False,
pm_css,pm_css-n14k10-s697,697,14,10,4,signatures,True,success,False,False,
pm_css,pm_css-n14k10-s201,201,14,10,4,linear_dependency,True,success,False,False,
pm_css,pm_css-n14k10-s201,201,14,10,4,signatures,True,success,False,False,
pm_css,pm_css-n14k10-s94,94,14,10,4,linear_dependency,True,success,False,False,
pm_css,pm_css-n14k10-s94,94,14,10,4,signatures,True,success,False,False,
pm_css,pm_css-n14k12-s89,89,14,12,2,linear_dependency,True,success,False,False,
pm_css,pm_css-n14k12-s89,89,14,12,2,signatures,True,success,False,False,
pm_css,pm_css-n14k12-s773,773,14,12,2,linear_dependency,True,success,False,False,
pm_css,pm_css-n14k12-s773,773,14,12,2,signatures,True,success,False,False,
pm_css,pm_css-n14k12-s654,654,14,12,2,linear_dependency,True,success,False,False,
pm_css,pm_css-n14k12-s654,654,14,12,2,signatures,False,success,False,False,
pm_css,pm_css-n14k12-s438,438,14,12,2,linear_dependency,True,success,False,False,
pm_css,pm_css-n14k12-s438,438,14,12,2,signatures,True,success,False,False,
pm_css,pm_css-n14k12-s433,433,14,12,2,linear_dependency,True,success,False,False,
pm_css,pm_css-n14k12-s433,433,14,12,2,signatures,True,success,False,False,
pm_css,pm_css-n14k12-s858,858,14,12,2,linear_dependency,True,success,False,False,
pm_css,pm_css-n14k12-s858,858,14,12,2,signatures,True,success,False,False,
pm_css,pm_css-n14k12-s85,85,14,12,2,linear_dependency,True,success,False,False,
pm_css,pm_css-n14k12-s85,85,14,12,2,signatures,True,success,False,False,
pm_css,pm_css-n14k12-s697,697,14,12,2,linear_dependency,True,success,False,False,
pm_css,pm_css-n14k12-s697,697,14,12,2,signatures,False,success,False,False,
pm_css,pm_css-n14k12-s201,201,14,12,2,linear_dependency,True,success,False,False,
pm_css,pm_css-n14k12-s201,201,14,12,2,signatures,True,success,False,False,
pm_css,pm_css-n14k12-s94,94,14,12,2,linear_dependency,True,success,False,False,
pm_css,pm_css-n14k12-s94,94,14,12,2,signatures,True,success,False,False,
pm_css,pm_css-n15k0-s89,89,15,0,15,linear_dependency,True,success,False,False,
pm_css,pm_css-n15k0-s89,89,15,0,15,signatures,True,success,False,False,
pm_css,pm_css-n15k0-s773,773,15,0,15,linear_dependency,True,success,False,False,
pm_css,pm_css-n15k0-s773,773,15,0,15,signatures,True,success,False,False,
pm_css,pm_css-n15k0-s654,654,15,0,15,linear_dependency,True,success,False,False,
pm_css,pm_css-n15k0-s654,654,15,0,15,signatures,True,success,False,False,
pm_css,pm_css-n15k0-s438,438,15,0,15,linear_dependency,True,success,False,False,
pm_css,pm_css-n15k0-s438,438,15,0,15,signatures,True,success,False,False,
pm_css,pm_css-n15k0-s433,433,15,0,15,linear_dependency,True,success,False,False,
pm_css,pm_css-n15k0-s433,433,15,0,15,signatures,True,success,False,False,
pm_css,pm_css-n15k0-s858,858,15,0,15,linear_dependency,False,success,False,False,
pm_css,pm_css-n15k0-s858,858,15,0,15,signatures,True,success,False,False,
pm_css,pm_css-n15k0-s85,85,15,0,15,linear_dependency,True,success,False,False,
pm_css,pm_css-n15k0-s85,85,15,0,15,signatures,True,success,False,False,
pm_css,pm_css-n15k0-s697,697,15,0,15,linear_dependency,True,success,False,False,
pm_css,pm_css-n15k0-s697,697,15,0,15,signatures,True,success,False,False,
pm_css,pm_css-n15k0-s201,201,15,0,15,linear_dependency,True,success,False,False,
pm_css,pm_css-n15k0-s201,201,15,0,15,signatures,True,success,False,False,
pm_css,pm_css-n15k0-s94,94,15,0,15,linear_dependency,True,success,False,False,
pm_css,pm_css-n15k0-s94,94,15,0,15,signatures,True,success,False,False,
pm_css,pm_css-n15k4-s89,89,15,4,11,linear_dependency,True,success,False,False,
pm_css,pm_css-n15k4-s89,89,15,4,11,signatures,True,success,False,False,
pm_css,pm_css-n15k4-s773,773,15,4,11,linear_dependency,True,success,False,False,
pm_css,pm_css-n15k4-s773,773,15,4,11,signatures,True,success,False,False,
pm_css,pm_css-n15k4-s654,654,15,4,11,linear_dependency,True,success,False,False,
pm_css,pm_css-n15k4-s654,654,15,4,11,signatures,True,success,False,False,
pm_css,pm_css-n15k4-s438,438,15,4,11,linear_dependency,True,success,False,False,
pm_css,pm_css-n15k4-s438,438,15,4,11,signatures,True,success,False,False,
pm_css,pm_css-n15k4-s433,433,15,4,11,linear_dependency,True,success,False,False,
pm_css,pm_css-n15k4-s433,433,15,4,11,signatures,True,success,False,False,
pm_css,pm_css-n15k4-s858,858,15,4,11,linear_dependency,True,success,False,False,
pm_css,pm_css-n15k4-s858,858,15,4,11,signatures,True,success,False,False,
pm_css,pm_css-n15k4-s85,85,15,4,11,linear_dependency,True,success,False,False,
pm_css,pm_css-n15k4-s85,85,15,4,11,signatures,True,success,False,False,
pm_css,pm_css-n15k4-s697,697,15,4,11,linear_dependency,True,success,False,False,
pm_css,pm_css-n15k4-s697,697,15,4,11,signatures,True,success,False,False,
pm_css,pm_css-n15k4-s201,201,15,4,11,linear_dependency,True,success,False,False,
pm_css,pm_css-n15k4-s201,201,15,4,11,signatures,True,success,False,False,
pm_css,pm_css-n15k4-s94,94,15,4,11,linear_dependency,True,success,False,False,
pm_css,pm_css-n15k4-s94,94,15,4,11,signatures,True,success,False,False,
pm_css,pm_css-n15k8-s89,89,15,8,7,linear_dependency,True,success,False,False,
pm_css,pm_css-n15k8-s89,89,15,8,7,signatures,True,success,False,False,
pm_css,pm_css-n15k8-s773,773,15,8,7,linear_dependency,False,success,False,False,
pm_css,pm_css-n15k8-s773,773,15,8,7,signatures,True,success,False,False,
pm_css,pm_css-n15k8-s654,654,15,8,7,linear_dependency,True,success,False,False,
pm_css,pm_css-n15k8-s654,654,15,8,7,signatures,True,success,False,False,
pm_css,pm_css-n15k8-s438,438,15,8,7,linear_dependency,True,success,False,False,
pm_css,pm_css-n15k8-s438,438,15,8,7,signatures,True,success,False,False,
pm_css,pm_css-n15k8-s433,433,15,8,7,linear_dependency,True,success,False,False,
pm_css,pm_css-n15k8-s433,433,15,8,7,signatures,True,success,False,False,
pm_css,pm_css-n15k8-s858,858,15,8,7,linear_dependency,True,success,False,False,
pm_css,pm_css-n15k8-s858,858,15,8,7,signatures,True,success,False,False,
pm_css,pm_css-n15k8-s85,85,15,8,7,linear_dependency,True,success,False,False,
pm_css,pm_css-n15k8-s85,85,15,8,7,signatures,True,success,False,False,
pm_css,pm_css-n15k8-s697,697,15,8,7,linear_dependency,True,success,False,False,
pm_css,pm_css-n15k8-s697,697,15,8,7,signatures,True,success,False,False,
pm_css,pm_css-n15k8-s201,201,15,8,7,linear_dependency,True,success,False,False,
pm_css,pm_css-n15k8-s201,201,15,8,7,signatures,True,success,False,False,
pm_css,pm_css-n15k8-s94,94,15,8,7,linear_dependency,True,success,False,False,
pm_css,pm_css-n15k8-s94,94,15,8,7,signatures,True,success,False,False,
pm_css,pm_css-n15k12-s89,89,15,12,3,linear_dependency,True,success,False,False,
pm_css,pm_css-n15k12-s89,89,15,12,3,signatures,True,success,False,False,
pm_css,pm_css-n15k12-s773,773,15,12,3,linear_dependency,True,success,False,False,
pm_css,pm_css-n15k12-s773,773,15,12,3,signatures,True,success,False,False,
pm_css,pm_css-n15k12-s654,654,15,12,3,linear_dependency,True,success,False,False,
pm_css,pm_css-n15k12-s654,654,15,12,3,signatures,True,success,False,False,
pm_css,pm_css-n15k12-s438,438,15,12,3,linear_dependency,True,success,False,False,
pm_css,pm_css-n15k12-s438,438,15,12,3,signatures,True,success,False,False,
pm_css,pm_css-n15k12-s433,433,15,12,3,linear_dependency,True,success,False,False,
pm_css,pm_css-n15k12-s433,433,15,12,3,signatures,True,success,False,False,
pm_css,pm_css-n15k12-s858,858,15,12,3,linear_dependency,True,success,False,False,
pm_css,pm_css-n15k12-s858,858,15,12,3,signatures,True,success,False,False,
pm_css,pm_css-n15k12-s85,85,15,12,3,linear_dependency,True,success,False,False,
pm_css,pm_css-n15k12-s85,85,15,12,3,signatures,True,success,False,False,
pm_css,pm_css-n15k12-s697,697,15,12,3,linear_dependency,True,success,False,False,
pm_css,pm_css-n15k12-s697,697,15,12,3,signatures,True,success,False,False,
pm_css,pm_css-n15k12-s201,201,15,12,3,linear_dependency,True,success,False,False,
pm_css,pm_css-n15k12-s201,201,15,12,3,signatures,True,success,False,False,
pm_css,pm_css-n15k12-s94,94,15,12,3,linear_dependency,True,success,False,False,
pm_css,pm_css-n15k12-s94,94,15,12,3,signatures,True,success,False,False,
pm_css,pm_css-n16k0-s89,89,16,0,16,linear_dependency,True,success,False,False,
pm_css,pm_css-n16k0-s89,89,16,0,16,signatures,True,success,False,False,
pm_css,pm_css-n16k0-s773,773,16,0,16,linear_dependency,True,success,False,False,
pm_css,pm_css-n16k0-s773,773,16,0,16,signatures,True,success,False,False,
pm_css,pm_css-n16k0-s654,654,16,0,16,linear_dependency,True,success,False,False,
pm_css,pm_css-n16k0-s654,654,16,0,16,signatures,True,success,False,False,
pm_css,pm_css-n16k0-s438,438,16,0,16,linear_dependency,True,success,False,False,
pm_css,pm_css-n16k0-s438,438,16,0,16,signatures,True,success,False,False,
pm_css,pm_css-n16k0-s433,433,16,0,16,linear_dependency,True,success,False,False,
pm_css,pm_css-n16k0-s433,433,16,0,16,signatures,True,success,False,False,
pm_css,pm_css-n16k0-s858,858,16,0,16,linear_dependency,True,success,False,False,
pm_css,pm_css-n16k0-s858,858,16,0,16,signatures,True,success,False,False,
pm_css,pm_css-n16k0-s85,85,16,0,16,linear_dependency,True,success,False,False,
pm_css,pm_css-n16k0-s85,85,16,0,16,signatures,True,success,False,False,
pm_css,pm_css-n16k0-s697,697,16,0,16,linear_dependency,True,success,False,False,
pm_css,pm_css-n16k0-s697,697,16,0,16,signatures,True,success,False,False,
pm_css,pm_css-n16k0-s201,201,16,0,16,linear_dependency,True,success,False,False,
pm_css,pm_css-n16k0-s201,201,16,0,16,signatures,True,success,False,False,
pm_css,pm_css-n16k0-s94,94,16,0,16,linear_dependency,True,success,False,False,
pm_css,pm_css-n16k0-s94,94,16,0,16,signatures,True,success,False,False,
pm_css,pm_css-n16k4-s89,89,16,4,12,linear_dependency,True,success,False,False,
pm_css,pm_css-n16k4-s89,89,16,4,12,signatures,True,success,False,False,
pm_css,pm_css-n16k4-s773,773,16,4,12,linear_dependency,True,success,False,False,
pm_css,pm_css-n16k4-s773,773,16,4,12,signatures,True,success,False,False,
pm_css,pm_css-n16k4-s654,654,16,4,12,linear_dependency,False,success,False,False,
pm_css,pm_css-n16k4-s654,654,16,4,12,signatures,True,success,False,False,
pm_css,pm_css-n16k4-s438,438,16,4,12,linear_dependency,False,success,False,False,
pm_css,pm_css-n16k4-s438,438,16,4,12,signatures,True,success,False,False,
pm_css,pm_css-n16k4-s433,433,16,4,12,linear_dependency,True,success,False,False,
pm_css,pm_css-n16k4-s433,433,16,4,12,signatures,True,success,False,False,
pm_css,pm_css-n16k4-s858,858,16,4,12,linear_dependency,False,success,False,False,
pm_css,pm_css-n16k4-s858,858,16,4,12,signatures,True,success,False,False,
pm_css,pm_css-n16k4-s85,85,16,4,12,linear_dependency,True,success,False,False,
pm_css,pm_css-n16k4-s85,85,16,4,12,signatures,True,success,False,False,
pm_css,pm_css-n16k4-s697,697,16,4,12,linear_dependency,True,success,False,False,
pm_css,pm_css-n16k4-s697,697,16,4,12,signatures,True,success,False,False,
pm_css,pm_css-n16k4-s201,201,16,4,12,linear_dependency,False,success,False,False,
pm_css,pm_css-n16k4-s201,201,16,4,12,signatures,True,success,False,False,
pm_css,pm_css-n16k4-s94,94,16,4,12,linear_dependency,True,success,False,False,
pm_css,pm_css-n16k4-s94,94,16,4,12,signatures,True,success,False,False,
pm_css,pm_css-n16k8-s89,89,16,8,8,linear_dependency,True,success,False,False,
pm_css,pm_css-n16k8-s89,89,16,8,8,signatures,True,success,False,False,
pm_css,pm_css-n16k8-s773,773,16,8,8,linear_dependency,True,success,False,False,
pm_css,pm_css-n16k8-s773,773,16,8,8,signatures,True,success,False,False,
pm_css,pm_css-n16k8-s654,654,16,8,8,linear_dependency,True,success,False,False,
pm_css,pm_css-n16k8-s654,654,16,8,8,signatures,True,success,False,False,
pm_css,pm_css-n16k8-s438,438,16,8,8,linear_dependency,True,success,False,False,
pm_css,pm_css-n16k8-s438,438,16,8,8,signatures,True,success,False,False,
pm_css,pm_css-n16k8-s433,433,16,8,8,linear_dependency,True,success,False,False,
pm_css,pm_css-n16k8-s433,433,16,8,8,signatures,True,success,False,False,
pm_css,pm_css-n16k8-s858,858,16,8,8,linear_dependency,True,success,False,False,
pm_css,pm_css-n16k8-s858,858,16,8,8,signatures,True,success,False,False,
pm_css,pm_css-n16k8-s85,85,16,8,8,linear_dependency,True,success,False,False,
pm_css,pm_css-n16k8-s85,85,16,8,8,signatures,True,success,False,False,
pm_css,pm_css-n16k8-s697,697,16,8,8,linear_dependency,True,success,False,False,
pm_css,pm_css-n16k8-s697,697,16,8,8,signatures,True,success,False,False,
pm_css,pm_css-n16k8-s201,201,16,8,8,linear_dependency,True,success,False,False,
pm_css,pm_css-n16k8-s201,201,16,8,8,signatures,True,success,False,False,
pm_css,pm_css-n16k8-s94,94,16,8,8,linear_dependency,False,success,False,False,
pm_css,pm_css-n16k8-s94,94,16,8,8,signatures,True,success,False,False,
pm_css,pm_css-n16k12-s89,89,16,12,4,linear_dependency,True,success,False,False,
pm_css,pm_css-n16k12-s89,89,16,12,4,signatures,True,success,False,False,
pm_css,pm_css-n16k12-s773,773,16,12,4,linear_dependency,True,success,False,False,
pm_css,pm_css-n16k12-s773,773,16,12,4,signatures,True,success,False,False,
pm_css,pm_css-n16k12-s654,654,16,12,4,linear_dependency,True,success,False,False,
pm_css,pm_css-n16k12-s654,654,16,12,4,signatures,True,success,False,False,
pm_css,pm_css-n16k12-s438,438,16,12,4,linear_dependency,True,success,False,False,
pm_css,pm_css-n16k12-s438,438,16,12,4,signatures,True,success,False,False,
pm_css,pm_css-n16k12-s433,433,16,12,4,linear_dependency,True,success,False,False,
pm_css,pm_css-n16k12-s433,433,16,12,4,signatures,True,success,False,False,
pm_css,pm_css-n16k12-s858,858,16,12,4,linear_dependency,True,success,False,False,
pm_css,pm_css-n16k12-s858,858,16,12,4,signatures,True,success,False,False,
pm_css,pm_css-n16k12-s85,85,16,12,4,linear_dependency,True,success,False,False,
pm_css,pm_css-n16k12-s85,85,16,12,4,signatures,True,success,False,False,
pm_css,pm_css-n16k12-s697,697,16,12,4,linear_dependency,True,success,False,False,
pm_css,pm_css-n16k12-s697,697,16,12,4,signatures,True,success,False,False,
pm_css,pm_css-n16k12-s201,201,16,12,4,linear_dependency,True,success,False,False,
pm_css,pm_css-n16k12-s201,201,16,12,4,signatures,True,success,False,False,
pm_css,pm_css-n16k12-s94,94,16,12,4,linear_dependency,True,success,False,False,
pm_css,pm_css-n16k12-s94,94,16,12,4,signatures,True,success,False,False,
pm_css,pm_css-n17k0-s89,89,17,0,17,linear_dependency,True,success,False,False,
pm_css,pm_css-n17k0-s89,89,17,0,17,signatures,True,success,False,False,
pm_css,pm_css-n17k0-s773,773,17,0,17,linear_dependency,True,success,False,False,
pm_css,pm_css-n17k0-s773,773,17,0,17,signatures,True,success,False,False,
pm_css,pm_css-n17k0-s654,654,17,0,17,linear_dependency,False,success,False,False,
pm_css,pm_css-n17k0-s654,654,17,0,17,signatures,True,success,False,False,
pm_css,pm_css-n17k0-s438,438,17,0,17,linear_dependency,True,success,False,False,
pm_css,pm_css-n17k0-s438,438,17,0,17,signatures,True,success,False,False,
pm_css,pm_css-n17k0-s433,433,17,0,17,linear_dependency,True,success,False,False,
pm_css,pm_css-n17k0-s433,433,17,0,17,signatures,True,success,False,False,
pm_css,pm_css-n17k0-s858,858,17,0,17,linear_dependency,True,success,False,False,
pm_css,pm_css-n17k0-s858,858,17,0,17,signatures,True,success,False,False,
pm_css,pm_css-n17k0-s85,85,17,0,17,linear_dependency,True,success,False,False,
pm_css,pm_css-n17k0-s85,85,17,0,17,signatures,True,success,False,False,
pm_css,pm_css-n17k0-s697,697,17,0,17,linear_dependency,True,success,False,False,
pm_css,pm_css-n17k0-s697,697,17,0,17,signatures,True,success,False,False,
pm_css,pm_css-n17k0-s201,201,17,0,17,linear_dependency,True,success,False,False,
pm_css,pm_css-n17k0-s201,201,17,0,17,signatures,True,success,False,False,
pm_css,pm_css-n17k0-s94,94,17,0,17,linear_dependency,True,success,False,False,
pm_css,pm_css-n17k0-s94,94,17,0,17,signatures,True,success,False,False,
pm_css,pm_css-n17k4-s89,89,17,4,13,linear_dependency,False,success,False,False,
pm_css,pm_css-n17k4-s89,89,17,4,13,signatures,True,success,False,False,
pm_css,pm_css-n17k4-s773,773,17,4,13,linear_dependency,True,success,False,False,
pm_css,pm_css-n17k4-s773,773,17,4,13,signatures,True,success,False,False,
pm_css,pm_css-n17k4-s654,654,17,4,13,linear_dependency,False,success,False,False,
pm_css,pm_css-n17k4-s654,654,17,4,13,signatures,True,success,False,False,
pm_css,pm_css-n17k4-s438,438,17,4,13,linear_dependency,True,success,False,False,
pm_css,pm_css-n17k4-s438,438,17,4,13,signatures,True,success,False,False,
pm_css,pm_css-n17k4-s433,433,17,4,13,linear_dependency,False,success,False,False,
pm_css,pm_css-n17k4-s433,433,17,4,13,signatures,True,success,False,False,
pm_css,pm_css-n17k4-s858,858,17,4,13,linear_dependency,True,success,False,False,
pm_css,pm_css-n17k4-s858,858,17,4,13,signatures,True,success,False,False,
pm_css,pm_css-n17k4-s85,85,17,4,13,linear_dependency,True,success,False,False,
pm_css,pm_css-n17k4-s85,85,17,4,13,signatures,True,success,False,False,
pm_css,pm_css-n17k4-s697,697,17,4,13,linear_dependency,True,success,False,False,
pm_css,pm_css-n17k4-s697,697,17,4,13,signatures,True,success,False,False,
pm_css,pm_css-n17k4-s201,201,17,4,13,linear_dependency,True,success,False,False,
pm_css,pm_css-n17k4-s201,201,17,4,13,signatures,True,success,False,False,
pm_css,pm_css-n17k4-s94,94,17,4,13,linear_dependency,True,success,False,False,
pm_css,pm_css-n17k4-s94,94,17,4,13,signatures,True,success,False,False,
pm_css,pm_css-n17k8-s89,89,17,8,9,linear_dependency,True,success,False,False,
pm_css,pm_css-n17k8-s89,89,17,8,9,signatures,True,success,False,False,
pm_css,pm_css-n17k8-s773,773,17,8,9,linear_dependency,True,success,False,False,
pm_css,pm_css-n17k8-s773,773,17,8,9,signatures,True,success,False,False,
pm_css,pm_css-n17k8-s654,654,17,8,9,linear_dependency,True,success,False,False,
pm_css,pm_css-n17k8-s654,654,17,8,9,signatures,True,success,False,False,
pm_css,pm_css-n17k8-s438,438,17,8,9,linear_dependency,True,success,False,False,
pm_css,pm_css-n17k8-s438,438,17,8,9,signatures,True,success,False,False,
pm_css,pm_css-n17k8-s433,433,17,8,9,linear_dependency,False,success,False,False,
pm_css,pm_css-n17k8-s433,433,17,8,9,signatures,True,success,False,False,
pm_css,pm_css-n17k8-s858,858,17,8,9,linear_dependency,True,success,False,False,
pm_css,pm_css-n17k8-s858,858,17,8,9,signatures,True,success,False,False,
pm_css,pm_css-n17k8-s85,85,17,8,9,linear_dependency,True,success,False,False,
pm_css,pm_css-n17k8-s85,85,17,8,9,signatures,True,success,False,False,
pm_css,pm_css-n17k8-s697,697,17,8,9,linear_dependency,True,success,False,False,
pm_css,pm_css-n17k8-s697,697,17,8,9,signatures,True,success,False,False,
pm_css,pm_css-n17k8-s201,201,17,8,9,linear_dependency,True,success,False,False,
pm_css,pm_css-n17k8-s201,201,17,8,9,signatures,True,success,False,False,
pm_css,pm_css-n17k8-s94,94,17,8,9,linear_dependency,True,success,False,False,
pm_css,pm_css-n17k8-s94,94,17,8,9,signatures,True,success,False,False,
pm_css,pm_css-n17k12-s89,89,17,12,5,linear_dependency,True,success,False,False,
pm_css,pm_css-n17k12-s89,89,17,12,5,signatures,True,success,False,False,
pm_css,pm_css-n17k12-s773,773,17,12,5,linear_dependency,False,success,False,False,
pm_css,pm_css-n17k12-s773,773,17,12,5,signatures,True,success,False,False,
pm_css,pm_css-n17k12-s654,654,17,12,5,linear_dependency,True,success,False,False,
pm_css,pm_css-n17k12-s654,654,17,12,5,signatures,True,success,False,False,
pm_css,pm_css-n17k12-s438,438,17,12,5,linear_dependency,True,success,False,False,
pm_css,pm_css-n17k12-s438,438,17,12,5,signatures,True,success,False,False,
pm_css,pm_css-n17k12-s433,433,17,12,5,linear_dependency,True,success,False,False,
pm_css,pm_css-n17k12-s433,433,17,12,5,signatures,True,success,False,False,
pm_css,pm_css-n17k12-s858,858,17,12,5,linear_dependency,True,success,False,False,
pm_css,pm_css-n17k12-s858,858,17,12,5,signatures,True,success,False,False,
pm_css,pm_css-n17k12-s85,85,17,12,5,linear_dependency,True,success,False,False,
pm_css,pm_css-n17k12-s85,85,17,12,5,signatures,True,success,False,False,
pm_css,pm_css-n17k12-s697,697,17,12,5,linear_dependency,True,success,False,False,
pm_css,pm_css-n17k12-s697,697,17,12,5,signatures,True,success,False,False,
pm_css,pm_css-n17k12-s201,201,17,12,5,linear_dependency,True,success,False,False,
pm_css,pm_css-n17k12-s201,201,17,12,5,signatures,True,success,False,False,
pm_css,pm_css-n17k12-s94,94,17,12,5,linear_dependency,True,success,False,False,
pm_css,pm_css-n17k12-s94,94,17,12,5,signatures,True,success,False,False,
pm_css,pm_css-n17k16-s89,89,17,16,1,linear_dependency,True,success,False,False,
pm_css,pm_css-n17k16-s89,89,17,16,1,signatures,True,success,False,False,
pm_css,pm_css-n17k16-s773,773,17,16,1,linear_dependency,True,success,False,False,
pm_css,pm_css-n17k16-s773,773,17,16,1,signatures,True,success,False,False,
pm_css,pm_css-n17k16-s654,654,17,16,1,linear_dependency,True,success,False,False,
pm_css,pm_css-n17k16-s654,654,17,16,1,signatures,True,success,False,False,
pm_css,pm_css-n17k16-s438,438,17,16,1,linear_dependency,True,success,False,False,
pm_css,pm_css-n17k16-s438,438,17,16,1,signatures,True,success,False,False,
pm_css,pm_css-n17k16-s433,433,17,16,1,linear_dependency,True,success,False,False,
pm_css,pm_css-n17k16-s433,433,17,16,1,signatures,False,success,False,False,
pm_css,pm_css-n17k16-s858,858,17,16,1,linear_dependency,True,success,False,False,
pm_css,pm_css-n17k16-s858,858,17,16,1,signatures,True,success,False,False,
pm_css,pm_css-n17k16-s85,85,17,16,1,linear_dependency,True,success,False,False,
pm_css,pm_css-n17k16-s85,85,17,16,1,signatures,False,success,False,False,
pm_css,pm_css-n17k16-s697,697,17,16,1,linear_dependency,True,success,False,False,
pm_css,pm_css-n17k16-s697,697,17,16,1,signatures,False,success,False,False,
pm_css,pm_css-n17k16-s201,201,17,16,1,linear_dependency,True,success,False,False,
pm_css,pm_css-n17k16-s201,201,17,16,1,signatures,True,success,False,False,
pm_css,pm_css-n17k16-s94,94,17,16,1,linear_dependency,True,success,False,False,
pm_css,pm_css-n17k16-s94,94,17,16,1,signatures,True,success,False,False,
pm_css,pm_css-n18k0-s89,89,18,0,18,linear_dependency,True,success,False,False,
pm_css,pm_css-n18k0-s89,89,18,0,18,signatures,True,success,False,False,
pm_css,pm_css-n18k0-s773,773,18,0,18,linear_dependency,True,success,False,False,
pm_css,pm_css-n18k0-s773,773,18,0,18,signatures,True,success,False,False,
pm_css,pm_css-n18k0-s654,654,18,0,18,linear_dependency,True,success,False,False,
pm_css,pm_css-n18k0-s654,654,18,0,18,signatures,True,success,False,False,
pm_css,pm_css-n18k0-s438,438,18,0,18,linear_dependency,True,success,False,False,
pm_css,pm_css-n18k0-s438,438,18,0,18,signatures,True,success,False,False,
pm_css,pm_css-n18k0-s433,433,18,0,18,linear_dependency,True,success,False,False,
pm_css,pm_css-n18k0-s433,433,18,0,18,signatures,True,success,False,False,
pm_css,pm_css-n18k0-s858,858,18,0,18,linear_dependency,True,success,False,False,
pm_css,pm_css-n18k0-s858,858,18,0,18,signatures,True,success,False,False,
pm_css,pm_css-n18k0-s85,85,18,0,18,linear_dependency,True,success,False,False,
pm_css,pm_css-n18k0-s85,85,18,0,18,signatures,True,success,False,False,
pm_css,pm_css-n18k0-s697,697,18,0,18,linear_dependency,True,success,False,False,
pm_css,pm_css-n18k0-s697,697,18,0,18,signatures,True,success,False,False,
pm_css,pm_css-n18k0-s201,201,18,0,18,linear_dependency,True,success,False,False,
pm_css,pm_css-n18k0-s201,201,18,0,18,signatures,True,success,False,False,
pm_css,pm_css-n18k0-s94,94,18,0,18,linear_dependency,True,success,False,False,
pm_css,pm_css-n18k0-s94,94,18,0,18,signatures,True,success,False,False,
pm_css,pm_css-n18k4-s89,89,18,4,14,linear_dependency,False,success,False,False,
pm_css,pm_css-n18k4-s89,89,18,4,14,signatures,True,success,False,False,
pm_css,pm_css-n18k4-s773,773,18,4,14,linear_dependency,True,success,False,False,
pm_css,pm_css-n18k4-s773,773,18,4,14,signatures,True,success,False,False,
pm_css,pm_css-n18k4-s654,654,18,4,14,linear_dependency,False,success,False,False,
pm_css,pm_css-n18k4-s654,654,18,4,14,signatures,True,success,False,False,
pm_css,pm_css-n18k4-s438,438,18,4,14,linear_dependency,True,success,False,False,
pm_css,pm_css-n18k4-s438,438,18,4,14,signatures,True,success,False,False,
pm_css,pm_css-n18k4-s433,433,18,4,14,linear_dependency,True,success,False,False,
pm_css,pm_css-n18k4-s433,433,18,4,14,signatures,True,success,False,False,
pm_css,pm_css-n18k4-s858,858,18,4,14,linear_dependency,False,success,False,False,
pm_css,pm_css-n18k4-s858,858,18,4,14,signatures,True,success,False,False,
pm_css,pm_css-n18k4-s85,85,18,4,14,linear_dependency,True,success,False,False,
pm_css,pm_css-n18k4-s85,85,18,4,14,signatures,True,success,False,False,
pm_css,pm_css-n18k4-s697,697,18,4,14,linear_dependency,True,success,False,False,
pm_css,pm_css-n18k4-s697,697,18,4,14,signatures,True,success,False,False,
pm_css,pm_css-n18k4-s201,201,18,4,14,linear_dependency,True,success,False,False,
pm_css,pm_css-n18k4-s201,201,18,4,14,signatures,True,success,False,False,
pm_css,pm_css-n18k4-s94,94,18,4,14,linear_dependency,True,success,False,False,
pm_css,pm_css-n18k4-s94,94,18,4,14,signatures,True,success,False,False,
pm_css,pm_css-n18k8-s89,89,18,8,10,linear_dependency,False,success,False,False,
pm_css,pm_css-n18k8-s89,89,18,8,10,signatures,True,success,False,False,
pm_css,pm_css-n18k8-s773,773,18,8,10,linear_dependency,True,success,False,False,
pm_css,pm_css-n18k8-s773,773,18,8,10,signatures,True,success,False,False,
pm_css,pm_css-n18k8-s654,654,18,8,10,linear_dependency,True,success,False,False,
pm_css,pm_css-n18k8-s654,654,18,8,10,signatures,True,success,False,False,
pm_css,pm_css-n18k8-s438,438,18,8,10,linear_dependency,True,success,False,False,
pm_css,pm_css-n18k8-s438,438,18,8,10,signatures,True,success,False,False,
pm_css,pm_css-n18k8-s433,433,18,8,10,linear_dependency,True,success,False,False,
pm_css,pm_css-n18k8-s433,433,18,8,10,signatures,True,success,False,False,
pm_css,pm_css-n18k8-s858,858,18,8,10,linear_dependency,True,success,False,False,
pm_css,pm_css-n18k8-s858,858,18,8,10,signatures,True,success,False,False,
pm_css,pm_css-n18k8-s85,85,18,8,10,linear_dependency,True,success,False,False,
pm_css,pm_css-n18k8-s85,85,18,8,10,signatures,True,success,False,False,
pm_css,pm_css-n18k8-s697,697,18,8,10,linear_dependency,True,success,False,False,
pm_css,pm_css-n18k8-s697,697,18,8,10,signatures,True,success,False,False,
pm_css,pm_css-n18k8-s201,201,18,8,10,linear_dependency,False,success,False,False,
pm_css,pm_css-n18k8-s201,201,18,8,10,signatures,True,success,False,False,
pm_css,pm_css-n18k8-s94,94,18,8,10,linear_dependency,True,success,False,False,
pm_css,pm_css-n18k8-s94,94,18,8,10,signatures,True,success,False,False,
pm_css,pm_css-n18k12-s89,89,18,12,6,linear_dependency,True,success,False,False,
pm_css,pm_css-n18k12-s89,89,18,12,6,signatures,True,success,False,False,
pm_css,pm_css-n18k12-s773,773,18,12,6,linear_dependency,True,success,False,False,
pm_css,pm_css-n18k12-s773,773,18,12,6,signatures,True,success,False,False,
pm_css,pm_css-n18k12-s654,654,18,12,6,linear_dependency,True,success,False,False,
pm_css,pm_css-n18k12-s654,654,18,12,6,signatures,True,success,False,False,
pm_css,pm_css-n18k12-s438,438,18,12,6,linear_dependency,True,success,False,False,
pm_css,pm_css-n18k12-s438,438,18,12,6,signatures,True,success,False,False,
pm_css,pm_css-n18k12-s433,433,18,12,6,linear_dependency,True,success,False,False,
pm_css,pm_css-n18k12-s433,433,18,12,6,signatures,True,success,False,False,
pm_css,pm_css-n18k12-s858,858,18,12,6,linear_dependency,True,success,False,False,
pm_css,pm_css-n18k12-s858,858,18,12,6,signatures,True,success,False,False,
pm_css,pm_css-n18k12-s85,85,18,12,6,linear_dependency,True,success,False,False,
pm_css,pm_css-n18k12-s85,85,18,12,6,signatures,True,success,False,False,
pm_css,pm_css-n18k12-s697,697,18,12,6,linear_dependency,False,success,False,False,
pm_css,pm_css-n18k12-s697,697,18,12,6,signatures,True,success,False,False,
pm_css,pm_css-n18k12-s201,201,18,12,6,linear_dependency,True,success,False,False,
pm_css,pm_css-n18k12-s201,201,18,12,6,signatures,True,success,False,False,
pm_css,pm_css-n18k12-s94,94,18,12,6,linear_dependency,True,success,False,False,
pm_css,pm_css-n18k12-s94,94,18,12,6,signatures,True,success,False,False,
pm_css,pm_css-n18k16-s89,89,18,16,2,linear_dependency,True,success,False,False,
pm_css,pm_css-n18k16-s89,89,18,16,2,signatures,True,success,False,False,
pm_css,pm_css-n18k16-s773,773,18,16,2,linear_dependency,True,success,False,False,
pm_css,pm_css-n18k16-s773,773,18,16,2,signatures,True,success,False,False,
pm_css,pm_css-n18k16-s654,654,18,16,2,linear_dependency,True,success,False,False,
pm_css,pm_css-n18k16-s654,654,18,16,2,signatures,True,success,False,False,
pm_css,pm_css-n18k16-s438,438,18,16,2,linear_dependency,True,success,False,False,
pm_css,pm_css-n18k16-s438,438,18,16,2,signatures,True,success,False,False,
pm_css,pm_css-n18k16-s433,433,18,16,2,linear_dependency,True,success,False,False,
pm_css,pm_css-n18k16-s433,433,18,16,2,signatures,True,success,False,False,
pm_css,pm_css-n18k16-s858,858,18,16,2,linear_dependency,True,success,False,False,
pm_css,pm_css-n18k16-s858,858,18,16,2,signatures,True,success,False,False,
pm_css,pm_css-n18k16-s85,85,18,16,2,linear_dependency,True,success,False,False,
pm_css,pm_css-n18k16-s85,85,18,16,2,signatures,True,success,False,False,
pm_css,pm_css-n18k16-s697,697,18,16,2,linear_dependency,True,success,False,False,
pm_css,pm_css-n18k16-s697,697,18,16,2,signatures,True,success,False,False,
pm_css,pm_css-n18k16-s201,201,18,16,2,linear_dependency,True,success,False,False,
pm_css,pm_css-n18k16-s201,201,18,16,2,signatures,True,success,False,False,
pm_css,pm_css-n18k16-s94,94,18,16,2,linear_dependency,True,success,False,False,
pm_css,pm_css-n18k16-s94,94,18,16,2,signatures,True,success,False,False,
pm_css,pm_css-n19k0-s89,89,19,0,19,linear_dependency,False,success,False,False,
pm_css,pm_css-n19k0-s89,89,19,0,19,signatures,True,success,False,False,
pm_css,pm_css-n19k0-s773,773,19,0,19,linear_dependency,True,success,False,False,
pm_css,pm_css-n19k0-s773,773,19,0,19,signatures,True,success,False,False,
pm_css,pm_css-n19k0-s654,654,19,0,19,linear_dependency,True,success,False,False,
pm_css,pm_css-n19k0-s654,654,19,0,19,signatures,True,success,False,False,
pm_css,pm_css-n19k0-s438,438,19,0,19,linear_dependency,True,success,False,False,
pm_css,pm_css-n19k0-s438,438,19,0,19,signatures,True,success,False,False,
pm_css,pm_css-n19k0-s433,433,19,0,19,linear_dependency,True,success,False,False,
pm_css,pm_css-n19k0-s433,433,19,0,19,signatures,True,success,False,False,
pm_css,pm_css-n19k0-s858,858,19,0,19,linear_dependency,True,success,False,False,
pm_css,pm_css-n19k0-s858,858,19,0,19,signatures,True,success,False,False,
pm_css,pm_css-n19k0-s85,85,19,0,19,linear_dependency,True,success,False,False,
pm_css,pm_css-n19k0-s85,85,19,0,19,signatures,True,success,False,False,
pm_css,pm_css-n19k0-s697,697,19,0,19,linear_dependency,True,success,False,False,
pm_css,pm_css-n19k0-s697,697,19,0,19,signatures,True,success,False,False,
pm_css,pm_css-n19k0-s201,201,19,0,19,linear_dependency,True,success,False,False,
pm_css,pm_css-n19k0-s201,201,19,0,19,signatures,True,success,False,False,
pm_css,pm_css-n19k0-s94,94,19,0,19,linear_dependency,True,success,False,False,
pm_css,pm_css-n19k0-s94,94,19,0,19,signatures,True,success,False,False,
pm_css,pm_css-n19k4-s89,89,19,4,15,linear_dependency,False,success,False,False,
pm_css,pm_css-n19k4-s89,89,19,4,15,signatures,True,success,False,False,
pm_css,pm_css-n19k4-s773,773,19,4,15,linear_dependency,True,success,False,False,
pm_css,pm_css-n19k4-s773,773,19,4,15,signatures,True,success,False,False,
pm_css,pm_css-n19k4-s654,654,19,4,15,linear_dependency,True,success,False,False,
pm_css,pm_css-n19k4-s654,654,19,4,15,signatures,True,success,False,False,
pm_css,pm_css-n19k4-s438,438,19,4,15,linear_dependency,False,success,False,False,
pm_css,pm_css-n19k4-s438,438,19,4,15,signatures,True,success,False,False,
pm_css,pm_css-n19k4-s433,433,19,4,15,linear_dependency,True,success,False,False,
pm_css,pm_css-n19k4-s433,433,19,4,15,signatures,True,success,False,False,
pm_css,pm_css-n19k4-s858,858,19,4,15,linear_dependency,True,success,False,False,
pm_css,pm_css-n19k4-s858,858,19,4,15,signatures,True,success,False,False,
pm_css,pm_css-n19k4-s85,85,19,4,15,linear_dependency,True,success,False,False,
pm_css,pm_css-n19k4-s85,85,19,4,15,signatures,True,success,False,False,
pm_css,pm_css-n19k4-s697,697,19,4,15,linear_dependency,True,success,False,False,
pm_css,pm_css-n19k4-s697,697,19,4,15,signatures,True,success,False,False,
pm_css,pm_css-n19k4-s201,201,19,4,15,linear_dependency,True,success,False,False,
pm_css,pm_css-n19k4-s201,201,19,4,15,signatures,True,success,False,False,
pm_css,pm_css-n19k4-s94,94,19,4,15,linear_dependency,True,success,False,False,
pm_css,pm_css-n19k4-s94,94,19,4,15,signatures,True,success,False,False,
pm_css,pm_css-n19k8-s89,89,19,8,11,linear_dependency,True,success,False,False,
pm_css,pm_css-n19k8-s89,89,19,8,11,signatures,True,success,False,False,
pm_css,pm_css-n19k8-s773,773,19,8,11,linear_dependency,True,success,False,False,
pm_css,pm_css-n19k8-s773,773,19,8,11,signatures,True,success,False,False,
pm_css,pm_css-n19k8-s654,654,19,8,11,linear_dependency,True,success,False,False,
pm_css,pm_css-n19k8-s654,654,19,8,11,signatures,True,success,False,False,
pm_css,pm_css-n19k8-s438,438,19,8,11,linear_dependency,True,success,False,False,
pm_css,pm_css-n19k8-s438,438,19,8,11,signatures,True,success,False,False,
pm_css,pm_css-n19k8-s433,433,19,8,11,linear_dependency,True,success,False,False,
pm_css,pm_css-n19k8-s433,433,19,8,11,signatures,True,success,False,False,
pm_css,pm_css-n19k8-s858,858,19,8,11,linear_dependency,True,success,False,False,
pm_css,pm_css-n19k8-s858,858,19,8,11,signatures,True,success,False,False,
pm_css,pm_css-n19k8-s85,85,19,8,11,linear_dependency,True,success,False,False,
pm_css,pm_css-n19k8-s85,85,19,8,11,signatures,True,success,False,False,
pm_css,pm_css-n19k8-s697,697,19,8,11,linear_dependency,True,success,False,False,
pm_css,pm_css-n19k8-s697,697,19,8,11,signatures,True,success,False,False,
pm_css,pm_css-n19k8-s201,201,19,8,11,linear_dependency,False,success,False,False,
pm_css,pm_css-n19k8-s201,201,19,8,11,signatures,True,success,False,False,
pm_css,pm_css-n19k8-s94,94,19,8,11,linear_dependency,True,success,False,False,
pm_css,pm_css-n19k8-s94,94,19,8,11,signatures,True,success,False,False,
pm_css,pm_css-n19k12-s89,89,19,12,7,linear_dependency,True,success,False,False,
pm_css,pm_css-n19k12-s89,89,19,12,7,signatures,True,success,False,False,
pm_css,pm_css-n19k12-s773,773,19,12,7,linear_dependency,False,success,False,False,
pm_css,pm_css-n19k12-s773,773,19,12,7,signatures,True,success,False,False,
pm_css,pm_css-n19k12-s654,654,19,12,7,linear_dependency,True,success,False,False,
pm_css,pm_css-n19k12-s654,654,19,12,7,signatures,True,success,False,False,
pm_css,pm_css-n19k12-s438,438,19,12,7,linear_dependency,True,success,False,False,
pm_css,pm_css-n19k12-s438,438,19,12,7,signatures,True,success,False,False,
pm_css,pm_css-n19k12-s433,433,19,12,7,linear_dependency,True,success,False,False,
pm_css,pm_css-n19k12-s433,433,19,12,7,signatures,True,success,False,False,
pm_css,pm_css-n19k12-s858,858,19,12,7,linear_dependency,True,success,False,False,
pm_css,pm_css-n19k12-s858,858,19,12,7,signatures,True,success,False,False,
pm_css,pm_css-n19k12-s85,85,19,12,7,linear_dependency,True,success,False,False,
pm_css,pm_css-n19k12-s85,85,19,12,7,signatures,True,success,False,False,
pm_css,pm_css-n19k12-s697,697,19,12,7,linear_dependency,True,success,False,False,
pm_css,pm_css-n19k12-s697,697,19,12,7,signatures,True,success,False,False,
pm_css,pm_css-n19k12-s201,201,19,12,7,linear_dependency,True,success,False,False,
pm_css,pm_css-n19k12-s201,201,19,12,7,signatures,True,success,False,False,
pm_css,pm_css-n19k12-s94,94,19,12,7,linear_dependency,True,success,False,False,
pm_css,pm_css-n19k12-s94,94,19,12,7,signatures,True,success,False,False,
pm_css,pm_css-n19k16-s89,89,19,16,3,linear_dependency,True,success,False,False,
pm_css,pm_css-n19k16-s89,89,19,16,3,signatures,True,success,False,False,
pm_css,pm_css-n19k16-s773,773,19,16,3,linear_dependency,True,success,False,False,
pm_css,pm_css-n19k16-s773,773,19,16,3,signatures,True,success,False,False,
pm_css,pm_css-n19k16-s654,654,19,16,3,linear_dependency,True,success,False,False,
pm_css,pm_css-n19k16-s654,654,19,16,3,signatures,True,success,False,False,
pm_css,pm_css-n19k16-s438,438,19,16,3,linear_dependency,True,success,False,False,
pm_css,pm_css-n19k16-s438,438,19,16,3,signatures,True,success,False,False,
pm_css,pm_css-n19k16-s433,433,19,16,3,linear_dependency,True,success,False,False,
pm_css,pm_css-n19k16-s433,433,19,16,3,signatures,True,success,False,False,
pm_css,pm_css-n19k16-s858,858,19,16,3,linear_dependency,True,success,False,False,
pm_css,pm_css-n19k16-s858,858,19,16,3,signatures,True,success,False,False,
pm_css,pm_css-n19k16-s85,85,19,16,3,linear_dependency,True,success,False,False,
pm_css,pm_css-n19k16-s85,85,19,16,3,signatures,True,success,False,False,
pm_css,pm_css-n19k16-s697,697,19,16,3,linear_dependency,True,success,False,False,
pm_css,pm_css-n19k16-s697,697,19,16,3,signatures,True,success,False,False,
pm_css,pm_css-n19k16-s201,201,19,16,3,linear_dependency,True,success,False,False,
pm_css,pm_css-n19k16-s201,201,19,16,3,signatures,True,success,False,False,
pm_css,pm_css-n19k16-s94,94,19,16,3,linear_dependency,True,success,False,False,
pm_css,pm_css-n19k16-s94,94,19,16,3,signatures,True,success,False,False,
pm_css,pm_css-n20k0-s89,89,20,0,20,linear_dependency,True,success,False,False,
pm_css,pm_css-n20k0-s89,89,20,0,20,signatures,True,success,False,False,
pm_css,pm_css-n20k0-s773,773,20,0,20,linear_dependency,False,success,False,False,
pm_css,pm_css-n20k0-s773,773,20,0,20,signatures,True,success,False,False,
pm_css,pm_css-n20k0-s654,654,20,0,20,linear_dependency,True,success,False,False,
pm_css,pm_css-n20k0-s654,654,20,0,20,signatures,True,success,False,False,
pm_css,pm_css-n20k0-s438,438,20,0,20,linear_dependency,True,success,False,False,
pm_css,pm_css-n20k0-s438,438,20,0,20,signatures,True,success,False,False,
pm_css,pm_css-n20k0-s433,433,20,0,20,linear_dependency,True,success,False,False,
pm_css,pm_css-n20k0-s433,433,20,0,20,signatures,True,success,False,False,
pm_css,pm_css-n20k0-s858,858,20,0,20,linear_dependency,True,success,False,False,
pm_css,pm_css-n20k0-s858,858,20,0,20,signatures,True,success,False,False,
pm_css,pm_css-n20k0-s85,85,20,0,20,linear_dependency,True,success,False,False,
pm_css,pm_css-n20k0-s85,85,20,0,20,signatures,True,success,False,False,
pm_css,pm_css-n20k0-s697,697,20,0,20,linear_dependency,False,success,False,False,
pm_css,pm_css-n20k0-s697,697,20,0,20,signatures,True,success,False,False,
pm_css,pm_css-n20k0-s201,201,20,0,20,linear_dependency,True,success,False,False,
pm_css,pm_css-n20k0-s201,201,20,0,20,signatures,True,success,False,False,
pm_css,pm_css-n20k0-s94,94,20,0,20,linear_dependency,True,success,False,False,
pm_css,pm_css-n20k0-s94,94,20,0,20,signatures,True,success,False,False,
pm_css,pm_css-n20k4-s89,89,20,4,16,linear_dependency,True,success,False,False,
pm_css,pm_css-n20k4-s89,89,20,4,16,signatures,True,success,False,False,
pm_css,pm_css-n20k4-s773,773,20,4,16,linear_dependency,True,success,False,False,
pm_css,pm_css-n20k4-s773,773,20,4,16,signatures,True,success,False,False,
pm_css,pm_css-n20k4-s654,654,20,4,16,linear_dependency,True,success,False,False,
pm_css,pm_css-n20k4-s654,654,20,4,16,signatures,True,success,False,False,
pm_css,pm_css-n20k4-s438,438,20,4,16,linear_dependency,True,success,False,False,
pm_css,pm_css-n20k4-s438,438,20,4,16,signatures,True,success,False,False,
pm_css,pm_css-n20k4-s433,433,20,4,16,linear_dependency,True,success,False,False,
pm_css,pm_css-n20k4-s433,433,20,4,16,signatures,True,success,False,False,
pm_css,pm_css-n20k4-s858,858,20,4,16,linear_dependency,True,success,False,False,
pm_css,pm_css-n20k4-s858,858,20,4,16,signatures,True,success,False,False,
pm_css,pm_css-n20k4-s85,85,20,4,16,linear_dependency,True,success,False,False,
pm_css,pm_css-n20k4-s85,85,20,4,16,signatures,True,success,False,False,
pm_css,pm_css-n20k4-s697,697,20,4,16,linear_dependency,False,success,False,False,
pm_css,pm_css-n20k4-s697,697,20,4,16,signatures,True,success,False,False,
pm_css,pm_css-n20k4-s201,201,20,4,16,linear_dependency,True,success,False,False,
pm_css,pm_css-n20k4-s201,201,20,4,16,signatures,True,success,False,False,
pm_css,pm_css-n20k4-s94,94,20,4,16,linear_dependency,True,success,False,False,
pm_css,pm_css-n20k4-s94,94,20,4,16,signatures,True,success,False,False,
pm_css,pm_css-n20k8-s89,89,20,8,12,linear_dependency,False,success,False,False,
pm_css,pm_css-n20k8-s89,89,20,8,12,signatures,True,success,False,False,
pm_css,pm_css-n20k8-s773,773,20,8,12,linear_dependency,True,success,False,False,
pm_css,pm_css-n20k8-s773,773,20,8,12,signatures,True,success,False,False,
pm_css,pm_css-n20k8-s654,654,20,8,12,linear_dependency,True,success,False,False,
pm_css,pm_css-n20k8-s654,654,20,8,12,signatures,True,success,False,False,
pm_css,pm_css-n20k8-s438,438,20,8,12,linear_dependency,True,success,False,False,
pm_css,pm_css-n20k8-s438,438,20,8,12,signatures,True,success,False,False,
pm_css,pm_css-n20k8-s433,433,20,8,12,linear_dependency,True,success,False,False,
pm_css,pm_css-n20k8-s433,433,20,8,12,signatures,True,success,False,False,
pm_css,pm_css-n20k8-s858,858,20,8,12,linear_dependency,True,success,False,False,
pm_css,pm_css-n20k8-s858,858,20,8,12,signatures,True,success,False,False,
pm_css,pm_css-n20k8-s85,85,20,8,12,linear_dependency,False,success,False,False,
pm_css,pm_css-n20k8-s85,85,20,8,12,signatures,True,success,False,False,
pm_css,pm_css-n20k8-s697,697,20,8,12,linear_dependency,True,success,False,False,
pm_css,pm_css-n20k8-s697,697,20,8,12,signatures,True,success,False,False,
pm_css,pm_css-n20k8-s201,201,20,8,12,linear_dependency,True,success,False,False,
pm_css,pm_css-n20k8-s201,201,20,8,12,signatures,True,success,False,False,
pm_css,pm_css-n20k8-s94,94,20,8,12,linear_dependency,True,success,False,False,
pm_css,pm_css-n20k8-s94,94,20,8,12,signatures,True,success,False,False,
pm_css,pm_css-n20k12-s89,89,20,12,8,linear_dependency,False,success,False,False,
pm_css,pm_css-n20k12-s89,89,20,12,8,signatures,True,success,False,False,
pm_css,pm_css-n20k12-s773,773,20,12,8,linear_dependency,True,success,False,False,
pm_css,pm_css-n20k12-s773,773,20,12,8,signatures,True,success,False,False,
pm_css,pm_css-n20k12-s654,654,20,12,8,linear_dependency,True,success,False,False,
pm_css,pm_css-n20k12-s654,654,20,12,8,signatures,True,success,False,False,
pm_css,pm_css-n20k12-s438,438,20,12,8,linear_dependency,True,success,False,False,
pm_css,pm_css-n20k12-s438,438,20,12,8,signatures,True,success,False,False,
pm_css,pm_css-n20k12-s433,433,20,12,8,linear_dependency,True,success,False,False,
pm_css,pm_css-n20k12-s433,433,20,12,8,signatures,True,success,False,False,
pm_css,pm_css-n20k12-s858,858,20,12,8,linear_dependency,True,success,False,False,
pm_css,pm_css-n20k12-s858,858,20,12,8,signatures,True,success,False,False,
pm_css,pm_css-n20k12-s85,85,20,12,8,linear_dependency,True,success,False,False,
pm_css,pm_css-n20k12-s85,85,20,12,8,signatures,True,success,False,False,
pm_css,pm_css-n20k12-s697,697,20,12,8,linear_dependency,True,success,False,False,
pm_css,pm_css-n20k12-s697,697,20,12,8,signatures,True,success,False,False,
pm_css,pm_css-n20k12-s201,201,20,12,8,linear_dependency,True,success,False,False,
pm_css,pm_css-n20k12-s201,201,20,12,8,signatures,True,success,False,False,
pm_css,pm_css-n20k12-s94,94,20,12,8,linear_dependency,True,success,False,False,
pm_css,pm_css-n20k12-s94,94,20,12,8,signatures,True,success,False,False,
pm_css,pm_css-n20k16-s89,89,20,16,4,linear_dependency,True,success,False,False,
pm_css,pm_css-n20k16-s89,89,20,16,4,signatures,True,success,False,False,
pm_css,pm_css-n20k16-s773,773,20,16,4,linear_dependency,True,success,False,False,
pm_css,pm_css-n20k16-s773,773,20,16,4,signatures,True,success,False,False,
pm_css,pm_css-n20k16-s654,654,20,16,4,linear_dependency,True,success,False,False,
pm_css,pm_css-n20k16-s654,654,20,16,4,signatures,True,success,False,False,
pm_css,pm_css-n20k16-s438,438,20,16,4,linear_dependency,True,success,False,False,
pm_css,pm_css-n20k16-s438,438,20,16,4,signatures,True,success,False,False,
pm_css,pm_css-n20k16-s433,433,20,16,4,linear_dependency,True,success,False,False,
pm_css,pm_css-n20k16-s433,433,20,16,4,signatures,True,success,False,False,
pm_css,pm_css-n20k16-s858,858,20,16,4,linear_dependency,True,success,False,False,
pm_css,pm_css-n20k16-s858,858,20,16,4,signatures,True,success,False,False,
pm_css,pm_css-n20k16-s85,85,20,16,4,linear_dependency,True,success,False,False,
pm_css,pm_css-n20k16-s85,85,20,16,4,signatures,False,success,False,False,
pm_css,pm_css-n20k16-s697,697,20,16,4,linear_dependency,True,success,False,False,
pm_css,pm_css-n20k16-s697,697,20,16,4,signatures,True,success,False,False,
pm_css,pm_css-n20k16-s201,201,20,16,4,linear_dependency,True,success,False,False,
pm_css,pm_css-n20k16-s201,201,20,16,4,signatures,True,success,False,False,
pm_css,pm_css-n20k16-s94,94,20,16,4,linear_dependency,True,success,False,False,
pm_css,pm_css-n20k16-s94,94,20,16,4,signatures,True,success,False,False,
pm_css,pm_css-n21k0-s89,89,21,0,21,linear_dependency,True,success,False,False,
pm_css,pm_css-n21k0-s89,89,21,0,21,signatures,True,success,False,False,
pm_css,pm_css-n21k0-s773,773,21,0,21,linear_dependency,True,success,False,False,
pm_css,pm_css-n21k0-s773,773,21,0,21,signatures,True,success,False,False,
pm_css,pm_css-n21k0-s654,654,21,0,21,linear_dependency,True,success,False,False,
pm_css,pm_css-n21k0-s654,654,21,0,21,signatures,True,success,False,False,
pm_css,pm_css-n21k0-s438,438,21,0,21,linear_dependency,True,success,False,False,
pm_css,pm_css-n21k0-s438,438,21,0,21,signatures,True,success,False,False,
pm_css,pm_css-n21k0-s433,433,21,0,21,linear_dependency,True,success,False,False,
pm_css,pm_css-n21k0-s433,433,21,0,21,signatures,True,success,False,False,
pm_css,pm_css-n21k0-s858,858,21,0,21,linear_dependency,True,success,False,False,
pm_css,pm_css-n21k0-s858,858,21,0,21,signatures,True,success,False,False,
pm_css,pm_css-n21k0-s85,85,21,0,21,linear_dependency,True,success,False,False,
pm_css,pm_css-n21k0-s85,85,21,0,21,signatures,True,success,False,False,
pm_css,pm_css-n21k0-s697,697,21,0,21,linear_dependency,False,success,False,False,
pm_css,pm_css-n21k0-s697,697,21,0,21,signatures,True,success,False,False,
pm_css,pm_css-n21k0-s201,201,21,0,21,linear_dependency,True,success,False,False,
pm_css,pm_css-n21k0-s201,201,21,0,21,signatures,True,success,False,False,
pm_css,pm_css-n21k0-s94,94,21,0,21,linear_dependency,False,success,False,False,
pm_css,pm_css-n21k0-s94,94,21,0,21,signatures,True,success,False,False,
pm_css,pm_css-n21k4-s89,89,21,4,17,linear_dependency,False,success,False,False,
pm_css,pm_css-n21k4-s89,89,21,4,17,signatures,True,success,False,False,
pm_css,pm_css-n21k4-s773,773,21,4,17,linear_dependency,True,success,False,False,
pm_css,pm_css-n21k4-s773,773,21,4,17,signatures,True,success,False,False,
pm_css,pm_css-n21k4-s654,654,21,4,17,linear_dependency,True,success,False,False,
pm_css,pm_css-n21k4-s654,654,21,4,17,signatures,True,success,False,False,
pm_css,pm_css-n21k4-s438,438,21,4,17,linear_dependency,True,success,False,False,
pm_css,pm_css-n21k4-s438,438,21,4,17,signatures,True,success,False,False,
pm_css,pm_css-n21k4-s433,433,21,4,17,linear_dependency,True,success,False,False,
pm_css,pm_css-n21k4-s433,433,21,4,17,signatures,True,success,False,False,
pm_css,pm_css-n21k4-s858,858,21,4,17,linear_dependency,True,success,False,False,
pm_css,pm_css-n21k4-s858,858,21,4,17,signatures,True,success,False,False,
pm_css,pm_css-n21k4-s85,85,21,4,17,linear_dependency,True,success,False,False,
pm_css,pm_css-n21k4-s85,85,21,4,17,signatures,True,success,False,False,
pm_css,pm_css-n21k4-s697,697,21,4,17,linear_dependency,True,success,False,False,
pm_css,pm_css-n21k4-s697,697,21,4,17,signatures,True,success,False,False,
pm_css,pm_css-n21k4-s201,201,21,4,17,linear_dependency,True,success,False,False,
pm_css,pm_css-n21k4-s201,201,21,4,17,signatures,True,success,False,False,
pm_css,pm_css-n21k4-s94,94,21,4,17,linear_dependency,False,success,False,False,
pm_css,pm_css-n21k4-s94,94,21,4,17,signatures,True,success,False,False,
pm_css,pm_css-n21k8-s89,89,21,8,13,linear_dependency,True,success,False,False,
pm_css,pm_css-n21k8-s89,89,21,8,13,signatures,True,success,False,False,
pm_css,pm_css-n21k8-s773,773,21,8,13,linear_dependency,True,success,False,False,
pm_css,pm_css-n21k8-s773,773,21,8,13,signatures,True,success,False,False,
pm_css,pm_css-n21k8-s654,654,21,8,13,linear_dependency,True,success,False,False,
pm_css,pm_css-n21k8-s654,654,21,8,13,signatures,True,success,False,False,
pm_css,pm_css-n21k8-s438,438,21,8,13,linear_dependency,True,success,False,False,
pm_css,pm_css-n21k8-s438,438,21,8,13,signatures,True,success,False,False,
pm_css,pm_css-n21k8-s433,433,21,8,13,linear_dependency,True,success,False,False,
pm_css,pm_css-n21k8-s433,433,21,8,13,signatures,True,success,False,False,
pm_css,pm_css-n21k8-s858,858,21,8,13,linear_dependency,False,success,False,False,
pm_css,pm_css-n21k8-s858,858,21,8,13,signatures,True,success,False,False,
pm_css,pm_css-n21k8-s85,85,21,8,13,linear_dependency,False,success,False,False,
pm_css,pm_css-n21k8-s85,85,21,8,13,signatures,True,success,False,False,
pm_css,pm_css-n21k8-s697,697,21,8,13,linear_dependency,True,success,False,False,
pm_css,pm_css-n21k8-s697,697,21,8,13,signatures,True,success,False,False,
pm_css,pm_css-n21k8-s201,201,21,8,13,linear_dependency,True,success,False,False,
pm_css,pm_css-n21k8-s201,201,21,8,13,signatures,True,success,False,False,
pm_css,pm_css-n21k8-s94,94,21,8,13,linear_dependency,True,success,False,False,
pm_css,pm_css-n21k8-s94,94,21,8,13,signatures,True,success,False,False,
pm_css,pm_css-n21k12-s89,89,21,12,9,linear_dependency,True,success,False,False,
pm_css,pm_css-n21k12-s89,89,21,12,9,signatures,True,success,False,False,
pm_css,pm_css-n21k12-s773,773,21,12,9,linear_dependency,True,success,False,False,
pm_css,pm_css-n21k12-s773,773,21,12,9,signatures,True,success,False,False,
pm_css,pm_css-n21k12-s654,654,21,12,9,linear_dependency,True,success,False,False,
pm_css,pm_css-n21k12-s654,654,21,12,9,signatures,True,success,False,False,
pm_css,pm_css-n21k12-s438,438,21,12,9,linear_dependency,False,success,False,False,
pm_css,pm_css-n21k12-s438,438,21,12,9,signatures,True,success,False,False,
pm_css,pm_css-n21k12-s433,433,21,12,9,linear_dependency,True,success,False,False,
pm_css,pm_css-n21k12-s433,433,21,12,9,signatures,True,success,False,False,
pm_css,pm_css-n21k12-s858,858,21,12,9,linear_dependency,True,success,False,False,
pm_css,pm_css-n21k12-s858,858,21,12,9,signatures,True,success,False,False,
pm_css,pm_css-n21k12-s85,85,21,12,9,linear_dependency,True,success,False,False,
pm_css,pm_css-n21k12-s85,85,21,12,9,signatures,True,success,False,False,
pm_css,pm_css-n21k12-s697,697,21,12,9,linear_dependency,True,success,False,False,
pm_css,pm_css-n21k12-s697,697,21,12,9,signatures,True,success,False,False,
pm_css,pm_css-n21k12-s201,201,21,12,9,linear_dependency,True,success,False,False,
pm_css,pm_css-n21k12-s201,201,21,12,9,signatures,True,success,False,False,
pm_css,pm_css-n21k12-s94,94,21,12,9,linear_dependency,True,success,False,False,
pm_css,pm_css-n21k12-s94,94,21,12,9,signatures,True,success,False,False,
pm_css,pm_css-n21k16-s89,89,21,16,5,linear_dependency,True,success,False,False,
pm_css,pm_css-n21k16-s89,89,21,16,5,signatures,True,success,False,False,
pm_css,pm_css-n21k16-s773,773,21,16,5,linear_dependency,True,success,False,False,
pm_css,pm_css-n21k16-s773,773,21,16,5,signatures,True,success,False,False,
pm_css,pm_css-n21k16-s654,654,21,16,5,linear_dependency,True,success,False,False,
pm_css,pm_css-n21k16-s654,654,21,16,5,signatures,True,success,False,False,
pm_css,pm_css-n21k16-s438,438,21,16,5,linear_dependency,True,success,False,False,
pm_css,pm_css-n21k16-s438,438,21,16,5,signatures,True,success,False,False,
pm_css,pm_css-n21k16-s433,433,21,16,5,linear_dependency,True,success,False,False,
pm_css,pm_css-n21k16-s433,433,21,16,5,signatures,True,success,False,False,
pm_css,pm_css-n21k16-s858,858,21,16,5,linear_dependency,True,success,False,False,
pm_css,pm_css-n21k16-s858,858,21,16,5,signatures,True,success,False,False,
pm_css,pm_css-n21k16-s85,85,21,16,5,linear_dependency,True,success,False,False,
pm_css,pm_css-n21k16-s85,85,21,16,5,signatures,True,success,False,False,
pm_css,pm_css-n21k16-s697,697,21,16,5,linear_dependency,True,success,False,False,
pm_css,pm_css-n21k16-s697,697,21,16,5,signatures,True,success,False,False,
pm_css,pm_css-n21k16-s201,201,21,16,5,linear_dependency,True,success,False,False,
pm_css,pm_css-n21k16-s201,201,21,16,5,signatures,True,success,False,False,
pm_css,pm_css-n21k16-s94,94,21,16,5,linear_dependency,True,success,False,False,
pm_css,pm_css-n21k16-s94,94,21,16,5,signatures,True,success,False,False,
pm_css,pm_css-n21k20-s89,89,21,20,1,linear_dependency,True,success,False,False,
pm_css,pm_css-n21k20-s89,89,21,20,1,signatures,True,success,False,False,
pm_css,pm_css-n21k20-s773,773,21,20,1,linear_dependency,True,success,False,False,
pm_css,pm_css-n21k20-s773,773,21,20,1,signatures,True,success,False,False,
pm_css,pm_css-n21k20-s654,654,21,20,1,linear_dependency,True,success,False,False,
pm_css,pm_css-n21k20-s654,654,21,20,1,signatures,False,success,False,False,
pm_css,pm_css-n21k20-s438,438,21,20,1,linear_dependency,,generation_error,False,False,RuntimeError: inequivalence certification timed out
pm_css,pm_css-n21k20-s438,438,21,20,1,signatures,,generation_error,False,False,RuntimeError: inequivalence certification timed out
pm_css,pm_css-n21k20-s433,433,21,20,1,linear_dependency,True,success,False,False,
pm_css,pm_css-n21k20-s433,433,21,20,1,signatures,True,success,False,False,
pm_css,pm_css-n21k20-s858,858,21,20,1,linear_dependency,,generation_error,False,False,RuntimeError: inequivalence certification timed out
pm_css,pm_css-n21k20-s858,858,21,20,1,signatures,,generation_error,False,False,RuntimeError: inequivalence certification timed out
pm_css,pm_css-n21k20-s85,85,21,20,1,linear_dependency,True,success,False,False,
pm_css,pm_css-n21k20-s85,85,21,20,1,signatures,True,success,False,False,
pm_css,pm_css-n21k20-s697,697,21,20,1,linear_dependency,True,success,False,False,
pm_css,pm_css-n21k20-s697,697,21,20,1,signatures,True,success,False,False,
pm_css,pm_css-n21k20-s201,201,21,20,1,linear_dependency,True,success,False,False,
pm_css,pm_css-n21k20-s201,201,21,20,1,signatures,True,success,False,False,
pm_css,pm_css-n21k20-s94,94,21,20,1,linear_dependency,True,success,False,False,
pm_css,pm_css-n21k20-s94,94,21,20,1,signatures,False,success,False,False,
pm_css,pm_css-n22k0-s89,89,22,0,22,linear_dependency,False,success,False,False,
pm_css,pm_css-n22k0-s89,89,22,0,22,signatures,True,success,False,False,
pm_css,pm_css-n22k0-s773,773,22,0,22,linear_dependency,False,success,False,False,
pm_css,pm_css-n22k0-s773,773,22,0,22,signatures,True,success,False,False,
pm_css,pm_css-n22k0-s654,654,22,0,22,linear_dependency,True,success,False,False,
pm_css,pm_css-n22k0-s654,654,22,0,22,signatures,True,success,False,False,
pm_css,pm_css-n22k0-s438,438,22,0,22,linear_dependency,True,success,False,False,
pm_css,pm_css-n22k0-s438,438,22,0,22,signatures,True,success,False,False,
pm_css,pm_css-n22k0-s433,433,22,0,22,linear_dependency,True,success,False,False,
pm_css,pm_css-n22k0-s433,433,22,0,22,signatures,True,success,False,False,
pm_css,pm_css-n22k0-s858,858,22,0,22,linear_dependency,True,success,False,False,
pm_css,pm_css-n22k0-s858,858,22,0,22,signatures,True,success,False,False,
pm_css,pm_css-n22k0-s85,85,22,0,22,linear_dependency,True,success,False,False,
pm_css,pm_css-n22k0-s85,85,22,0,22,signatures,True,success,False,False,
pm_css,pm_css-n22k0-s697,697,22,0,22,linear_dependency,True,success,False,False,
pm_css,pm_css-n22k0-s697,697,22,0,22,signatures,True,success,False,False,
pm_css,pm_css-n22k0-s201,201,22,0,22,linear_dependency,True,success,False,False,
pm_css,pm_css-n22k0-s201,201,22,0,22,signatures,True,success,False,False,
pm_css,pm_css-n22k0-s94,94,22,0,22,linear_dependency,True,success,False,False,
pm_css,pm_css-n22k0-s94,94,22,0,22,signatures,True,success,False,False,
pm_css,pm_css-n22k4-s89,89,22,4,18,linear_dependency,True,success,False,False,
pm_css,pm_css-n22k4-s89,89,22,4,18,signatures,True,success,False,False,
pm_css,pm_css-n22k4-s773,773,22,4,18,linear_dependency,True,success,False,False,
pm_css,pm_css-n22k4-s773,773,22,4,18,signatures,True,success,False,False,
pm_css,pm_css-n22k4-s654,654,22,4,18,linear_dependency,True,success,False,False,
pm_css,pm_css-n22k4-s654,654,22,4,18,signatures,True,success,False,False,
pm_css,pm_css-n22k4-s438,438,22,4,18,linear_dependency,False,success,False,False,
pm_css,pm_css-n22k4-s438,438,22,4,18,signatures,True,success,False,False,
pm_css,pm_css-n22k4-s433,433,22,4,18,linear_dependency,True,success,False,False,
pm_css,pm_css-n22k4-s433,433,22,4,18,signatures,True,success,False,False,
pm_css,pm_css-n22k4-s858,858,22,4,18,linear_dependency,True,success,False,False,
pm_css,pm_css-n22k4-s858,858,22,4,18,signatures,True,success,False,False,
pm_css,pm_css-n22k4-s85,85,22,4,18,linear_dependency,True,success,False,False,
pm_css,pm_css-n22k4-s85,85,22,4,18,signatures,True,success,False,False,
pm_css,pm_css-n22k4-s697,697,22,4,18,linear_dependency,True,success,False,False,
pm_css,pm_css-n22k4-s697,697,22,4,18,signatures,True,success,False,False,
pm_css,pm_css-n22k4-s201,201,22,4,18,linear_dependency,True,success,False,False,
pm_css,pm_css-n22k4-s201,201,22,4,18,signatures,True,success,False,False,
pm_css,pm_css-n22k4-s94,94,22,4,18,linear_dependency,False,success,False,False,
pm_css,pm_css-n22k4-s94,94,22,4,18,signatures,True,success,False,False,
pm_css,pm_css-n22k8-s89,89,22,8,14,linear_dependency,True,success,False,False,
pm_css,pm_css-n22k8-s89,89,22,8,14,signatures,True,success,False,False,
pm_css,pm_css-n22k8-s773,773,22,8,14,linear_dependency,True,success,False,False,
pm_css,pm_css-n22k8-s773,773,22,8,14,signatures,True,success,False,False,
pm_css,pm_css-n22k8-s654,654,22,8,14,linear_dependency,False,success,False,False,
pm_css,pm_css-n22k8-s654,654,22,8,14,signatures,True,success,False,False,
pm_css,pm_css-n22k8-s438,438,22,8,14,linear_dependency,True,success,False,False,
pm_css,pm_css-n22k8-s438,438,22,8,14,signatures,True,success,False,False,
pm_css,pm_css-n22k8-s433,433,22,8,14,linear_dependency,True,success,False,False,
pm_css,pm_css-n22k8-s433,433,22,8,14,signatures,True,success,False,False,
pm_css,pm_css-n22k8-s858,858,22,8,14,linear_dependency,True,success,False,False,
pm_css,pm_css-n22k8-s858,858,22,8,14,signatures,True,success,False,False,
pm_css,pm_css-n22k8-s85,85,22,8,14,linear_dependency,True,success,False,False,
pm_css,pm_css-n22k8-s85,85,22,8,14,signatures,True,success,False,False,
pm_css,pm_css-n22k8-s697,697,22,8,14,linear_dependency,True,success,False,False,
pm_css,pm_css-n22k8-s697,697,22,8,14,signatures,True,success,False,False,
pm_css,pm_css-n22k8-s201,201,22,8,14,linear_dependency,True,success,False,False,
pm_css,pm_css-n22k8-s201,201,22,8,14,signatures,True,success,False,False,
pm_css,pm_css-n22k8-s94,94,22,8,14,linear_dependency,True,success,False,False,
pm_css,pm_css-n22k8-s94,94,22,8,14,signatures,True,success,False,False,
pm_css,pm_css-n22k12-s89,89,22,12,10,linear_dependency,False,success,False,False,
pm_css,pm_css-n22k12-s89,89,22,12,10,signatures,True,success,False,False,
pm_css,pm_css-n22k12-s773,773,22,12,10,linear_dependency,False,success,False,False,
pm_css,pm_css-n22k12-s773,773,22,12,10,signatures,True,success,False,False,
pm_css,pm_css-n22k12-s654,654,22,12,10,linear_dependency,True,success,False,False,
pm_css,pm_css-n22k12-s654,654,22,12,10,signatures,True,success,False,False,
pm_css,pm_css-n22k12-s438,438,22,12,10,linear_dependency,True,success,False,False,
pm_css,pm_css-n22k12-s438,438,22,12,10,signatures,True,success,False,False,
pm_css,pm_css-n22k12-s433,433,22,12,10,linear_dependency,True,success,False,False,
pm_css,pm_css-n22k12-s433,433,22,12,10,signatures,True,success,False,False,
pm_css,pm_css-n22k12-s858,858,22,12,10,linear_dependency,True,success,False,False,
pm_css,pm_css-n22k12-s858,858,22,12,10,signatures,True,success,False,False,
pm_css,pm_css-n22k12-s85,85,22,12,10,linear_dependency,True,success,False,False,
pm_css,pm_css-n22k12-s85,85,22,12,10,signatures,True,success,False,False,
pm_css,pm_css-n22k12-s697,697,22,12,10,linear_dependency,True,success,False,False,
pm_css,pm_css-n22k12-s697,697,22,12,10,signatures,True,success,False,False,
pm_css,pm_css-n22k12-s201,201,22,12,10,linear_dependency,True,success,False,False,
pm_css,pm_css-n22k12-s201,201,22,12,10,signatures,True,success,False,False,
pm_css,pm_css-n22k12-s94,94,22,12,10,linear_dependency,True,success,False,False,
pm_css,pm_css-n22k12-s94,94,22,12,10,signatures,True,success,False,False,
pm_css,pm_css-n22k16-s89,89,22,16,6,linear_dependency,True,success,False,False,
pm_css,pm_css-n22k16-s89,89,22,16,6,signatures,True,success,False,False,
pm_css,pm_css-n22k16-s773,773,22,16,6,linear_dependency,True,success,False,False,
pm_css,pm_css-n22k16-s773,773,22,16,6,signatures,True,success,False,False,
pm_css,pm_css-n22k16-s654,654,22,16,6,linear_dependency,True,success,False,False,
pm_css,pm_css-n22k16-s654,654,22,16,6,signatures,True,success,False,False,
pm_css,pm_css-n22k16-s438,438,22,16,6,linear_dependency,True,success,False,False,
pm_css,pm_css-n22k16-s438,438,22,16,6,signatures,True,success,False,False,
pm_css,pm_css-n22k16-s433,433,22,16,6,linear_dependency,True,success,False,False,
pm_css,pm_css-n22k16-s433,433,22,16,6,signatures,True,success,False,False,
pm_css,pm_css-n22k16-s858,858,22,16,6,linear_dependency,True,success,False,False,
pm_css,pm_css-n22k16-s858,858,22,16,6,signatures,True,success,False,False,
pm_css,pm_css-n22k16-s85,85,22,16,6,linear_dependency,True,success,False,False,
pm_css,pm_css-n22k16-s85,85,22,16,6,signatures,True,success,False,False,
pm_css,pm_css-n22k16-s697,697,22,16,6,linear_dependency,True,success,False,False,
pm_css,pm_css-n22k16-s697,697,22,16,6,signatures,True,success,False,False,
pm_css,pm_css-n22k16-s201,201,22,16,6,linear_dependency,True,success,False,False,
pm_css,pm_css-n22k16-s201,201,22,16,6,signatures,True,success,False,False,
pm_css,pm_css-n22k16-s94,94,22,16,6,linear_dependency,True,success,False,False,
pm_css,pm_css-n22k16-s94,94,22,16,6,signatures,True,success,False,False,
pm_css,pm_css-n22k20-s89,89,22,20,2,linear_dependency,True,success,False,False,
pm_css,pm_css-n22k20-s89,89,22,20,2,signatures,True,success,False,False,
pm_css,pm_css-n22k20-s773,773,22,20,2,linear_dependency,True,success,False,False,
pm_css,pm_css-n22k20-s773,773,22,20,2,signatures,True,success,False,False,
pm_css,pm_css-n22k20-s654,654,22,20,2,linear_dependency,True,success,False,False,
pm_css,pm_css-n22k20-s654,654,22,20,2,signatures,True,success,False,False,
pm_css,pm_css-n22k20-s438,438,22,20,2,linear_dependency,True,success,False,False,
pm_css,pm_css-n22k20-s438,438,22,20,2,signatures,True,success,False,False,
pm_css,pm_css-n22k20-s433,433,22,20,2,linear_dependency,True,success,False,False,
pm_css,pm_css-n22k20-s433,433,22,20,2,signatures,True,success,False,False,
pm_css,pm_css-n22k20-s858,858,22,20,2,linear_dependency,True,success,False,False,
pm_css,pm_css-n22k20-s858,858,22,20,2,signatures,True,success,False,False,
pm_css,pm_css-n22k20-s85,85,22,20,2,linear_dependency,True,success,False,False,
pm_css,pm_css-n22k20-s85,85,22,20,2,signatures,True,success,False,False,
pm_css,pm_css-n22k20-s697,697,22,20,2,linear_dependency,True,success,False,False,
pm_css,pm_css-n22k20-s697,697,22,20,2,signatures,True,success,False,False,
pm_css,pm_css-n22k20-s201,201,22,20,2,linear_dependency,True,success,False,False,
pm_css,pm_css-n22k20-s201,201,22,20,2,signatures,True,success,False,False,
pm_css,pm_css-n22k20-s94,94,22,20,2,linear_dependency,True,success,False,False,
pm_css,pm_css-n22k20-s94,94,22,20,2,signatures,True,success,False,False,
pm_css,pm_css-n23k0-s89,89,23,0,23,linear_dependency,True,success,False,False,
pm_css,pm_css-n23k0-s89,89,23,0,23,signatures,True,success,False,False,
pm_css,pm_css-n23k0-s773,773,23,0,23,linear_dependency,True,success,False,False,
pm_css,pm_css-n23k0-s773,773,23,0,23,signatures,True,success,False,False,
pm_css,pm_css-n23k0-s654,654,23,0,23,linear_dependency,True,success,False,False,
pm_css,pm_css-n23k0-s654,654,23,0,23,signatures,True,success,False,False,
pm_css,pm_css-n23k0-s438,438,23,0,23,linear_dependency,True,success,False,False,
pm_css,pm_css-n23k0-s438,438,23,0,23,signatures,True,success,False,False,
pm_css,pm_css-n23k0-s433,433,23,0,23,linear_dependency,True,success,False,False,
pm_css,pm_css-n23k0-s433,433,23,0,23,signatures,True,success,False,False,
pm_css,pm_css-n23k0-s858,858,23,0,23,linear_dependency,True,success,False,False,
pm_css,pm_css-n23k0-s858,858,23,0,23,signatures,True,success,False,False,
pm_css,pm_css-n23k0-s85,85,23,0,23,linear_dependency,True,success,False,False,
pm_css,pm_css-n23k0-s85,85,23,0,23,signatures,True,success,False,False,
pm_css,pm_css-n23k0-s697,697,23,0,23,linear_dependency,True,success,False,False,
pm_css,pm_css-n23k0-s697,697,23,0,23,signatures,True,success,False,False,
pm_css,pm_css-n23k0-s201,201,23,0,23,linear_dependency,True,success,False,False,
pm_css,pm_css-n23k0-s201,201,23,0,23,signatures,True,success,False,False,
pm_css,pm_css-n23k0-s94,94,23,0,23,linear_dependency,True,success,False,False,
pm_css,pm_css-n23k0-s94,94,23,0,23,signatures,True,success,False,False,
pm_css,pm_css-n23k4-s89,89,23,4,19,linear_dependency,True,success,False,False,
pm_css,pm_css-n23k4-s89,89,23,4,19,signatures,True,success,False,False,
pm_css,pm_css-n23k4-s773,773,23,4,19,linear_dependency,False,success,False,False,
pm_css,pm_css-n23k4-s773,773,23,4,19,signatures,True,success,False,False,
pm_css,pm_css-n23k4-s654,654,23,4,19,linear_dependency,True,success,False,False,
pm_css,pm_css-n23k4-s654,654,23,4,19,signatures,True,success,False,False,
pm_css,pm_css-n23k4-s438,438,23,4,19,linear_dependency,True,success,False,False,
pm_css,pm_css-n23k4-s438,438,23,4,19,signatures,True,success,False,False,
pm_css,pm_css-n23k4-s433,433,23,4,19,linear_dependency,False,success,False,False,
pm_css,pm_css-n23k4-s433,433,23,4,19,signatures,True,success,False,False,
pm_css,pm_css-n23k4-s858,858,23,4,19,linear_dependency,False,success,False,False,
pm_css,pm_css-n23k4-s858,858,23,4,19,signatures,True,success,False,False,
pm_css,pm_css-n23k4-s85,85,23,4,19,linear_dependency,False,success,False,False,
pm_css,pm_css-n23k4-s85,85,23,4,19,signatures,True,success,False,False,
pm_css,pm_css-n23k4-s697,697,23,4,19,linear_dependency,True,success,False,False,
pm_css,pm_css-n23k4-s697,697,23,4,19,signatures,True,success,False,False,
pm_css,pm_css-n23k4-s201,201,23,4,19,linear_dependency,True,success,False,False,
pm_css,pm_css-n23k4-s201,201,23,4,19,signatures,True,success,False,False,
pm_css,pm_css-n23k4-s94,94,23,4,19,linear_dependency,True,success,False,False,
pm_css,pm_css-n23k4-s94,94,23,4,19,signatures,True,success,False,False,
pm_css,pm_css-n23k8-s89,89,23,8,15,linear_dependency,True,success,False,False,
pm_css,pm_css-n23k8-s89,89,23,8,15,signatures,True,success,False,False,
pm_css,pm_css-n23k8-s773,773,23,8,15,linear_dependency,True,success,False,False,
pm_css,pm_css-n23k8-s773,773,23,8,15,signatures,True,success,False,False,
pm_css,pm_css-n23k8-s654,654,23,8,15,linear_dependency,True,success,False,False,
pm_css,pm_css-n23k8-s654,654,23,8,15,signatures,True,success,False,False,
pm_css,pm_css-n23k8-s438,438,23,8,15,linear_dependency,True,success,False,False,
pm_css,pm_css-n23k8-s438,438,23,8,15,signatures,True,success,False,False,
pm_css,pm_css-n23k8-s433,433,23,8,15,linear_dependency,False,success,False,False,
pm_css,pm_css-n23k8-s433,433,23,8,15,signatures,True,success,False,False,
pm_css,pm_css-n23k8-s858,858,23,8,15,linear_dependency,True,success,False,False,
pm_css,pm_css-n23k8-s858,858,23,8,15,signatures,True,success,False,False,
pm_css,pm_css-n23k8-s85,85,23,8,15,linear_dependency,True,success,False,False,
pm_css,pm_css-n23k8-s85,85,23,8,15,signatures,True,success,False,False,
pm_css,pm_css-n23k8-s697,697,23,8,15,linear_dependency,True,success,False,False,
pm_css,pm_css-n23k8-s697,697,23,8,15,signatures,True,success,False,False,
pm_css,pm_css-n23k8-s201,201,23,8,15,linear_dependency,True,success,False,False,
pm_css,pm_css-n23k8-s201,201,23,8,15,signatures,True,success,False,False,
pm_css,pm_css-n23k8-s94,94,23,8,15,linear_dependency,True,success,False,False,
pm_css,pm_css-n23k8-s94,94,23,8,15,signatures,True,success,False,False,
pm_css,pm_css-n23k12-s89,89,23,12,11,linear_dependency,True,success,False,False,
pm_css,pm_css-n23k12-s89,89,23,12,11,signatures,True,success,False,False,
pm_css,pm_css-n23k12-s773,773,23,12,11,linear_dependency,True,success,False,False,
pm_css,pm_css-n23k12-s773,773,23,12,11,signatures,True,success,False,False,
pm_css,pm_css-n23k12-s654,654,23,12,11,linear_dependency,True,success,False,False,
pm_css,pm_css-n23k12-s654,654,23,12,11,signatures,True,success,False,False,
pm_css,pm_css-n23k12-s438,438,23,12,11,linear_dependency,True,success,False,False,
pm_css,pm_css-n23k12-s438,438,23,12,11,signatures,True,success,False,False,
pm_css,pm_css-n23k12-s433,433,23,12,11,linear_dependency,True,success,False,False,
pm_css,pm_css-n23k12-s433,433,23,12,11,signatures,True,success,False,False,
pm_css,pm_css-n23k12-s858,858,23,12,11,linear_dependency,True,success,False,False,
pm_css,pm_css-n23k12-s858,858,23,12,11,signatures,True,success,False,False,
pm_css,pm_css-n23k12-s85,85,23,12,11,linear_dependency,True,success,False,False,
pm_css,pm_css-n23k12-s85,85,23,12,11,signatures,True,success,False,False,
pm_css,pm_css-n23k12-s697,697,23,12,11,linear_dependency,True,success,False,False,
pm_css,pm_css-n23k12-s697,697,23,12,11,signatures,True,success,False,False,
pm_css,pm_css-n23k12-s201,201,23,12,11,linear_dependency,True,success,False,False,
pm_css,pm_css-n23k12-s201,201,23,12,11,signatures,True,success,False,False,
pm_css,pm_css-n23k12-s94,94,23,12,11,linear_dependency,True,success,False,False,
pm_css,pm_css-n23k12-s94,94,23,12,11,signatures,True,success,False,False,
pm_css,pm_css-n23k16-s89,89,23,16,7,linear_dependency,True,success,False,False,
pm_css,pm_css-n23k16-s89,89,23,16,7,signatures,True,success,False,False,
pm_css,pm_css-n23k16-s773,773,23,16,7,linear_dependency,True,success,False,False,
pm_css,pm_css-n23k16-s773,773,23,16,7,signatures,True,success,False,False,
pm_css,pm_css-n23k16-s654,654,23,16,7,linear_dependency,True,success,False,False,
pm_css,pm_css-n23k16-s654,654,23,16,7,signatures,True,success,False,False,
pm_css,pm_css-n23k16-s438,438,23,16,7,linear_dependency,True,success,False,False,
pm_css,pm_css-n23k16-s438,438,23,16,7,signatures,True,success,False,False,
pm_css,pm_css-n23k16-s433,433,23,16,7,linear_dependency,True,success,False,False,
pm_css,pm_css-n23k16-s433,433,23,16,7,signatures,True,success,False,False,
pm_css,pm_css-n23k16-s858,858,23,16,7,linear_dependency,True,success,False,False,
pm_css,pm_css-n23k16-s858,858,23,16,7,signatures,True,success,False,False,
pm_css,pm_css-n23k16-s85,85,23,16,7,linear_dependency,True,success,False,False,
pm_css,pm_css-n23k16-s85,85,23,16,7,signatures,True,success,False,False,
pm_css,pm_css-n23k16-s697,697,23,16,7,linear_dependency,True,success,False,False,
pm_css,pm_css-n23k16-s697,697,23,16,7,signatures,True,success,False,False,
pm_css,pm_css-n23k16-s201,201,23,16,7,linear_dependency,True,success,False,False,
pm_css,pm_css-n23k16-s201,201,23,16,7,signatures,True,success,False,False,
pm_css,pm_css-n23k16-s94,94,23,16,7,linear_dependency,True,success,False,False,
pm_css,pm_css-n23k16-s94,94,23,16,7,signatures,True,success,False,False,
pm_css,pm_css-n23k20-s89,89,23,20,3,linear_dependency,True,success,False,False,
pm_css,pm_css-n23k20-s89,89,23,20,3,signatures,True,success,False,False,
pm_css,pm_css-n23k20-s773,773,23,20,3,linear_dependency,True,success,False,False,
pm_css,pm_css-n23k20-s773,773,23,20,3,signatures,True,success,False,False,
pm_css,pm_css-n23k20-s654,654,23,20,3,linear_dependency,True,success,False,False,
pm_css,pm_css-n23k20-s654,654,23,20,3,signatures,True,success,False,False,
pm_css,pm_css-n23k20-s438,438,23,20,3,linear_dependency,True,success,False,False,
pm_css,pm_css-n23k20-s438,438,23,20,3,signatures,True,success,False,False,
pm_css,pm_css-n23k20-s433,433,23,20,3,linear_dependency,True,success,False,False,
pm_css,pm_css-n23k20-s433,433,23,20,3,signatures,True,success,False,False,
pm_css,pm_css-n23k20-s858,858,23,20,3,linear_dependency,True,success,False,False,
pm_css,pm_css-n23k20-s858,858,23,20,3,signatures,True,success,False,False,
pm_css,pm_css-n23k20-s85,85,23,20,3,linear_dependency,True,success,False,False,
pm_css,pm_css-n23k20-s85,85,23,20,3,signatures,True,success,False,False,
pm_css,pm_css-n23k20-s697,697,23,20,3,linear_dependency,True,success,False,False,
pm_css,pm_css-n23k20-s697,697,23,20,3,signatures,True,success,False,False,
pm_css,pm_css-n23k20-s201,201,23,20,3,linear_dependency,True,success,False,False,
pm_css,pm_css-n23k20-s201,201,23,20,3,signatures,True,success,False,False,
pm_css,pm_css-n23k20-s94,94,23,20,3,linear_dependency,True,success,False,False,
pm_css,pm_css-n23k20-s94,94,23,20,3,signatures,True,success,False,False,
pm_css,pm_css-n24k0-s89,89,24,0,24,linear_dependency,True,success,False,False,
pm_css,pm_css-n24k0-s89,89,24,0,24,signatures,True,success,False,False,
pm_css,pm_css-n24k0-s773,773,24,0,24,linear_dependency,True,success,False,False,
pm_css,pm_css-n24k0-s773,773,24,0,24,signatures,True,success,False,False,
pm_css,pm_css-n24k0-s654,654,24,0,24,linear_dependency,True,success,False,False,
pm_css,pm_css-n24k0-s654,654,24,0,24,signatures,True,success,False,False,
pm_css,pm_css-n24k0-s438,438,24,0,24,linear_dependency,True,success,False,False,
pm_css,pm_css-n24k0-s438,438,24,0,24,signatures,True,success,False,False,
pm_css,pm_css-n24k0-s433,433,24,0,24,linear_dependency,True,success,False,False,
pm_css,pm_css-n24k0-s433,433,24,0,24,signatures,True,success,False,False,
pm_css,pm_css-n24k0-s858,858,24,0,24,linear_dependency,False,success,False,False,
pm_css,pm_css-n24k0-s858,858,24,0,24,signatures,True,success,False,False,
pm_css,pm_css-n24k0-s85,85,24,0,24,linear_dependency,True,success,False,False,
pm_css,pm_css-n24k0-s85,85,24,0,24,signatures,True,success,False,False,
pm_css,pm_css-n24k0-s697,697,24,0,24,linear_dependency,True,success,False,False,
pm_css,pm_css-n24k0-s697,697,24,0,24,signatures,True,success,False,False,
pm_css,pm_css-n24k0-s201,201,24,0,24,linear_dependency,True,success,False,False,
pm_css,pm_css-n24k0-s201,201,24,0,24,signatures,True,success,False,False,
pm_css,pm_css-n24k0-s94,94,24,0,24,linear_dependency,True,success,False,False,
pm_css,pm_css-n24k0-s94,94,24,0,24,signatures,True,success,False,False,
pm_css,pm_css-n24k4-s89,89,24,4,20,linear_dependency,True,success,False,False,
pm_css,pm_css-n24k4-s89,89,24,4,20,signatures,True,success,False,False,
pm_css,pm_css-n24k4-s773,773,24,4,20,linear_dependency,True,success,False,False,
pm_css,pm_css-n24k4-s773,773,24,4,20,signatures,True,success,False,False,
pm_css,pm_css-n24k4-s654,654,24,4,20,linear_dependency,False,success,False,False,
pm_css,pm_css-n24k4-s654,654,24,4,20,signatures,True,success,False,False,
pm_css,pm_css-n24k4-s438,438,24,4,20,linear_dependency,True,success,False,False,
pm_css,pm_css-n24k4-s438,438,24,4,20,signatures,True,success,False,False,
pm_css,pm_css-n24k4-s433,433,24,4,20,linear_dependency,False,success,False,False,
pm_css,pm_css-n24k4-s433,433,24,4,20,signatures,True,success,False,False,
pm_css,pm_css-n24k4-s858,858,24,4,20,linear_dependency,True,success,False,False,
pm_css,pm_css-n24k4-s858,858,24,4,20,signatures,True,success,False,False,
pm_css,pm_css-n24k4-s85,85,24,4,20,linear_dependency,True,success,False,False,
pm_css,pm_css-n24k4-s85,85,24,4,20,signatures,True,success,False,False,
pm_css,pm_css-n24k4-s697,697,24,4,20,linear_dependency,True,success,False,False,
pm_css,pm_css-n24k4-s697,697,24,4,20,signatures,True,success,False,False,
pm_css,pm_css-n24k4-s201,201,24,4,20,linear_dependency,True,success,False,False,
pm_css,pm_css-n24k4-s201,201,24,4,20,signatures,True,success,False,False,
pm_css,pm_css-n24k4-s94,94,24,4,20,linear_dependency,True,success,False,False,
pm_css,pm_css-n24k4-s94,94,24,4,20,signatures,True,success,False,False,
pm_css,pm_css-n24k8-s89,89,24,8,16,linear_dependency,True,success,False,False,
pm_css,pm_css-n24k8-s89,89,24,8,16,signatures,True,success,False,False,
pm_css,pm_css-n24k8-s773,773,24,8,16,linear_dependency,False,success,False,False,
pm_css,pm_css-n24k8-s773,773,24,8,16,signatures,True,success,False,False,
pm_css,pm_css-n24k8-s654,654,24,8,16,linear_dependency,True,success,False,False,
pm_css,pm_css-n24k8-s654,654,24,8,16,signatures,True,success,False,False,
pm_css,pm_css-n24k8-s438,438,24,8,16,linear_dependency,True,success,False,False,
pm_css,pm_css-n24k8-s438,438,24,8,16,signatures,True,success,False,False,
pm_css,pm_css-n24k8-s433,433,24,8,16,linear_dependency,True,success,False,False,
pm_css,pm_css-n24k8-s433,433,24,8,16,signatures,True,success,False,False,
pm_css,pm_css-n24k8-s858,858,24,8,16,linear_dependency,True,success,False,False,
pm_css,pm_css-n24k8-s858,858,24,8,16,signatures,True,success,False,False,
pm_css,pm_css-n24k8-s85,85,24,8,16,linear_dependency,True,success,False,False,
pm_css,pm_css-n24k8-s85,85,24,8,16,signatures,True,success,False,False,
pm_css,pm_css-n24k8-s697,697,24,8,16,linear_dependency,True,success,False,False,
pm_css,pm_css-n24k8-s697,697,24,8,16,signatures,True,success,False,False,
pm_css,pm_css-n24k8-s201,201,24,8,16,linear_dependency,True,success,False,False,
pm_css,pm_css-n24k8-s201,201,24,8,16,signatures,True,success,False,False,
pm_css,pm_css-n24k8-s94,94,24,8,16,linear_dependency,False,success,False,False,
pm_css,pm_css-n24k8-s94,94,24,8,16,signatures,True,success,False,False,
pm_css,pm_css-n24k12-s89,89,24,12,12,linear_dependency,True,success,False,False,
pm_css,pm_css-n24k12-s89,89,24,12,12,signatures,True,success,False,False,
pm_css,pm_css-n24k12-s773,773,24,12,12,linear_dependency,True,success,False,False,
pm_css,pm_css-n24k12-s773,773,24,12,12,signatures,True,success,False,False,
pm_css,pm_css-n24k12-s654,654,24,12,12,linear_dependency,False,success,False,False,
pm_css,pm_css-n24k12-s654,654,24,12,12,signatures,True,success,False,False,
pm_css,pm_css-n24k12-s438,438,24,12,12,linear_dependency,True,success,False,False,
pm_css,pm_css-n24k12-s438,438,24,12,12,signatures,True,success,False,False,
pm_css,pm_css-n24k12-s433,433,24,12,12,linear_dependency,False,success,False,False,
pm_css,pm_css-n24k12-s433,433,24,12,12,signatures,True,success,False,False,
pm_css,pm_css-n24k12-s858,858,24,12,12,linear_dependency,True,success,False,False,
pm_css,pm_css-n24k12-s858,858,24,12,12,signatures,True,success,False,False,
pm_css,pm_css-n24k12-s85,85,24,12,12,linear_dependency,True,success,False,False,
pm_css,pm_css-n24k12-s85,85,24,12,12,signatures,True,success,False,False,
pm_css,pm_css-n24k12-s697,697,24,12,12,linear_dependency,True,success,False,False,
pm_css,pm_css-n24k12-s697,697,24,12,12,signatures,True,success,False,False,
pm_css,pm_css-n24k12-s201,201,24,12,12,linear_dependency,True,success,False,False,
pm_css,pm_css-n24k12-s201,201,24,12,12,signatures,True,success,False,False,
pm_css,pm_css-n24k12-s94,94,24,12,12,linear_dependency,True,success,False,False,
pm_css,pm_css-n24k12-s94,94,24,12,12,signatures,True,success,False,False,
pm_css,pm_css-n24k16-s89,89,24,16,8,linear_dependency,True,success,False,False,
pm_css,pm_css-n24k16-s89,89,24,16,8,signatures,True,success,False,False,
pm_css,pm_css-n24k16-s773,773,24,16,8,linear_dependency,True,success,False,False,
pm_css,pm_css-n24k16-s773,773,24,16,8,signatures,True,success,False,False,
pm_css,pm_css-n24k16-s654,654,24,16,8,linear_dependency,True,success,False,False,
pm_css,pm_css-n24k16-s654,654,24,16,8,signatures,True,success,False,False,
pm_css,pm_css-n24k16-s438,438,24,16,8,linear_dependency,True,success,False,False,
pm_css,pm_css-n24k16-s438,438,24,16,8,signatures,True,success,False,False,
pm_css,pm_css-n24k16-s433,433,24,16,8,linear_dependency,True,success,False,False,
pm_css,pm_css-n24k16-s433,433,24,16,8,signatures,True,success,False,False,
pm_css,pm_css-n24k16-s858,858,24,16,8,linear_dependency,True,success,False,False,
pm_css,pm_css-n24k16-s858,858,24,16,8,signatures,True,success,False,False,
pm_css,pm_css-n24k16-s85,85,24,16,8,linear_dependency,True,success,False,False,
pm_css,pm_css-n24k16-s85,85,24,16,8,signatures,True,success,False,False,
pm_css,pm_css-n24k16-s697,697,24,16,8,linear_dependency,True,success,False,False,
pm_css,pm_css-n24k16-s697,697,24,16,8,signatures,True,success,False,False,
pm_css,pm_css-n24k16-s201,201,24,16,8,linear_dependency,True,success,False,False,
pm_css,pm_css-n24k16-s201,201,24,16,8,signatures,True,success,False,False,
pm_css,pm_css-n24k16-s94,94,24,16,8,linear_dependency,True,success,False,False,
pm_css,pm_css-n24k16-s94,94,24,16,8,signatures,True,success,False,False,
pm_css,pm_css-n24k20-s89,89,24,20,4,linear_dependency,True,success,False,False,
pm_css,pm_css-n24k20-s89,89,24,20,4,signatures,True,success,False,False,
pm_css,pm_css-n24k20-s773,773,24,20,4,linear_dependency,True,success,False,False,
pm_css,pm_css-n24k20-s773,773,24,20,4,signatures,True,success,False,False,
pm_css,pm_css-n24k20-s654,654,24,20,4,linear_dependency,True,success,False,False,
pm_css,pm_css-n24k20-s654,654,24,20,4,signatures,True,success,False,False,
pm_css,pm_css-n24k20-s438,438,24,20,4,linear_dependency,True,success,False,False,
pm_css,pm_css-n24k20-s438,438,24,20,4,signatures,True,success,False,False,
pm_css,pm_css-n24k20-s433,433,24,20,4,linear_dependency,True,success,False,False,
pm_css,pm_css-n24k20-s433,433,24,20,4,signatures,True,success,False,False,
pm_css,pm_css-n24k20-s858,858,24,20,4,linear_dependency,True,success,False,False,
pm_css,pm_css-n24k20-s858,858,24,20,4,signatures,True,success,False,False,
pm_css,pm_css-n24k20-s85,85,24,20,4,linear_dependency,True,success,False,False,
pm_css,pm_css-n24k20-s85,85,24,20,4,signatures,True,success,False,False,
pm_css,pm_css-n24k20-s697,697,24,20,4,linear_dependency,True,success,False,False,
pm_css,pm_css-n24k20-s697,697,24,20,4,signatures,True,success,False,False,
pm_css,pm_css-n24k20-s201,201,24,20,4,linear_dependency,True,success,False,False,
pm_css,pm_css-n24k20-s201,201,24,20,4,signatures,True,success,False,False,
pm_css,pm_css-n24k20-s94,94,24,20,4,linear_dependency,True,success,False,False,
pm_css,pm_css-n24k20-s94,94,24,20,4,signatures,True,success,False,False,
pm_css,pm_css-n25k0-s89,89,25,0,25,linear_dependency,True,success,False,False,
pm_css,pm_css-n25k0-s89,89,25,0,25,signatures,True,success,False,False,
pm_css,pm_css-n25k0-s773,773,25,0,25,linear_dependency,True,success,False,False,
pm_css,pm_css-n25k0-s773,773,25,0,25,signatures,True,success,False,False,
pm_css,pm_css-n25k0-s654,654,25,0,25,linear_dependency,False,success,False,False,
pm_css,pm_css-n25k0-s654,654,25,0,25,signatures,True,success,False,False,
pm_css,pm_css-n25k0-s438,438,25,0,25,linear_dependency,True,success,False,False,
pm_css,pm_css-n25k0-s438,438,25,0,25,signatures,True,success,False,False,
pm_css,pm_css-n25k0-s433,433,25,0,25,linear_dependency,True,success,False,False,
pm_css,pm_css-n25k0-s433,433,25,0,25,signatures,True,success,False,False,
pm_css,pm_css-n25k0-s858,858,25,0,25,linear_dependency,True,success,False,False,
pm_css,pm_css-n25k0-s858,858,25,0,25,signatures,True,success,False,False,
pm_css,pm_css-n25k0-s85,85,25,0,25,linear_dependency,True,success,False,False,
pm_css,pm_css-n25k0-s85,85,25,0,25,signatures,True,success,False,False,
pm_css,pm_css-n25k0-s697,697,25,0,25,linear_dependency,False,success,False,False,
pm_css,pm_css-n25k0-s697,697,25,0,25,signatures,True,success,False,False,
pm_css,pm_css-n25k0-s201,201,25,0,25,linear_dependency,True,success,False,False,
pm_css,pm_css-n25k0-s201,201,25,0,25,signatures,True,success,False,False,
pm_css,pm_css-n25k0-s94,94,25,0,25,linear_dependency,True,success,False,False,
pm_css,pm_css-n25k0-s94,94,25,0,25,signatures,True,success,False,False,
pm_css,pm_css-n25k4-s89,89,25,4,21,linear_dependency,True,success,False,False,
pm_css,pm_css-n25k4-s89,89,25,4,21,signatures,True,success,False,False,
pm_css,pm_css-n25k4-s773,773,25,4,21,linear_dependency,True,success,False,False,
pm_css,pm_css-n25k4-s773,773,25,4,21,signatures,True,success,False,False,
pm_css,pm_css-n25k4-s654,654,25,4,21,linear_dependency,True,success,False,False,
pm_css,pm_css-n25k4-s654,654,25,4,21,signatures,True,success,False,False,
pm_css,pm_css-n25k4-s438,438,25,4,21,linear_dependency,True,success,False,False,
pm_css,pm_css-n25k4-s438,438,25,4,21,signatures,True,success,False,False,
pm_css,pm_css-n25k4-s433,433,25,4,21,linear_dependency,True,success,False,False,
pm_css,pm_css-n25k4-s433,433,25,4,21,signatures,True,success,False,False,
pm_css,pm_css-n25k4-s858,858,25,4,21,linear_dependency,True,success,False,False,
pm_css,pm_css-n25k4-s858,858,25,4,21,signatures,True,success,False,False,
pm_css,pm_css-n25k4-s85,85,25,4,21,linear_dependency,True,success,False,False,
pm_css,pm_css-n25k4-s85,85,25,4,21,signatures,True,success,False,False,
pm_css,pm_css-n25k4-s697,697,25,4,21,linear_dependency,True,success,False,False,
pm_css,pm_css-n25k4-s697,697,25,4,21,signatures,True,success,False,False,
pm_css,pm_css-n25k4-s201,201,25,4,21,linear_dependency,True,success,False,False,
pm_css,pm_css-n25k4-s201,201,25,4,21,signatures,True,success,False,False,
pm_css,pm_css-n25k4-s94,94,25,4,21,linear_dependency,True,success,False,False,
pm_css,pm_css-n25k4-s94,94,25,4,21,signatures,True,success,False,False,
pm_css,pm_css-n25k8-s89,89,25,8,17,linear_dependency,True,success,False,False,
pm_css,pm_css-n25k8-s89,89,25,8,17,signatures,True,success,False,False,
pm_css,pm_css-n25k8-s773,773,25,8,17,linear_dependency,True,success,False,False,
pm_css,pm_css-n25k8-s773,773,25,8,17,signatures,True,success,False,False,
pm_css,pm_css-n25k8-s654,654,25,8,17,linear_dependency,True,success,False,False,
pm_css,pm_css-n25k8-s654,654,25,8,17,signatures,True,success,False,False,
pm_css,pm_css-n25k8-s438,438,25,8,17,linear_dependency,False,success,False,False,
pm_css,pm_css-n25k8-s438,438,25,8,17,signatures,True,success,False,False,
pm_css,pm_css-n25k8-s433,433,25,8,17,linear_dependency,True,success,False,False,
pm_css,pm_css-n25k8-s433,433,25,8,17,signatures,True,success,False,False,
pm_css,pm_css-n25k8-s858,858,25,8,17,linear_dependency,True,success,False,False,
pm_css,pm_css-n25k8-s858,858,25,8,17,signatures,True,success,False,False,
pm_css,pm_css-n25k8-s85,85,25,8,17,linear_dependency,True,success,False,False,
pm_css,pm_css-n25k8-s85,85,25,8,17,signatures,True,success,False,False,
pm_css,pm_css-n25k8-s697,697,25,8,17,linear_dependency,True,success,False,False,
pm_css,pm_css-n25k8-s697,697,25,8,17,signatures,True,success,False,False,
pm_css,pm_css-n25k8-s201,201,25,8,17,linear_dependency,True,success,False,False,
pm_css,pm_css-n25k8-s201,201,25,8,17,signatures,True,success,False,False,
pm_css,pm_css-n25k8-s94,94,25,8,17,linear_dependency,True,success,False,False,
pm_css,pm_css-n25k8-s94,94,25,8,17,signatures,True,success,False,False,
pm_css,pm_css-n25k12-s89,89,25,12,13,linear_dependency,True,success,False,False,
pm_css,pm_css-n25k12-s89,89,25,12,13,signatures,True,success,False,False,
pm_css,pm_css-n25k12-s773,773,25,12,13,linear_dependency,True,success,False,False,
pm_css,pm_css-n25k12-s773,773,25,12,13,signatures,True,success,False,False,
pm_css,pm_css-n25k12-s654,654,25,12,13,linear_dependency,True,success,False,False,
pm_css,pm_css-n25k12-s654,654,25,12,13,signatures,True,success,False,False,
pm_css,pm_css-n25k12-s438,438,25,12,13,linear_dependency,True,success,False,False,
pm_css,pm_css-n25k12-s438,438,25,12,13,signatures,True,success,False,False,
pm_css,pm_css-n25k12-s433,433,25,12,13,linear_dependency,False,success,False,False,
pm_css,pm_css-n25k12-s433,433,25,12,13,signatures,True,success,False,False,
pm_css,pm_css-n25k12-s858,858,25,12,13,linear_dependency,False,success,False,False,
pm_css,pm_css-n25k12-s858,858,25,12,13,signatures,True,success,False,False,
pm_css,pm_css-n25k12-s85,85,25,12,13,linear_dependency,True,success,False,False,
pm_css,pm_css-n25k12-s85,85,25,12,13,signatures,True,success,False,False,
pm_css,pm_css-n25k12-s697,697,25,12,13,linear_dependency,False,success,False,False,
pm_css,pm_css-n25k12-s697,697,25,12,13,signatures,True,success,False,False,
pm_css,pm_css-n25k12-s201,201,25,12,13,linear_dependency,True,success,False,False,
pm_css,pm_css-n25k12-s201,201,25,12,13,signatures,True,success,False,False,
pm_css,pm_css-n25k12-s94,94,25,12,13,linear_dependency,True,success,False,False,
pm_css,pm_css-n25k12-s94,94,25,12,13,signatures,True,success,False,False,
pm_css,pm_css-n25k16-s89,89,25,16,9,linear_dependency,True,success,False,False,
pm_css,pm_css-n25k16-s89,89,25,16,9,signatures,True,success,False,False,
pm_css,pm_css-n25k16-s773,773,25,16,9,linear_dependency,False,success,False,False,
pm_css,pm_css-n25k16-s773,773,25,16,9,signatures,True,success,False,False,
pm_css,pm_css-n25k16-s654,654,25,16,9,linear_dependency,True,success,False,False,
pm_css,pm_css-n25k16-s654,654,25,16,9,signatures,True,success,False,False,
pm_css,pm_css-n25k16-s438,438,25,16,9,linear_dependency,True,success,False,False,
pm_css,pm_css-n25k16-s438,438,25,16,9,signatures,True,success,False,False,
pm_css,pm_css-n25k16-s433,433,25,16,9,linear_dependency,True,success,False,False,
pm_css,pm_css-n25k16-s433,433,25,16,9,signatures,True,success,False,False,
pm_css,pm_css-n25k16-s858,858,25,16,9,linear_dependency,True,success,False,False,
pm_css,pm_css-n25k16-s858,858,25,16,9,signatures,True,success,False,False,
pm_css,pm_css-n25k16-s85,85,25,16,9,linear_dependency,True,success,False,False,
pm_css,pm_css-n25k16-s85,85,25,16,9,signatures,True,success,False,False,
pm_css,pm_css-n25k16-s697,697,25,16,9,linear_dependency,True,success,False,False,
pm_css,pm_css-n25k16-s697,697,25,16,9,signatures,True,success,False,False,
pm_css,pm_css-n25k16-s201,201,25,16,9,linear_dependency,True,success,False,False,
pm_css,pm_css-n25k16-s201,201,25,16,9,signatures,True,success,False,False,
pm_css,pm_css-n25k16-s94,94,25,16,9,linear_dependency,True,success,False,False,
pm_css,pm_css-n25k16-s94,94,25,16,9,signatures,True,success,False,False,
pm_css,pm_css-n25k20-s89,89,25,20,5,linear_dependency,True,success,False,False,
pm_css,pm_css-n25k20-s89,89,25,20,5,signatures,True,success,False,False,
pm_css,pm_css-n25k20-s773,773,25,20,5,linear_dependency,True,success,False,False,
pm_css,pm_css-n25k20-s773,773,25,20,5,signatures,True,success,False,False,
pm_css,pm_css-n25k20-s654,654,25,20,5,linear_dependency,True,success,False,False,
pm_css,pm_css-n25k20-s654,654,25,20,5,signatures,True,success,False,False,
pm_css,pm_css-n25k20-s438,438,25,20,5,linear_dependency,True,success,False,False,
pm_css,pm_css-n25k20-s438,438,25,20,5,signatures,True,success,False,False,
pm_css,pm_css-n25k20-s433,433,25,20,5,linear_dependency,True,success,False,False,
pm_css,pm_css-n25k20-s433,433,25,20,5,signatures,True,success,False,False,
pm_css,pm_css-n25k20-s858,858,25,20,5,linear_dependency,True,success,False,False,
pm_css,pm_css-n25k20-s858,858,25,20,5,signatures,True,success,False,False,
pm_css,pm_css-n25k20-s85,85,25,20,5,linear_dependency,True,success,False,False,
pm_css,pm_css-n25k20-s85,85,25,20,5,signatures,True,success,False,False,
pm_css,pm_css-n25k20-s697,697,25,20,5,linear_dependency,True,success,False,False,
pm_css,pm_css-n25k20-s697,697,25,20,5,signatures,True,success,False,False,
pm_css,pm_css-n25k20-s201,201,25,20,5,linear_dependency,True,success,False,False,
pm_css,pm_css-n25k20-s201,201,25,20,5,signatures,True,success,False,False,
pm_css,pm_css-n25k20-s94,94,25,20,5,linear_dependency,True,success,False,False,
pm_css,pm_css-n25k20-s94,94,25,20,5,signatures,True,success,False,False,
pm_css,pm_css-n25k24-s89,89,25,24,1,linear_dependency,,generation_error,False,False,RuntimeError: inequivalence certification timed out
pm_css,pm_css-n25k24-s89,89,25,24,1,signatures,,generation_error,False,False,RuntimeError: inequivalence certification timed out
pm_css,pm_css-n25k24-s773,773,25,24,1,linear_dependency,True,success,False,False,
pm_css,pm_css-n25k24-s773,773,25,24,1,signatures,True,success,False,False,
pm_css,pm_css-n25k24-s654,654,25,24,1,linear_dependency,,generation_error,False,False,RuntimeError: inequivalence certification timed out
pm_css,pm_css-n25k24-s654,654,25,24,1,signatures,,generation_error,False,False,RuntimeError: inequivalence certification timed out
pm_css,pm_css-n25k24-s438,438,25,24,1,linear_dependency,,generation_error,False,False,RuntimeError: inequivalence certification timed out
pm_css,pm_css-n25k24-s438,438,25,24,1,signatures,,generation_error,False,False,RuntimeError: inequivalence certification timed out
pm_css,pm_css-n25k24-s433,433,25,24,1,linear_dependency,True,success,False,False,
pm_css,pm_css-n25k24-s433,433,25,24,1,signatures,True,success,False,False,
pm_css,pm_css-n25k24-s858,858,25,24,1,linear_dependency,True,success,False,False,
pm_css,pm_css-n25k24-s858,858,25,24,1,signatures,True,success,False,False,
pm_css,pm_css-n25k24-s85,85,25,24,1,linear_dependency,True,success,False,False,
pm_css,pm_css-n25k24-s85,85,25,24,1,signatures,True,success,False,False,
pm_css,pm_css-n25k24-s697,697,25,24,1,linear_dependency,,generation_error,False,False,RuntimeError: inequivalence certification timed out
pm_css,pm_css-n25k24-s697,697,25,24,1,signatures,,generation_error,False,False,RuntimeError: inequivalence certification timed out
pm_css,pm_css-n25k24-s201,201,25,24,1,linear_dependency,True,success,False,False,
pm_css,pm_css-n25k24-s201,201,25,24,1,signatures,True,success,False,False,
pm_css,pm_css-n25k24-s94,94,25,24,1,linear_dependency,True,success,False,False,
pm_css,pm_css-n25k24-s94,94,25,24,1,signatures,True,success,False,False,
pm_css,pm_css-n26k0-s89,89,26,0,26,linear_dependency,True,success,False,False,
pm_css,pm_css-n26k0-s89,89,26,0,26,signatures,True,success,False,False,
pm_css,pm_css-n26k0-s773,773,26,0,26,linear_dependency,False,success,False,False,
pm_css,pm_css-n26k0-s773,773,26,0,26,signatures,True,success,False,False,
pm_css,pm_css-n26k0-s654,654,26,0,26,linear_dependency,True,success,False,False,
pm_css,pm_css-n26k0-s654,654,26,0,26,signatures,True,success,False,False,
pm_css,pm_css-n26k0-s438,438,26,0,26,linear_dependency,True,success,False,False,
pm_css,pm_css-n26k0-s438,438,26,0,26,signatures,True,success,False,False,
pm_css,pm_css-n26k0-s433,433,26,0,26,linear_dependency,True,success,False,False,
pm_css,pm_css-n26k0-s433,433,26,0,26,signatures,True,success,False,False,
pm_css,pm_css-n26k0-s858,858,26,0,26,linear_dependency,True,success,False,False,
pm_css,pm_css-n26k0-s858,858,26,0,26,signatures,True,success,False,False,
pm_css,pm_css-n26k0-s85,85,26,0,26,linear_dependency,True,success,False,False,
pm_css,pm_css-n26k0-s85,85,26,0,26,signatures,True,success,False,False,
pm_css,pm_css-n26k0-s697,697,26,0,26,linear_dependency,True,success,False,False,
pm_css,pm_css-n26k0-s697,697,26,0,26,signatures,True,success,False,False,
pm_css,pm_css-n26k0-s201,201,26,0,26,linear_dependency,False,success,False,False,
pm_css,pm_css-n26k0-s201,201,26,0,26,signatures,True,success,False,False,
pm_css,pm_css-n26k0-s94,94,26,0,26,linear_dependency,True,success,False,False,
pm_css,pm_css-n26k0-s94,94,26,0,26,signatures,True,success,False,False,
pm_css,pm_css-n26k4-s89,89,26,4,22,linear_dependency,True,success,False,False,
pm_css,pm_css-n26k4-s89,89,26,4,22,signatures,True,success,False,False,
pm_css,pm_css-n26k4-s773,773,26,4,22,linear_dependency,True,success,False,False,
pm_css,pm_css-n26k4-s773,773,26,4,22,signatures,True,success,False,False,
pm_css,pm_css-n26k4-s654,654,26,4,22,linear_dependency,True,success,False,False,
pm_css,pm_css-n26k4-s654,654,26,4,22,signatures,True,success,False,False,
pm_css,pm_css-n26k4-s438,438,26,4,22,linear_dependency,True,success,False,False,
pm_css,pm_css-n26k4-s438,438,26,4,22,signatures,True,success,False,False,
pm_css,pm_css-n26k4-s433,433,26,4,22,linear_dependency,False,success,False,False,
pm_css,pm_css-n26k4-s433,433,26,4,22,signatures,True,success,False,False,
pm_css,pm_css-n26k4-s858,858,26,4,22,linear_dependency,True,success,False,False,
pm_css,pm_css-n26k4-s858,858,26,4,22,signatures,True,success,False,False,
pm_css,pm_css-n26k4-s85,85,26,4,22,linear_dependency,False,success,False,False,
pm_css,pm_css-n26k4-s85,85,26,4,22,signatures,True,success,False,False,
pm_css,pm_css-n26k4-s697,697,26,4,22,linear_dependency,True,success,False,False,
pm_css,pm_css-n26k4-s697,697,26,4,22,signatures,True,success,False,False,
pm_css,pm_css-n26k4-s201,201,26,4,22,linear_dependency,True,success,False,False,
pm_css,pm_css-n26k4-s201,201,26,4,22,signatures,True,success,False,False,
pm_css,pm_css-n26k4-s94,94,26,4,22,linear_dependency,True,success,False,False,
pm_css,pm_css-n26k4-s94,94,26,4,22,signatures,True,success,False,False,
pm_css,pm_css-n26k8-s89,89,26,8,18,linear_dependency,True,success,False,False,
pm_css,pm_css-n26k8-s89,89,26,8,18,signatures,True,success,False,False,
pm_css,pm_css-n26k8-s773,773,26,8,18,linear_dependency,True,success,False,False,
pm_css,pm_css-n26k8-s773,773,26,8,18,signatures,True,success,False,False,
pm_css,pm_css-n26k8-s654,654,26,8,18,linear_dependency,False,success,False,False,
pm_css,pm_css-n26k8-s654,654,26,8,18,signatures,True,success,False,False,
pm_css,pm_css-n26k8-s438,438,26,8,18,linear_dependency,True,success,False,False,
pm_css,pm_css-n26k8-s438,438,26,8,18,signatures,True,success,False,False,
pm_css,pm_css-n26k8-s433,433,26,8,18,linear_dependency,True,success,False,False,
pm_css,pm_css-n26k8-s433,433,26,8,18,signatures,True,success,False,False,
pm_css,pm_css-n26k8-s858,858,26,8,18,linear_dependency,True,success,False,False,
pm_css,pm_css-n26k8-s858,858,26,8,18,signatures,True,success,False,False,
pm_css,pm_css-n26k8-s85,85,26,8,18,linear_dependency,True,success,False,False,
pm_css,pm_css-n26k8-s85,85,26,8,18,signatures,True,success,False,False,
pm_css,pm_css-n26k8-s697,697,26,8,18,linear_dependency,True,success,False,False,
pm_css,pm_css-n26k8-s697,697,26,8,18,signatures,True,success,False,False,
pm_css,pm_css-n26k8-s201,201,26,8,18,linear_dependency,True,success,False,False,
pm_css,pm_css-n26k8-s201,201,26,8,18,signatures,True,success,False,False,
pm_css,pm_css-n26k8-s94,94,26,8,18,linear_dependency,False,success,False,False,
pm_css,pm_css-n26k8-s94,94,26,8,18,signatures,True,success,False,False,
pm_css,pm_css-n26k12-s89,89,26,12,14,linear_dependency,True,success,False,False,
pm_css,pm_css-n26k12-s89,89,26,12,14,signatures,True,success,False,False,
pm_css,pm_css-n26k12-s773,773,26,12,14,linear_dependency,True,success,False,False,
pm_css,pm_css-n26k12-s773,773,26,12,14,signatures,True,success,False,False,
pm_css,pm_css-n26k12-s654,654,26,12,14,linear_dependency,False,success,False,False,
pm_css,pm_css-n26k12-s654,654,26,12,14,signatures,True,success,False,False,
pm_css,pm_css-n26k12-s438,438,26,12,14,linear_dependency,False,success,False,False,
pm_css,pm_css-n26k12-s438,438,26,12,14,signatures,True,success,False,False,
pm_css,pm_css-n26k12-s433,433,26,12,14,linear_dependency,True,success,False,False,
pm_css,pm_css-n26k12-s433,433,26,12,14,signatures,True,success,False,False,
pm_css,pm_css-n26k12-s858,858,26,12,14,linear_dependency,False,success,False,False,
pm_css,pm_css-n26k12-s858,858,26,12,14,signatures,True,success,False,False,
pm_css,pm_css-n26k12-s85,85,26,12,14,linear_dependency,True,success,False,False,
pm_css,pm_css-n26k12-s85,85,26,12,14,signatures,True,success,False,False,
pm_css,pm_css-n26k12-s697,697,26,12,14,linear_dependency,True,success,False,False,
pm_css,pm_css-n26k12-s697,697,26,12,14,signatures,True,success,False,False,
pm_css,pm_css-n26k12-s201,201,26,12,14,linear_dependency,False,success,False,False,
pm_css,pm_css-n26k12-s201,201,26,12,14,signatures,True,success,False,False,
pm_css,pm_css-n26k12-s94,94,26,12,14,linear_dependency,False,success,False,False,
pm_css,pm_css-n26k12-s94,94,26,12,14,signatures,True,success,False,False,
pm_css,pm_css-n26k16-s89,89,26,16,10,linear_dependency,False,success,False,False,
pm_css,pm_css-n26k16-s89,89,26,16,10,signatures,True,success,False,False,
pm_css,pm_css-n26k16-s773,773,26,16,10,linear_dependency,True,success,False,False,
pm_css,pm_css-n26k16-s773,773,26,16,10,signatures,True,success,False,False,
pm_css,pm_css-n26k16-s654,654,26,16,10,linear_dependency,True,success,False,False,
pm_css,pm_css-n26k16-s654,654,26,16,10,signatures,True,success,False,False,
pm_css,pm_css-n26k16-s438,438,26,16,10,linear_dependency,True,success,False,False,
pm_css,pm_css-n26k16-s438,438,26,16,10,signatures,True,success,False,False,
pm_css,pm_css-n26k16-s433,433,26,16,10,linear_dependency,True,success,False,False,
pm_css,pm_css-n26k16-s433,433,26,16,10,signatures,True,success,False,False,
pm_css,pm_css-n26k16-s858,858,26,16,10,linear_dependency,True,success,False,False,
pm_css,pm_css-n26k16-s858,858,26,16,10,signatures,True,success,False,False,
pm_css,pm_css-n26k16-s85,85,26,16,10,linear_dependency,True,success,False,False,
pm_css,pm_css-n26k16-s85,85,26,16,10,signatures,True,success,False,False,
pm_css,pm_css-n26k16-s697,697,26,16,10,linear_dependency,True,success,False,False,
pm_css,pm_css-n26k16-s697,697,26,16,10,signatures,True,success,False,False,
pm_css,pm_css-n26k16-s201,201,26,16,10,linear_dependency,True,success,False,False,
pm_css,pm_css-n26k16-s201,201,26,16,10,signatures,True,success,False,False,
pm_css,pm_css-n26k16-s94,94,26,16,10,linear_dependency,False,success,False,False,
pm_css,pm_css-n26k16-s94,94,26,16,10,signatures,True,success,False,False,
pm_css,pm_css-n26k20-s89,89,26,20,6,linear_dependency,True,success,False,False,
pm_css,pm_css-n26k20-s89,89,26,20,6,signatures,True,success,False,False,
pm_css,pm_css-n26k20-s773,773,26,20,6,linear_dependency,True,success,False,False,
pm_css,pm_css-n26k20-s773,773,26,20,6,signatures,True,success,False,False,
pm_css,pm_css-n26k20-s654,654,26,20,6,linear_dependency,True,success,False,False,
pm_css,pm_css-n26k20-s654,654,26,20,6,signatures,True,success,False,False,
pm_css,pm_css-n26k20-s438,438,26,20,6,linear_dependency,True,success,False,False,
pm_css,pm_css-n26k20-s438,438,26,20,6,signatures,True,success,False,False,
pm_css,pm_css-n26k20-s433,433,26,20,6,linear_dependency,True,success,False,False,
pm_css,pm_css-n26k20-s433,433,26,20,6,signatures,True,success,False,False,
pm_css,pm_css-n26k20-s858,858,26,20,6,linear_dependency,True,success,False,False,
pm_css,pm_css-n26k20-s858,858,26,20,6,signatures,True,success,False,False,
pm_css,pm_css-n26k20-s85,85,26,20,6,linear_dependency,True,success,False,False,
pm_css,pm_css-n26k20-s85,85,26,20,6,signatures,True,success,False,False,
pm_css,pm_css-n26k20-s697,697,26,20,6,linear_dependency,True,success,False,False,
pm_css,pm_css-n26k20-s697,697,26,20,6,signatures,True,success,False,False,
pm_css,pm_css-n26k20-s201,201,26,20,6,linear_dependency,True,success,False,False,
pm_css,pm_css-n26k20-s201,201,26,20,6,signatures,True,success,False,False,
pm_css,pm_css-n26k20-s94,94,26,20,6,linear_dependency,True,success,False,False,
pm_css,pm_css-n26k20-s94,94,26,20,6,signatures,True,success,False,False,
pm_css,pm_css-n26k24-s89,89,26,24,2,linear_dependency,True,success,False,False,
pm_css,pm_css-n26k24-s89,89,26,24,2,signatures,True,success,False,False,
pm_css,pm_css-n26k24-s773,773,26,24,2,linear_dependency,True,success,False,False,
pm_css,pm_css-n26k24-s773,773,26,24,2,signatures,True,success,False,False,
pm_css,pm_css-n26k24-s654,654,26,24,2,linear_dependency,True,success,False,False,
pm_css,pm_css-n26k24-s654,654,26,24,2,signatures,True,success,False,False,
pm_css,pm_css-n26k24-s438,438,26,24,2,linear_dependency,True,success,False,False,
pm_css,pm_css-n26k24-s438,438,26,24,2,signatures,True,success,False,False,
pm_css,pm_css-n26k24-s433,433,26,24,2,linear_dependency,True,success,False,False,
pm_css,pm_css-n26k24-s433,433,26,24,2,signatures,True,success,False,False,
pm_css,pm_css-n26k24-s858,858,26,24,2,linear_dependency,True,success,False,False,
pm_css,pm_css-n26k24-s858,858,26,24,2,signatures,True,success,False,False,
pm_css,pm_css-n26k24-s85,85,26,24,2,linear_dependency,True,success,False,False,
pm_css,pm_css-n26k24-s85,85,26,24,2,signatures,True,success,False,False,
pm_css,pm_css-n26k24-s697,697,26,24,2,linear_dependency,True,success,False,False,
pm_css,pm_css-n26k24-s697,697,26,24,2,signatures,False,success,False,False,
pm_css,pm_css-n26k24-s201,201,26,24,2,linear_dependency,True,success,False,False,
pm_css,pm_css-n26k24-s201,201,26,24,2,signatures,True,success,False,False,
pm_css,pm_css-n26k24-s94,94,26,24,2,linear_dependency,True,success,False,False,
pm_css,pm_css-n26k24-s94,94,26,24,2,signatures,True,success,False,False,
pm_css,pm_css-n28k0-s89,89,28,0,28,linear_dependency,False,success,False,False,
pm_css,pm_css-n28k0-s89,89,28,0,28,signatures,True,success,False,False,
pm_css,pm_css-n28k0-s773,773,28,0,28,linear_dependency,True,success,False,False,
pm_css,pm_css-n28k0-s773,773,28,0,28,signatures,True,success,False,False,
pm_css,pm_css-n28k0-s654,654,28,0,28,linear_dependency,True,success,False,False,
pm_css,pm_css-n28k0-s654,654,28,0,28,signatures,True,success,False,False,
pm_css,pm_css-n28k0-s438,438,28,0,28,linear_dependency,True,success,False,False,
pm_css,pm_css-n28k0-s438,438,28,0,28,signatures,True,success,False,False,
pm_css,pm_css-n28k0-s433,433,28,0,28,linear_dependency,True,success,False,False,
pm_css,pm_css-n28k0-s433,433,28,0,28,signatures,True,success,False,False,
pm_css,pm_css-n28k0-s858,858,28,0,28,linear_dependency,True,success,False,False,
pm_css,pm_css-n28k0-s858,858,28,0,28,signatures,True,success,False,False,
pm_css,pm_css-n28k0-s85,85,28,0,28,linear_dependency,True,success,False,False,
pm_css,pm_css-n28k0-s85,85,28,0,28,signatures,True,success,False,False,
pm_css,pm_css-n28k0-s697,697,28,0,28,linear_dependency,True,success,False,False,
pm_css,pm_css-n28k0-s697,697,28,0,28,signatures,True,success,False,False,
pm_css,pm_css-n28k0-s201,201,28,0,28,linear_dependency,True,success,False,False,
pm_css,pm_css-n28k0-s201,201,28,0,28,signatures,True,success,False,False,
pm_css,pm_css-n28k0-s94,94,28,0,28,linear_dependency,True,success,False,False,
pm_css,pm_css-n28k0-s94,94,28,0,28,signatures,True,success,False,False,
pm_css,pm_css-n28k4-s89,89,28,4,24,linear_dependency,False,success,False,False,
pm_css,pm_css-n28k4-s89,89,28,4,24,signatures,True,success,False,False,
pm_css,pm_css-n28k4-s773,773,28,4,24,linear_dependency,True,success,False,False,
pm_css,pm_css-n28k4-s773,773,28,4,24,signatures,True,success,False,False,
pm_css,pm_css-n28k4-s654,654,28,4,24,linear_dependency,True,success,False,False,
pm_css,pm_css-n28k4-s654,654,28,4,24,signatures,True,success,False,False,
pm_css,pm_css-n28k4-s438,438,28,4,24,linear_dependency,True,success,False,False,
pm_css,pm_css-n28k4-s438,438,28,4,24,signatures,True,success,False,False,
pm_css,pm_css-n28k4-s433,433,28,4,24,linear_dependency,False,success,False,False,
pm_css,pm_css-n28k4-s433,433,28,4,24,signatures,True,success,False,False,
pm_css,pm_css-n28k4-s858,858,28,4,24,linear_dependency,False,success,False,False,
pm_css,pm_css-n28k4-s858,858,28,4,24,signatures,True,success,False,False,
pm_css,pm_css-n28k4-s85,85,28,4,24,linear_dependency,False,success,False,False,
pm_css,pm_css-n28k4-s85,85,28,4,24,signatures,True,success,False,False,
pm_css,pm_css-n28k4-s697,697,28,4,24,linear_dependency,False,success,False,False,
pm_css,pm_css-n28k4-s697,697,28,4,24,signatures,True,success,False,False,
pm_css,pm_css-n28k4-s201,201,28,4,24,linear_dependency,False,success,False,False,
pm_css,pm_css-n28k4-s201,201,28,4,24,signatures,True,success,False,False,
pm_css,pm_css-n28k4-s94,94,28,4,24,linear_dependency,True,success,False,False,
pm_css,pm_css-n28k4-s94,94,28,4,24,signatures,True,success,False,False,
pm_css,pm_css-n28k8-s89,89,28,8,20,linear_dependency,True,success,False,False,
pm_css,pm_css-n28k8-s89,89,28,8,20,signatures,True,success,False,False,
pm_css,pm_css-n28k8-s773,773,28,8,20,linear_dependency,True,success,False,False,
pm_css,pm_css-n28k8-s773,773,28,8,20,signatures,True,success,False,False,
pm_css,pm_css-n28k8-s654,654,28,8,20,linear_dependency,False,success,False,False,
pm_css,pm_css-n28k8-s654,654,28,8,20,signatures,True,success,False,False,
pm_css,pm_css-n28k8-s438,438,28,8,20,linear_dependency,True,success,False,False,
pm_css,pm_css-n28k8-s438,438,28,8,20,signatures,True,success,False,False,
pm_css,pm_css-n28k8-s433,433,28,8,20,linear_dependency,True,success,False,False,
pm_css,pm_css-n28k8-s433,433,28,8,20,signatures,True,success,False,False,
pm_css,pm_css-n28k8-s858,858,28,8,20,linear_dependency,False,success,False,False,
pm_css,pm_css-n28k8-s858,858,28,8,20,signatures,True,success,False,False,
pm_css,pm_css-n28k8-s85,85,28,8,20,linear_dependency,True,success,False,False,
pm_css,pm_css-n28k8-s85,85,28,8,20,signatures,True,success,False,False,
pm_css,pm_css-n28k8-s697,697,28,8,20,linear_dependency,True,success,False,False,
pm_css,pm_css-n28k8-s697,697,28,8,20,signatures,True,success,False,False,
pm_css,pm_css-n28k8-s201,201,28,8,20,linear_dependency,True,success,False,False,
pm_css,pm_css-n28k8-s201,201,28,8,20,signatures,True,success,False,False,
pm_css,pm_css-n28k8-s94,94,28,8,20,linear_dependency,True,success,False,False,
pm_css,pm_css-n28k8-s94,94,28,8,20,signatures,True,success,False,False,
pm_css,pm_css-n28k12-s89,89,28,12,16,linear_dependency,False,success,False,False,
pm_css,pm_css-n28k12-s89,89,28,12,16,signatures,True,success,False,False,
pm_css,pm_css-n28k12-s773,773,28,12,16,linear_dependency,False,success,False,False,
pm_css,pm_css-n28k12-s773,773,28,12,16,signatures,True,success,False,False,
pm_css,pm_css-n28k12-s654,654,28,12,16,linear_dependency,False,success,False,False,
pm_css,pm_css-n28k12-s654,654,28,12,16,signatures,True,success,False,False,
pm_css,pm_css-n28k12-s438,438,28,12,16,linear_dependency,True,success,False,False,
pm_css,pm_css-n28k12-s438,438,28,12,16,signatures,True,success,False,False,
pm_css,pm_css-n28k12-s433,433,28,12,16,linear_dependency,True,success,False,False,
pm_css,pm_css-n28k12-s433,433,28,12,16,signatures,True,success,False,False,
pm_css,pm_css-n28k12-s858,858,28,12,16,linear_dependency,True,success,False,False,
pm_css,pm_css-n28k12-s858,858,28,12,16,signatures,True,success,False,False,
pm_css,pm_css-n28k12-s85,85,28,12,16,linear_dependency,True,success,False,False,
pm_css,pm_css-n28k12-s85,85,28,12,16,signatures,True,success,False,False,
pm_css,pm_css-n28k12-s697,697,28,12,16,linear_dependency,True,success,False,False,
pm_css,pm_css-n28k12-s697,697,28,12,16,signatures,True,success,False,False,
pm_css,pm_css-n28k12-s201,201,28,12,16,linear_dependency,True,success,False,False,
pm_css,pm_css-n28k12-s201,201,28,12,16,signatures,True,success,False,False,
pm_css,pm_css-n28k12-s94,94,28,12,16,linear_dependency,True,success,False,False,
pm_css,pm_css-n28k12-s94,94,28,12,16,signatures,True,success,False,False,
pm_css,pm_css-n28k16-s89,89,28,16,12,linear_dependency,True,success,False,False,
pm_css,pm_css-n28k16-s89,89,28,16,12,signatures,True,success,False,False,
pm_css,pm_css-n28k16-s773,773,28,16,12,linear_dependency,False,success,False,False,
pm_css,pm_css-n28k16-s773,773,28,16,12,signatures,True,success,False,False,
pm_css,pm_css-n28k16-s654,654,28,16,12,linear_dependency,True,success,False,False,
pm_css,pm_css-n28k16-s654,654,28,16,12,signatures,True,success,False,False,
pm_css,pm_css-n28k16-s438,438,28,16,12,linear_dependency,True,success,False,False,
pm_css,pm_css-n28k16-s438,438,28,16,12,signatures,True,success,False,False,
pm_css,pm_css-n28k16-s433,433,28,16,12,linear_dependency,True,success,False,False,
pm_css,pm_css-n28k16-s433,433,28,16,12,signatures,True,success,False,False,
pm_css,pm_css-n28k16-s858,858,28,16,12,linear_dependency,True,success,False,False,
pm_css,pm_css-n28k16-s858,858,28,16,12,signatures,True,success,False,False,
pm_css,pm_css-n28k16-s85,85,28,16,12,linear_dependency,True,success,False,False,
pm_css,pm_css-n28k16-s85,85,28,16,12,signatures,True,success,False,False,
pm_css,pm_css-n28k16-s697,697,28,16,12,linear_dependency,True,success,False,False,
pm_css,pm_css-n28k16-s697,697,28,16,12,signatures,True,success,False,False,
pm_css,pm_css-n28k16-s201,201,28,16,12,linear_dependency,True,success,False,False,
pm_css,pm_css-n28k16-s201,201,28,16,12,signatures,True,success,False,False,
pm_css,pm_css-n28k16-s94,94,28,16,12,linear_dependency,True,success,False,False,
pm_css,pm_css-n28k16-s94,94,28,16,12,signatures,True,success,False,False,
pm_css,pm_css-n28k20-s89,89,28,20,8,linear_dependency,True,success,False,False,
pm_css,pm_css-n28k20-s89,89,28,20,8,signatures,True,success,False,False,
pm_css,pm_css-n28k20-s773,773,28,20,8,linear_dependency,True,success,False,False,
pm_css,pm_css-n28k20-s773,773,28,20,8,signatures,True,success,False,False,
pm_css,pm_css-n28k20-s654,654,28,20,8,linear_dependency,True,success,False,False,
pm_css,pm_css-n28k20-s654,654,28,20,8,signatures,True,success,False,False,
pm_css,pm_css-n28k20-s438,438,28,20,8,linear_dependency,True,success,False,False,
pm_css,pm_css-n28k20-s438,438,28,20,8,signatures,True,success,False,False,
pm_css,pm_css-n28k20-s433,433,28,20,8,linear_dependency,True,success,False,False,
pm_css,pm_css-n28k20-s433,433,28,20,8,signatures,True,success,False,False,
pm_css,pm_css-n28k20-s858,858,28,20,8,linear_dependency,True,success,False,False,
pm_css,pm_css-n28k20-s858,858,28,20,8,signatures,True,success,False,False,
pm_css,pm_css-n28k20-s85,85,28,20,8,linear_dependency,True,success,False,False,
pm_css,pm_css-n28k20-s85,85,28,20,8,signatures,True,success,False,False,
pm_css,pm_css-n28k20-s697,697,28,20,8,linear_dependency,True,success,False,False,
pm_css,pm_css-n28k20-s697,697,28,20,8,signatures,True,success,False,False,
pm_css,pm_css-n28k20-s201,201,28,20,8,linear_dependency,True,success,False,False,
pm_css,pm_css-n28k20-s201,201,28,20,8,signatures,True,success,False,False,
pm_css,pm_css-n28k20-s94,94,28,20,8,linear_dependency,True,success,False,False,
pm_css,pm_css-n28k20-s94,94,28,20,8,signatures,True,success,False,False,
pm_css,pm_css-n28k24-s89,89,28,24,4,linear_dependency,True,success,False,False,
pm_css,pm_css-n28k24-s89,89,28,24,4,signatures,True,success,False,False,
pm_css,pm_css-n28k24-s773,773,28,24,4,linear_dependency,True,success,False,False,
pm_css,pm_css-n28k24-s773,773,28,24,4,signatures,True,success,False,False,
pm_css,pm_css-n28k24-s654,654,28,24,4,linear_dependency,True,success,False,False,
pm_css,pm_css-n28k24-s654,654,28,24,4,signatures,False,success,False,False,
pm_css,pm_css-n28k24-s438,438,28,24,4,linear_dependency,True,success,False,False,
pm_css,pm_css-n28k24-s438,438,28,24,4,signatures,True,success,False,False,
pm_css,pm_css-n28k24-s433,433,28,24,4,linear_dependency,True,success,False,False,
pm_css,pm_css-n28k24-s433,433,28,24,4,signatures,True,success,False,False,
pm_css,pm_css-n28k24-s858,858,28,24,4,linear_dependency,True,success,False,False,
pm_css,pm_css-n28k24-s858,858,28,24,4,signatures,True,success,False,False,
pm_css,pm_css-n28k24-s85,85,28,24,4,linear_dependency,True,success,False,False,
pm_css,pm_css-n28k24-s85,85,28,24,4,signatures,True,success,False,False,
pm_css,pm_css-n28k24-s697,697,28,24,4,linear_dependency,True,success,False,False,
pm_css,pm_css-n28k24-s697,697,28,24,4,signatures,True,success,False,False,
pm_css,pm_css-n28k24-s201,201,28,24,4,linear_dependency,True,success,False,False,
pm_css,pm_css-n28k24-s201,201,28,24,4,signatures,True,success,False,False,
pm_css,pm_css-n28k24-s94,94,28,24,4,linear_dependency,True,success,False,False,
pm_css,pm_css-n28k24-s94,94,28,24,4,signatures,True,success,False,False,
pm_css,pm_css-n30k25-s89,89,30,25,5,linear_dependency,True,success,False,False,
pm_css,pm_css-n30k25-s89,89,30,25,5,signatures,True,success,False,False,
pm_css,pm_css-n30k25-s773,773,30,25,5,linear_dependency,True,success,False,False,
pm_css,pm_css-n30k25-s773,773,30,25,5,signatures,True,success,False,False,
pm_css,pm_css-n30k25-s654,654,30,25,5,linear_dependency,True,success,False,False,
pm_css,pm_css-n30k25-s654,654,30,25,5,signatures,True,success,False,False,
pm_css,pm_css-n30k25-s438,438,30,25,5,linear_dependency,True,success,False,False,
pm_css,pm_css-n30k25-s438,438,30,25,5,signatures,True,success,False,False,
pm_css,pm_css-n30k25-s433,433,30,25,5,linear_dependency,True,success,False,False,
pm_css,pm_css-n30k25-s433,433,30,25,5,signatures,True,success,False,False,
pm_css,pm_css-n30k25-s858,858,30,25,5,linear_dependency,True,success,False,False,
pm_css,pm_css-n30k25-s858,858,30,25,5,signatures,True,success,False,False,
pm_css,pm_css-n30k25-s85,85,30,25,5,linear_dependency,False,success,False,False,
pm_css,pm_css-n30k25-s85,85,30,25,5,signatures,True,success,False,False,
pm_css,pm_css-n30k25-s697,697,30,25,5,linear_dependency,True,success,False,False,
pm_css,pm_css-n30k25-s697,697,30,25,5,signatures,True,success,False,False,
pm_css,pm_css-n30k25-s201,201,30,25,5,linear_dependency,True,success,False,False,
pm_css,pm_css-n30k25-s201,201,30,25,5,signatures,True,success,False,False,
pm_css,pm_css-n30k25-s94,94,30,25,5,linear_dependency,True,success,False,False,
pm_css,pm_css-n30k25-s94,94,30,25,5,signatures,True,success,False,False,
pm_css,pm_css-n32k25-s89,89,32,25,7,linear_dependency,True,success,False,False,
pm_css,pm_css-n32k25-s89,89,32,25,7,signatures,True,success,False,False,
pm_css,pm_css-n32k25-s773,773,32,25,7,linear_dependency,True,success,False,False,
pm_css,pm_css-n32k25-s773,773,32,25,7,signatures,True,success,False,False,
pm_css,pm_css-n32k25-s654,654,32,25,7,linear_dependency,True,success,False,False,
pm_css,pm_css-n32k25-s654,654,32,25,7,signatures,True,success,False,False,
pm_css,pm_css-n32k25-s438,438,32,25,7,linear_dependency,True,success,False,False,
pm_css,pm_css-n32k25-s438,438,32,25,7,signatures,True,success,False,False,
pm_css,pm_css-n32k25-s433,433,32,25,7,linear_dependency,True,success,False,False,
pm_css,pm_css-n32k25-s433,433,32,25,7,signatures,True,success,False,False,
pm_css,pm_css-n32k25-s858,858,32,25,7,linear_dependency,True,success,False,False,
pm_css,pm_css-n32k25-s858,858,32,25,7,signatures,True,success,False,False,
pm_css,pm_css-n32k25-s85,85,32,25,7,linear_dependency,True,success,False,False,
pm_css,pm_css-n32k25-s85,85,32,25,7,signatures,True,success,False,False,
pm_css,pm_css-n32k25-s697,697,32,25,7,linear_dependency,True,success,False,False,
pm_css,pm_css-n32k25-s697,697,32,25,7,signatures,True,success,False,False,
pm_css,pm_css-n32k25-s201,201,32,25,7,linear_dependency,True,success,False,False,
pm_css,pm_css-n32k25-s201,201,32,25,7,signatures,True,success,False,False,
pm_css,pm_css-n32k25-s94,94,32,25,7,linear_dependency,True,success,False,False,
pm_css,pm_css-n32k25-s94,94,32,25,7,signatures,True,success,False,False,
pm_css,pm_css-n32k30-s89,89,32,30,2,linear_dependency,True,success,False,False,
pm_css,pm_css-n32k30-s89,89,32,30,2,signatures,True,success,False,False,
pm_css,pm_css-n32k30-s773,773,32,30,2,linear_dependency,True,success,False,False,
pm_css,pm_css-n32k30-s773,773,32,30,2,signatures,True,success,False,False,
pm_css,pm_css-n32k30-s654,654,32,30,2,linear_dependency,True,success,False,False,
pm_css,pm_css-n32k30-s654,654,32,30,2,signatures,True,success,False,False,
pm_css,pm_css-n32k30-s438,438,32,30,2,linear_dependency,True,success,False,False,
pm_css,pm_css-n32k30-s438,438,32,30,2,signatures,True,success,False,False,
pm_css,pm_css-n32k30-s433,433,32,30,2,linear_dependency,True,success,False,False,
pm_css,pm_css-n32k30-s433,433,32,30,2,signatures,True,success,False,False,
pm_css,pm_css-n32k30-s858,858,32,30,2,linear_dependency,True,success,False,False,
pm_css,pm_css-n32k30-s858,858,32,30,2,signatures,True,success,False,False,
pm_css,pm_css-n32k30-s85,85,32,30,2,linear_dependency,,generation_error,False,False,RuntimeError: inequivalence certification timed out
pm_css,pm_css-n32k30-s85,85,32,30,2,signatures,,generation_error,False,False,RuntimeError: inequivalence certification timed out
pm_css,pm_css-n32k30-s697,697,32,30,2,linear_dependency,True,success,False,False,
pm_css,pm_css-n32k30-s697,697,32,30,2,signatures,True,success,False,False,
pm_css,pm_css-n32k30-s201,201,32,30,2,linear_dependency,True,success,False,False,
pm_css,pm_css-n32k30-s201,201,32,30,2,signatures,True,success,False,False,
pm_css,pm_css-n32k30-s94,94,32,30,2,linear_dependency,True,success,False,False,
pm_css,pm_css-n32k30-s94,94,32,30,2,signatures,True,success,False,False,
pm_css,pm_css-n37k30-s89,89,37,30,7,linear_dependency,True,success,False,False,
pm_css,pm_css-n37k30-s89,89,37,30,7,signatures,True,success,False,False,
pm_css,pm_css-n37k30-s773,773,37,30,7,linear_dependency,True,success,False,False,
pm_css,pm_css-n37k30-s773,773,37,30,7,signatures,True,success,False,False,
pm_css,pm_css-n37k30-s654,654,37,30,7,linear_dependency,True,success,False,False,
pm_css,pm_css-n37k30-s654,654,37,30,7,signatures,True,success,False,False,
pm_css,pm_css-n37k30-s438,438,37,30,7,linear_dependency,True,success,False,False,
pm_css,pm_css-n37k30-s438,438,37,30,7,signatures,True,success,False,False,
pm_css,pm_css-n37k30-s433,433,37,30,7,linear_dependency,True,success,False,False,
pm_css,pm_css-n37k30-s433,433,37,30,7,signatures,True,success,False,False,
pm_css,pm_css-n37k30-s858,858,37,30,7,linear_dependency,True,success,False,False,
pm_css,pm_css-n37k30-s858,858,37,30,7,signatures,True,success,False,False,
pm_css,pm_css-n37k30-s85,85,37,30,7,linear_dependency,True,success,False,False,
pm_css,pm_css-n37k30-s85,85,37,30,7,signatures,True,success,False,False,
pm_css,pm_css-n37k30-s697,697,37,30,7,linear_dependency,True,success,False,False,
pm_css,pm_css-n37k30-s697,697,37,30,7,signatures,True,success,False,False,
pm_css,pm_css-n37k30-s201,201,37,30,7,linear_dependency,True,success,False,False,
pm_css,pm_css-n37k30-s201,201,37,30,7,signatures,True,success,False,False,
pm_css,pm_css-n37k30-s94,94,37,30,7,linear_dependency,True,success,False,False,
pm_css,pm_css-n37k30-s94,94,37,30,7,signatures,True,success,False,False,
pm_css,pm_css-n37k35-s89,89,37,35,2,linear_dependency,True,success,False,False,
pm_css,pm_css-n37k35-s89,89,37,35,2,signatures,True,success,False,False,
pm_css,pm_css-n37k35-s773,773,37,35,2,linear_dependency,True,success,False,False,
pm_css,pm_css-n37k35-s773,773,37,35,2,signatures,True,success,False,False,
pm_css,pm_css-n37k35-s654,654,37,35,2,linear_dependency,True,success,False,False,
pm_css,pm_css-n37k35-s654,654,37,35,2,signatures,True,success,False,False,
pm_css,pm_css-n37k35-s438,438,37,35,2,linear_dependency,True,success,False,False,
pm_css,pm_css-n37k35-s438,438,37,35,2,signatures,True,success,False,False,
pm_css,pm_css-n37k35-s433,433,37,35,2,linear_dependency,True,success,False,False,
pm_css,pm_css-n37k35-s433,433,37,35,2,signatures,True,success,False,False,
pm_css,pm_css-n37k35-s858,858,37,35,2,linear_dependency,True,success,False,False,
pm_css,pm_css-n37k35-s858,858,37,35,2,signatures,True,success,False,False,
pm_css,pm_css-n37k35-s85,85,37,35,2,linear_dependency,True,success,False,False,
pm_css,pm_css-n37k35-s85,85,37,35,2,signatures,True,success,False,False,
pm_css,pm_css-n37k35-s697,697,37,35,2,linear_dependency,True,success,False,False,
pm_css,pm_css-n37k35-s697,697,37,35,2,signatures,True,success,False,False,
pm_css,pm_css-n37k35-s201,201,37,35,2,linear_dependency,True,success,False,False,
pm_css,pm_css-n37k35-s201,201,37,35,2,signatures,True,success,False,False,
pm_css,pm_css-n37k35-s94,94,37,35,2,linear_dependency,True,success,False,False,
pm_css,pm_css-n37k35-s94,94,37,35,2,signatures,True,success,False,False,
pm_css,pm_css-n42k35-s89,89,42,35,7,linear_dependency,True,success,False,False,
pm_css,pm_css-n42k35-s89,89,42,35,7,signatures,True,success,False,False,
pm_css,pm_css-n42k35-s773,773,42,35,7,linear_dependency,True,success,False,False,
pm_css,pm_css-n42k35-s773,773,42,35,7,signatures,True,success,False,False,
pm_css,pm_css-n42k35-s654,654,42,35,7,linear_dependency,True,success,False,False,
pm_css,pm_css-n42k35-s654,654,42,35,7,signatures,True,success,False,False,
pm_css,pm_css-n42k35-s438,438,42,35,7,linear_dependency,True,success,False,False,
pm_css,pm_css-n42k35-s438,438,42,35,7,signatures,True,success,False,False,
pm_css,pm_css-n42k35-s433,433,42,35,7,linear_dependency,True,success,False,False,
pm_css,pm_css-n42k35-s433,433,42,35,7,signatures,True,success,False,False,
pm_css,pm_css-n42k35-s858,858,42,35,7,linear_dependency,True,success,False,False,
pm_css,pm_css-n42k35-s858,858,42,35,7,signatures,True,success,False,False,
pm_css,pm_css-n42k35-s85,85,42,35,7,linear_dependency,True,success,False,False,
pm_css,pm_css-n42k35-s85,85,42,35,7,signatures,True,success,False,False,
pm_css,pm_css-n42k35-s697,697,42,35,7,linear_dependency,True,success,False,False,
pm_css,pm_css-n42k35-s697,697,42,35,7,signatures,True,success,False,False,
pm_css,pm_css-n42k35-s201,201,42,35,7,linear_dependency,True,success,False,False,
pm_css,pm_css-n42k35-s201,201,42,35,7,signatures,True,success,False,False,
pm_css,pm_css-n42k35-s94,94,42,35,7,linear_dependency,True,success,False,False,
pm_css,pm_css-n42k35-s94,94,42,35,7,signatures,True,success,False,False,
pm_css,pm_css-n42k40-s89,89,42,40,2,linear_dependency,True,success,False,False,
pm_css,pm_css-n42k40-s89,89,42,40,2,signatures,True,success,False,False,
pm_css,pm_css-n42k40-s773,773,42,40,2,linear_dependency,True,success,False,False,
pm_css,pm_css-n42k40-s773,773,42,40,2,signatures,True,success,False,False,
pm_css,pm_css-n42k40-s654,654,42,40,2,linear_dependency,,generation_error,False,False,RuntimeError: inequivalence certification timed out
pm_css,pm_css-n42k40-s654,654,42,40,2,signatures,,generation_error,False,False,RuntimeError: inequivalence certification timed out
pm_css,pm_css-n42k40-s438,438,42,40,2,linear_dependency,True,success,False,False,
pm_css,pm_css-n42k40-s438,438,42,40,2,signatures,True,success,False,False,
pm_css,pm_css-n42k40-s433,433,42,40,2,linear_dependency,,generation_error,False,False,RuntimeError: inequivalence certification timed out
pm_css,pm_css-n42k40-s433,433,42,40,2,signatures,,generation_error,False,False,RuntimeError: inequivalence certification timed out
pm_css,pm_css-n42k40-s858,858,42,40,2,linear_dependency,True,success,False,False,
pm_css,pm_css-n42k40-s858,858,42,40,2,signatures,True,success,False,False,
pm_css,pm_css-n42k40-s85,85,42,40,2,linear_dependency,,generation_error,False,False,RuntimeError: inequivalence certification timed out
pm_css,pm_css-n42k40-s85,85,42,40,2,signatures,,generation_error,False,False,RuntimeError: inequivalence certification timed out
pm_css,pm_css-n42k40-s697,697,42,40,2,linear_dependency,,generation_error,False,False,RuntimeError: inequivalence certification timed out
pm_css,pm_css-n42k40-s697,697,42,40,2,signatures,,generation_error,False,False,RuntimeError: inequivalence certification timed out
pm_css,pm_css-n42k40-s201,201,42,40,2,linear_dependency,,generation_error,False,False,RuntimeError: inequivalence certification timed out
pm_css,pm_css-n42k40-s201,201,42,40,2,signatures,,generation_error,False,False,RuntimeError: inequivalence certification timed out
pm_css,pm_css-n42k40-s94,94,42,40,2,linear_dependency,,generation_error,False,False,RuntimeError: inequivalence certification timed out
pm_css,pm_css-n42k40-s94,94,42,40,2,signatures,,generation_error,False,False,RuntimeError: inequivalence certification timed out
pm_css,pm_css-n47k40-s89,89,47,40,7,linear_dependency,True,success,False,False,
pm_css,pm_css-n47k40-s89,89,47,40,7,signatures,True,success,False,False,
pm_css,pm_css-n47k40-s773,773,47,40,7,linear_dependency,True,success,False,False,
pm_css,pm_css-n47k40-s773,773,47,40,7,signatures,True,success,False,False,
pm_css,pm_css-n47k40-s654,654,47,40,7,linear_dependency,True,success,False,False,
pm_css,pm_css-n47k40-s654,654,47,40,7,signatures,True,success,False,False,
pm_css,pm_css-n47k40-s438,438,47,40,7,linear_dependency,True,success,False,False,
pm_css,pm_css-n47k40-s438,438,47,40,7,signatures,True,success,False,False,
pm_css,pm_css-n47k40-s433,433,47,40,7,linear_dependency,True,success,False,False,
pm_css,pm_css-n47k40-s433,433,47,40,7,signatures,True,success,False,False,
pm_css,pm_css-n47k40-s858,858,47,40,7,linear_dependency,True,success,False,False,
pm_css,pm_css-n47k40-s858,858,47,40,7,signatures,True,success,False,False,
pm_css,pm_css-n47k40-s85,85,47,40,7,linear_dependency,True,success,False,False,
pm_css,pm_css-n47k40-s85,85,47,40,7,signatures,True,success,False,False,
pm_css,pm_css-n47k40-s697,697,47,40,7,linear_dependency,True,success,False,False,
pm_css,pm_css-n47k40-s697,697,47,40,7,signatures,True,success,False,False,
pm_css,pm_css-n47k40-s201,201,47,40,7,linear_dependency,True,success,False,False,
pm_css,pm_css-n47k40-s201,201,47,40,7,signatures,True,success,False,False,
pm_css,pm_css-n47k40-s94,94,47,40,7,linear_dependency,True,success,False,False,
pm_css,pm_css-n47k40-s94,94,47,40,7,signatures,True,success,False,False,
pm_css,pm_css-n47k45-s89,89,47,45,2,linear_dependency,,generation_error,False,False,RuntimeError: inequivalence certification timed out
pm_css,pm_css-n47k45-s89,89,47,45,2,signatures,,generation_error,False,False,RuntimeError: inequivalence certification timed out
pm_css,pm_css-n47k45-s773,773,47,45,2,linear_dependency,,generation_error,False,False,RuntimeError: inequivalence certification timed out
pm_css,pm_css-n47k45-s773,773,47,45,2,signatures,,generation_error,False,False,RuntimeError: inequivalence certification timed out
pm_css,pm_css-n47k45-s654,654,47,45,2,linear_dependency,,generation_error,False,False,RuntimeError: inequivalence certification timed out
pm_css,pm_css-n47k45-s654,654,47,45,2,signatures,,generation_error,False,False,RuntimeError: inequivalence certification timed out
pm_css,pm_css-n47k45-s438,438,47,45,2,linear_dependency,True,success,False,False,
pm_css,pm_css-n47k45-s438,438,47,45,2,signatures,True,success,False,False,
pm_css,pm_css-n47k45-s433,433,47,45,2,linear_dependency,,generation_error,False,False,RuntimeError: inequivalence certification timed out
pm_css,pm_css-n47k45-s433,433,47,45,2,signatures,,generation_error,False,False,RuntimeError: inequivalence certification timed out
pm_css,pm_css-n47k45-s858,858,47,45,2,linear_dependency,,generation_error,False,False,RuntimeError: inequivalence certification timed out
pm_css,pm_css-n47k45-s858,858,47,45,2,signatures,,generation_error,False,False,RuntimeError: inequivalence certification timed out
pm_css,pm_css-n47k45-s85,85,47,45,2,linear_dependency,,generation_error,False,False,RuntimeError: inequivalence certification timed out
pm_css,pm_css-n47k45-s85,85,47,45,2,signatures,,generation_error,False,False,RuntimeError: inequivalence certification timed out
pm_css,pm_css-n47k45-s697,697,47,45,2,linear_dependency,True,success,False,False,
pm_css,pm_css-n47k45-s697,697,47,45,2,signatures,True,success,False,False,
pm_css,pm_css-n47k45-s201,201,47,45,2,linear_dependency,,generation_error,False,False,RuntimeError: inequivalence certification timed out
pm_css,pm_css-n47k45-s201,201,47,45,2,signatures,,generation_error,False,False,RuntimeError: inequivalence certification timed out
pm_css,pm_css-n47k45-s94,94,47,45,2,linear_dependency,True,success,False,False,
pm_css,pm_css-n47k45-s94,94,47,45,2,signatures,True,success,False,False,
