problem,seed,n,k,r,x_rank,class_sizes,q_pairs,status,timeout,memory_limited,error
pm_css,89,3,0,3,3,3,1.0,success,False,False,
pm_css,773,3,0,3,3,3,1.0,success,False,False,
pm_css,654,3,0,3,1,3,1.0,success,False,False,
pm_css,438,3,0,3,3,3,1.0,success,False,False,
pm_css,433,3,0,3,1,3,1.0,success,False,False,
pm_css,858,3,0,3,0,3,1.0,success,False,False,
pm_css,85,3,0,3,2,3,1.0,success,False,False,
pm_css,697,3,0,3,3,3,1.0,success,False,False,
pm_css,201,3,0,3,1,2 1,0.5555555555555556,success,False,False,
pm_css,94,3,0,3,0,3,1.0,success,False,False,
pm_css,89,3,1,2,2,2 1,0.5555555555555556,success,False,False,
pm_css,773,3,1,2,2,3,1.0,success,False,False,
pm_css,654,3,1,2,0,3,1.0,success,False,False,
pm_css,438,3,1,2,2,2 1,0.5555555555555556,success,False,False,
pm_css,433,3,1,2,0,3,1.0,success,False,False,
pm_css,858,3,1,2,0,2 1,0.5555555555555556,success,False,False,
pm_css,85,3,1,2,2,3,1.0,success,False,False,
pm_css,697,3,1,2,2,2 1,0.5555555555555556,success,False,False,
pm_css,201,3,1,2,0,3,1.0,success,False,False,
pm_css,94,3,1,2,0,2 1,0.5555555555555556,success,False,False,
pm_css,89,3,2,1,1,3,1.0,success,False,False,
pm_css,773,3,2,1,1,3,1.0,success,False,False,
pm_css,654,3,2,1,0,3,1.0,success,False,False,
pm_css,438,3,2,1,1,3,1.0,success,False,False,
pm_css,433,3,2,1,0,3,1.0,success,False,False,
pm_css,858,3,2,1,0,3,1.0,success,False,False,
pm_css,85,3,2,1,1,3,1.0,success,False,False,
pm_css,697,3,2,1,1,3,1.0,success,False,False,
pm_css,201,3,2,1,0,2 1,0.5555555555555556,success,False,False,
pm_css,94,3,2,1,0,2 1,0.5555555555555556,success,False,False,
pm_css,89,4,0,4,4,4,1.0,success,False,False,
pm_css,773,4,0,4,4,4,1.0,success,False,False,
pm_css,654,4,0,4,1,4,1.0,success,False,False,
pm_css,438,4,0,4,4,4,1.0,success,False,False,
pm_css,433,4,0,4,1,4,1.0,success,False,False,
pm_css,858,4,0,4,0,4,1.0,success,False,False,
pm_css,85,4,0,4,3,4,1.0,success,False,False,
pm_css,697,4,0,4,3,3 1,0.625,success,False,False,
pm_css,201,4,0,4,1,3 1,0.625,success,False,False,
pm_css,94,4,0,4,0,4,1.0,success,False,False,
pm_css,89,4,1,3,3,3 1,0.625,success,False,False,
pm_css,773,4,1,3,3,2 2,0.5,success,False,False,
pm_css,654,4,1,3,1,2 2,0.5,success,False,False,
pm_css,438,4,1,3,3,4,1.0,success,False,False,
pm_css,433,4,1,3,1,4,1.0,success,False,False,
pm_css,858,4,1,3,0,4,1.0,success,False,False,
pm_css,85,4,1,3,2,3 1,0.625,success,False,False,
pm_css,697,4,1,3,3,3 1,0.625,success,False,False,
pm_css,201,4,1,3,1,3 1,0.625,success,False,False,
pm_css,94,4,1,3,0,2 2,0.5,success,False,False,
pm_css,89,4,2,2,2,3 1,0.625,success,False,False,
pm_css,773,4,2,2,2,4,1.0,success,False,False,
pm_css,654,4,2,2,0,4,1.0,success,False,False,
pm_css,438,4,2,2,2,4,1.0,success,False,False,
pm_css,433,4,2,2,0,2 2,0.5,success,False,False,
pm_css,858,4,2,2,0,4,1.0,success,False,False,
pm_css,85,4,2,2,2,3 1,0.625,success,False,False,
pm_css,697,4,2,2,2,2 2,0.5,success,False,False,
pm_css,201,4,2,2,0,2 2,0.5,success,False,False,
pm_css,94,4,2,2,0,3 1,0.625,success,False,False,
pm_css,89,4,3,1,1,2 2,0.5,success,False,False,
pm_css,773,4,3,1,1,4,1.0,success,False,False,
pm_css,654,4,3,1,0,4,1.0,success,False,False,
pm_css,438,4,3,1,1,4,1.0,success,False,False,
pm_css,433,4,3,1,0,4,1.0,success,False,False,
pm_css,858,4,3,1,0,2 2,0.5,success,False,False,
pm_css,85,4,3,1,1,2 2,0.5,success,False,False,
pm_css,697,4,3,1,1,4,1.0,success,False,False,
pm_css,201,4,3,1,0,4,1.0,success,False,False,
pm_css,94,4,3,1,0,2 2,0.5,success,False,False,
pm_css,89,5,0,5,5,5,1.0,success,False,False,
pm_css,773,5,0,5,5,5,1.0,success,False,False,
pm_css,654,5,0,5,1,5,1.0,success,False,False,
pm_css,438,5,0,5,5,5,1.0,success,False,False,
pm_css,433,5,0,5,1,3 2,0.52,success,False,False,
pm_css,858,5,0,5,0,5,1.0,success,False,False,
pm_css,85,5,0,5,4,3 2,0.52,success,False,False,
pm_css,697,5,0,5,4,4 1,0.68,success,False,False,
pm_css,201,5,0,5,1,3 2,0.52,success,False,False,
pm_css,94,5,0,5,0,5,1.0,success,False,False,
pm_css,89,5,1,4,4,3 2,0.52,success,False,False,
pm_css,773,5,1,4,4,5,1.0,success,False,False,
pm_css,654,5,1,4,1,3 2,0.52,success,False,False,
pm_css,438,5,1,4,4,5,1.0,success,False,False,
pm_css,433,5,1,4,1,3 2,0.52,success,False,False,
pm_css,858,5,1,4,0,3 2,0.52,success,False,False,
pm_css,85,5,1,4,3,3 2,0.52,success,False,False,
pm_css,697,5,1,4,3,3 2,0.52,success,False,False,
pm_css,201,5,1,4,1,3 2,0.52,success,False,False,
pm_css,94,5,1,4,0,3 2,0.52,success,False,False,
pm_css,89,5,2,3,3,3 2,0.52,success,False,False,
pm_css,773,5,2,3,3,3 2,0.52,success,False,False,
pm_css,654,5,2,3,1,3 2,0.52,success,False,False,
pm_css,438,5,2,3,3,4 1,0.68,success,False,False,
pm_css,433,5,2,3,1,3 2,0.52,success,False,False,
pm_css,858,5,2,3,0,3 2,0.52,success,False,False,
pm_css,85,5,2,3,2,3 2,0.52,success,False,False,
pm_css,697,5,2,3,3,3 2,0.52,success,False,False,
pm_css,201,5,2,3,1,3 2,0.52,success,False,False,
pm_css,94,5,2,3,0,3 2,0.52,success,False,False,
pm_css,89,5,3,2,2,3 2,0.52,success,False,False,
pm_css,773,5,3,2,2,3 2,0.52,success,False,False,
pm_css,654,5,3,2,0,5,1.0,success,False,False,
pm_css,438,5,3,2,2,3 2,0.52,success,False,False,
pm_css,433,5,3,2,0,5,1.0,success,False,False,
pm_css,858,5,3,2,0,3 2,0.52,success,False,False,
pm_css,85,5,3,2,2,3 2,0.52,success,False,False,
pm_css,697,5,3,2,2,3 2,0.52,success,False,False,
pm_css,201,5,3,2,0,4 1,0.68,success,False,False,
pm_css,94,5,3,2,0,3 2,0.52,success,False,False,
pm_css,89,5,4,1,1,5,1.0,success,False,False,
pm_css,773,5,4,1,1,3 2,0.52,success,False,False,
pm_css,654,5,4,1,0,5,1.0,success,False,False,
pm_css,438,5,4,1,1,3 2,0.52,success,False,False,
pm_css,433,5,4,1,0,3 2,0.52,success,False,False,
pm_css,858,5,4,1,0,3 2,0.52,success,False,False,
pm_css,85,5,4,1,1,3 2,0.52,success,False,False,
pm_css,697,5,4,1,1,5,1.0,success,False,False,
pm_css,201,5,4,1,0,5,1.0,success,False,False,
pm_css,94,5,4,1,0,3 2,0.52,success,False,False,
pm_css,89,6,0,6,6,6,1.0,success,False,False,
pm_css,773,6,0,6,5,4 2,0.5555555555555556,success,False,False,
pm_css,654,6,0,6,2,4 2,0.5555555555555556,success,False,False,
pm_css,438,6,0,6,6,6,1.0,success,False,False,
pm_css,433,6,0,6,1,4 2,0.5555555555555556,success,False,False,
pm_css,858,6,0,6,1,3 3,0.5,success,False,False,
pm_css,85,6,0,6,4,3 2 1,0.3888888888888889,success,False,False,
pm_css,697,6,0,6,5,4 2,0.5555555555555556,success,False,False,
pm_css,201,6,0,6,2,3 2 1,0.3888888888888889,success,False,False,
pm_css,94,6,0,6,0,6,1.0,success,False,False,
pm_css,89,6,1,5,5,5 1,0.7222222222222222,success,False,False,
pm_css,773,6,1,5,5,4 2,0.5555555555555556,success,False,False,
pm_css,654,6,1,5,1,5 1,0.7222222222222222,success,False,False,
pm_css,438,6,1,5,5,4 2,0.5555555555555556,success,False,False,
pm_css,433,6,1,5,1,2 2 2,0.3333333333333333,success,False,False,
pm_css,858,6,1,5,0,5 1,0.7222222222222222,success,False,False,
pm_css,85,6,1,5,4,3 2 1,0.3888888888888889,success,False,False,
pm_css,697,6,1,5,4,4 2,0.5555555555555556,success,False,False,
pm_css,201,6,1,5,1,3 2 1,0.3888888888888889,success,False,False,
pm_css,94,6,1,5,0,4 2,0.5555555555555556,success,False,False,
pm_css,89,6,2,4,4,4 2,0.5555555555555556,success,False,False,
pm_css,773,6,2,4,4,4 2,0.5555555555555556,success,False,False,
pm_css,654,6,2,4,1,4 2,0.5555555555555556,success,False,False,
pm_css,438,6,2,4,4,4 2,0.5555555555555556,success,False,False,
pm_css,433,6,2,4,1,3 2 1,0.3888888888888889,success,False,False,
pm_css,858,6,2,4,0,3 2 1,0.3888888888888889,success,False,False,
pm_css,85,6,2,4,3,2 2 1 1,0.2777777777777778,success,False,False,
pm_css,697,6,2,4,3,4 2,0.5555555555555556,success,False,False,
pm_css,201,6,2,4,1,2 2 2,0.3333333333333333,success,False,False,
pm_css,94,6,2,4,0,4 1 1,0.5,success,False,False,
pm_css,89,6,3,3,3,4 2,0.5555555555555556,success,False,False,
pm_css,773,6,3,3,3,4 2,0.5555555555555556,success,False,False,
pm_css,654,6,3,3,1,4 2,0.5555555555555556,success,False,False,
pm_css,438,6,3,3,3,2 2 2,0.3333333333333333,success,False,False,
pm_css,433,6,3,3,1,2 2 2,0.3333333333333333,success,False,False,
pm_css,858,6,3,3,0,4 2,0.5555555555555556,success,False,False,
pm_css,85,6,3,3,2,4 2,0.5555555555555556,success,False,False,
pm_css,697,6,3,3,3,4 2,0.5555555555555556,success,False,False,
pm_css,201,6,3,3,1,4 2,0.5555555555555556,success,False,False,
pm_css,94,6,3,3,0,6,1.0,success,False,False,
pm_css,89,6,4,2,2,4 2,0.5555555555555556,success,False,False,
pm_css,773,6,4,2,2,4 2,0.5555555555555556,success,False,False,
pm_css,654,6,4,2,0,4 2,0.5555555555555556,success,False,False,
pm_css,438,6,4,2,2,4 2,0.5555555555555556,success,False,False,
pm_css,433,6,4,2,0,3 3,0.5,success,False,False,
pm_css,858,6,4,2,0,4 2,0.5555555555555556,success,False,False,
pm_css,85,6,4,2,2,4 2,0.5555555555555556,success,False,False,
pm_css,697,6,4,2,2,6,1.0,success,False,False,
pm_css,201,6,4,2,0,3 2 1,0.3888888888888889,success,False,False,
pm_css,94,6,4,2,0,4 2,0.5555555555555556,success,False,False,
pm_css,89,6,5,1,1,6,1.0,success,False,False,
pm_css,773,6,5,1,1,6,1.0,success,False,False,
pm_css,654,6,5,1,0,6,1.0,success,False,False,
pm_css,438,6,5,1,1,4 2,0.5555555555555556,success,False,False,
pm_css,433,6,5,1,0,4 2,0.5555555555555556,success,False,False,
pm_css,858,6,5,1,0,6,1.0,success,False,False,
pm_css,85,6,5,1,1,6,1.0,success,False,False,
pm_css,697,6,5,1,1,4 2,0.5555555555555556,success,False,False,
pm_css,201,6,5,1,0,4 2,0.5555555555555556,success,False,False,
pm_css,94,6,5,1,0,6,1.0,success,False,False,
pm_css,89,7,0,7,6,5 2,0.5918367346938775,success,False,False,
pm_css,773,7,0,7,6,4 3,0.5102040816326531,success,False,False,
pm_css,654,7,0,7,2,4 2 1,0.42857142857142855,success,False,False,
pm_css,438,7,0,7,7,7,1.0,success,False,False,
pm_css,433,7,0,7,2,3 2 2,0.3469387755102041,success,False,False,
pm_css,858,7,0,7,1,4 3,0.5102040816326531,success,False,False,
pm_css,85,7,0,7,5,6 1,0.7551020408163265,success,False,False,
pm_css,697,7,0,7,6,5 2,0.5918367346938775,success,False,False,
pm_css,201,7,0,7,2,3 2 1 1,0.30612244897959184,success,False,False,
pm_css,94,7,0,7,0,7,1.0,success,False,False,
pm_css,89,7,2,5,5,7,1.0,success,False,False,
pm_css,773,7,2,5,5,4 2 1,0.42857142857142855,success,False,False,
pm_css,654,7,2,5,1,3 2 2,0.3469387755102041,success,False,False,
pm_css,438,7,2,5,5,5 2,0.5918367346938775,success,False,False,
pm_css,433,7,2,5,1,5 2,0.5918367346938775,success,False,False,
pm_css,858,7,2,5,0,5 2,0.5918367346938775,success,False,False,
pm_css,85,7,2,5,4,3 2 2,0.3469387755102041,success,False,False,
pm_css,697,7,2,5,4,5 2,0.5918367346938775,success,False,False,
pm_css,201,7,2,5,1,4 2 1,0.42857142857142855,success,False,False,
pm_css,94,7,2,5,0,5 2,0.5918367346938775,success,False,False,
pm_css,89,7,4,3,3,5 2,0.5918367346938775,success,False,False,
pm_css,773,7,4,3,3,6 1,0.7551020408163265,success,False,False,
pm_css,654,7,4,3,1,4 2 1,0.42857142857142855,success,False,False,
pm_css,438,7,4,3,3,4 2 1,0.42857142857142855,success,False,False,
pm_css,433,7,4,3,1,3 2 2,0.3469387755102041,success,False,False,
pm_css,858,7,4,3,0,7,1.0,success,False,False,
pm_css,85,7,4,3,2,4 3,0.5102040816326531,success,False,False,
pm_css,697,7,4,3,3,4 3,0.5102040816326531,success,False,False,
pm_css,201,7,4,3,1,4 3,0.5102040816326531,success,False,False,
pm_css,94,7,4,3,0,5 2,0.5918367346938775,success,False,False,
pm_css,89,7,6,1,1,7,1.0,success,False,False,
pm_css,773,7,6,1,1,4 3,0.5102040816326531,success,False,False,
pm_css,654,7,6,1,0,5 2,0.5918367346938775,success,False,False,
pm_css,438,7,6,1,1,5 2,0.5918367346938775,success,False,False,
pm_css,433,7,6,1,0,7,1.0,success,False,False,
pm_css,858,7,6,1,0,7,1.0,success,False,False,
pm_css,85,7,6,1,1,7,1.0,success,False,False,
pm_css,697,7,6,1,1,4 3,0.5102040816326531,success,False,False,
pm_css,201,7,6,1,0,7,1.0,success,False,False,
pm_css,94,7,6,1,0,4 3,0.5102040816326531,success,False,False,
pm_css,89,8,0,8,7,5 3,0.53125,success,False,False,
pm_css,773,8,0,8,7,6 2,0.625,success,False,False,
pm_css,654,8,0,8,2,3 2 2 1,0.28125,success,False,False,
pm_css,438,8,0,8,8,8,1.0,success,False,False,
pm_css,433,8,0,8,2,4 2 2,0.375,success,False,False,
pm_css,858,8,0,8,1,5 3,0.53125,success,False,False,
pm_css,85,8,0,8,6,4 3 1,0.40625,success,False,False,
pm_css,697,8,0,8,6,6 2,0.625,success,False,False,
pm_css,201,8,0,8,2,4 2 2,0.375,success,False,False,
pm_css,94,8,0,8,0,8,1.0,success,False,False,
pm_css,89,8,2,6,6,4 3 1,0.40625,success,False,False,
pm_css,773,8,2,6,5,4 2 2,0.375,success,False,False,
pm_css,654,8,2,6,2,3 3 1 1,0.3125,success,False,False,
pm_css,438,8,2,6,6,4 3 1,0.40625,success,False,False,
pm_css,433,8,2,6,1,6 2,0.625,success,False,False,
pm_css,858,8,2,6,1,5 2 1,0.46875,success,False,False,
pm_css,85,8,2,6,4,4 2 2,0.375,success,False,False,
pm_css,697,8,2,6,5,6 2,0.625,success,False,False,
pm_css,201,8,2,6,2,4 2 2,0.375,success,False,False,
pm_css,94,8,2,6,0,8,1.0,success,False,False,
pm_css,89,8,4,4,4,4 4,0.5,success,False,False,
pm_css,773,8,4,4,4,6 2,0.625,success,False,False,
pm_css,654,8,4,4,1,6 2,0.625,success,False,False,
pm_css,438,8,4,4,4,4 3 1,0.40625,success,False,False,
pm_css,433,8,4,4,1,5 2 1,0.46875,success,False,False,
pm_css,858,8,4,4,0,4 4,0.5,success,False,False,
pm_css,85,8,4,4,3,2 2 2 2,0.25,success,False,False,
pm_css,697,8,4,4,3,6 2,0.625,success,False,False,
pm_css,201,8,4,4,1,6 1 1,0.59375,success,False,False,
pm_css,94,8,4,4,0,5 2 1,0.46875,success,False,False,
pm_css,89,8,6,2,2,4 2 2,0.375,success,False,False,
pm_css,773,8,6,2,2,4 4,0.5,success,False,False,
pm_css,654,8,6,2,0,6 2,0.625,success,False,False,
pm_css,438,8,6,2,2,4 4,0.5,success,False,False,
pm_css,433,8,6,2,0,6 2,0.625,success,False,False,
pm_css,858,8,6,2,0,6 2,0.625,success,False,False,
pm_css,85,8,6,2,2,6 2,0.625,success,False,False,
pm_css,697,8,6,2,2,4 4,0.5,success,False,False,
pm_css,201,8,6,2,0,4 4,0.5,success,False,False,
pm_css,94,8,6,2,0,4 4,0.5,success,False,False,
pm_css,89,9,0,9,8,5 4,0.5061728395061729,success,False,False,
pm_css,773,9,0,9,8,5 4,0.5061728395061729,success,False,False,
pm_css,654,9,0,9,3,4 2 1 1 1,0.2839506172839506,success,False,False,
pm_css,438,9,0,9,9,9,1.0,success,False,False,
pm_css,433,9,0,9,2,4 4 1,0.4074074074074074,success,False,False,
pm_css,858,9,0,9,1,6 3,0.5555555555555556,success,False,False,
pm_css,85,9,0,9,7,3 3 2 1,0.2839506172839506,success,False,False,
pm_css,697,9,0,9,7,3 3 2 1,0.2839506172839506,success,False,False,
pm_css,201,9,0,9,2,6 3,0.5555555555555556,success,False,False,
pm_css,94,9,0,9,0,9,1.0,success,False,False,
pm_css,89,9,2,7,6,4 2 2 1,0.30864197530864196,success,False,False,
pm_css,773,9,2,7,6,4 2 2 1,0.30864197530864196,success,False,False,
pm_css,654,9,2,7,2,4 3 1 1,0.3333333333333333,success,False,False,
pm_css,438,9,2,7,7,6 2 1,0.5061728395061729,success,False,False,
pm_css,433,9,2,7,2,4 4 1,0.4074074074074074,success,False,False,
pm_css,858,9,2,7,1,4 2 2 1,0.30864197530864196,success,False,False,
pm_css,85,9,2,7,5,2 2 2 2 1,0.20987654320987653,success,False,False,
pm_css,697,9,2,7,6,6 2 1,0.5061728395061729,success,False,False,
pm_css,201,9,2,7,2,2 2 2 2 1,0.20987654320987653,success,False,False,
pm_css,94,9,2,7,0,6 2 1,0.5061728395061729,success,False,False,
pm_css,89,9,4,5,5,4 3 2,0.35802469135802467,success,False,False,
pm_css,773,9,4,5,5,6 2 1,0.5061728395061729,success,False,False,
pm_css,654,9,4,5,1,4 3 2,0.35802469135802467,success,False,False,
pm_css,438,9,4,5,5,4 3 2,0.35802469135802467,success,False,False,
pm_css,433,9,4,5,1,5 3 1,0.43209876543209874,success,False,False,
pm_css,858,9,4,5,0,6 2 1,0.5061728395061729,success,False,False,
pm_css,85,9,4,5,4,4 2 1 1 1,0.2839506172839506,success,False,False,
pm_css,697,9,4,5,4,4 2 2 1,0.30864197530864196,success,False,False,
pm_css,201,9,4,5,1,3 2 2 1 1,0.2345679012345679,success,False,False,
pm_css,94,9,4,5,0,6 2 1,0.5061728395061729,success,False,False,
pm_css,89,9,6,3,3,6 2 1,0.5061728395061729,success,False,False,
pm_css,773,9,6,3,3,4 3 2,0.35802469135802467,success,False,False,
pm_css,654,9,6,3,1,5 4,0.5061728395061729,success,False,False,
pm_css,438,9,6,3,3,4 4 1,0.4074074074074074,success,False,False,
pm_css,433,9,6,3,1,4 3 2,0.35802469135802467,success,False,False,
pm_css,858,9,6,3,0,4 4 1,0.4074074074074074,success,False,False,
pm_css,85,9,6,3,2,4 2 2 1,0.30864197530864196,success,False,False,
pm_css,697,9,6,3,3,5 4,0.5061728395061729,success,False,False,
pm_css,201,9,6,3,1,4 2 2 1,0.30864197530864196,success,False,False,
pm_css,94,9,6,3,0,6 3,0.5555555555555556,success,False,False,
pm_css,89,9,8,1,1,9,1.0,success,False,False,
pm_css,773,9,8,1,1,9,1.0,success,False,False,
pm_css,654,9,8,1,0,5 4,0.5061728395061729,success,False,False,
pm_css,438,9,8,1,1,5 4,0.5061728395061729,success,False,False,
pm_css,433,9,8,1,0,9,1.0,success,False,False,
pm_css,858,9,8,1,0,9,1.0,success,False,False,
pm_css,85,9,8,1,1,9,1.0,success,False,False,
pm_css,697,9,8,1,1,6 3,0.5555555555555556,success,False,False,
pm_css,201,9,8,1,0,6 3,0.5555555555555556,success,False,False,
pm_css,94,9,8,1,0,5 4,0.5061728395061729,success,False,False,
pm_css,89,10,0,10,9,5 5,0.5,success,False,False,
pm_css,773,10,0,10,9,7 3,0.58,success,False,False,
pm_css,654,10,0,10,3,5 2 2 1,0.34,success,False,False,
pm_css,438,10,0,10,10,10,1.0,success,False,False,
pm_css,433,10,0,10,2,6 3 1,0.46,success,False,False,
pm_css,858,10,0,10,1,7 3,0.58,success,False,False,
pm_css,85,10,0,10,7,4 3 2 1,0.3,success,False,False,
pm_css,697,10,0,10,8,4 4 2,0.36,success,False,False,
pm_css,201,10,0,10,3,4 3 2 1,0.3,success,False,False,
pm_css,94,10,0,10,0,10,1.0,success,False,False,
pm_css,89,10,2,8,7,5 3 2,0.38,success,False,False,
pm_css,773,10,2,8,7,5 4 1,0.42,success,False,False,
pm_css,654,10,2,8,2,2 2 2 2 1 1,0.18,success,False,False,
pm_css,438,10,2,8,8,5 4 1,0.42,success,False,False,
pm_css,433,10,2,8,2,4 2 2 1 1,0.26,success,False,False,
pm_css,858,10,2,8,1,5 5,0.5,success,False,False,
pm_css,85,10,2,8,6,5 3 1 1,0.36,success,False,False,
pm_css,697,10,2,8,6,6 2 1 1,0.42,success,False,False,
pm_css,201,10,2,8,2,3 3 2 1 1,0.24,success,False,False,
pm_css,94,10,2,8,0,6 3 1,0.46,success,False,False,
pm_css,89,10,4,6,6,8 1 1,0.66,success,False,False,
pm_css,773,10,4,6,5,4 2 2 2,0.28,success,False,False,
pm_css,654,10,4,6,2,4 2 2 1 1,0.26,success,False,False,
pm_css,438,10,4,6,6,6 4,0.52,success,False,False,
pm_css,433,10,4,6,1,6 2 2,0.44,success,False,False,
pm_css,858,10,4,6,1,5 4 1,0.42,success,False,False,
pm_css,85,10,4,6,4,6 1 1 1 1,0.4,success,False,False,
pm_css,697,10,4,6,5,6 2 1 1,0.42,success,False,False,
pm_css,201,10,4,6,2,4 3 1 1 1,0.28,success,False,False,
pm_css,94,10,4,6,0,8 2,0.68,success,False,False,
pm_css,89,10,6,4,4,6 2 2,0.44,success,False,False,
pm_css,773,10,6,4,4,6 4,0.52,success,False,False,
pm_css,654,10,6,4,1,5 4 1,0.42,success,False,False,
pm_css,438,10,6,4,4,7 3,0.58,success,False,False,
pm_css,433,10,6,4,1,6 4,0.52,success,False,False,
pm_css,858,10,6,4,0,4 4 2,0.36,success,False,False,
pm_css,85,10,6,4,3,3 2 2 2 1,0.22,success,False,False,
pm_css,697,10,6,4,3,5 4 1,0.42,success,False,False,
pm_css,201,10,6,4,1,6 2 1 1,0.42,success,False,False,
pm_css,94,10,6,4,0,8 2,0.68,success,False,False,
pm_css,89,10,8,2,2,4 4 2,0.36,success,False,False,
pm_css,773,10,8,2,2,8 2,0.68,success,False,False,
pm_css,654,10,8,2,0,6 4,0.52,success,False,False,
pm_css,438,10,8,2,2,6 4,0.52,success,False,False,
pm_css,433,10,8,2,0,6 4,0.52,success,False,False,
pm_css,858,10,8,2,0,8 2,0.68,success,False,False,
pm_css,85,10,8,2,2,8 2,0.68,success,False,False,
pm_css,697,10,8,2,2,4 4 2,0.36,success,False,False,
pm_css,201,10,8,2,0,6 4,0.52,success,False,False,
pm_css,94,10,8,2,0,8 2,0.68,success,False,False,
pm_css,89,11,0,11,10,8 3,0.6033057851239669,success,False,False,
pm_css,773,11,0,11,10,8 3,0.6033057851239669,success,False,False,
pm_css,654,11,0,11,3,6 2 2 1,0.371900826446281,success,False,False,
pm_css,438,11,0,11,11,11,1.0,success,False,False,
pm_css,433,11,0,11,3,8 2 1,0.5702479338842975,success,False,False,
pm_css,858,11,0,11,1,8 3,0.6033057851239669,success,False,False,
pm_css,85,11,0,11,8,4 4 2 1,0.30578512396694213,success,False,False,
pm_css,697,11,0,11,9,4 3 3 1,0.2892561983471074,success,False,False,
pm_css,201,11,0,11,3,3 3 2 1 1 1,0.2066115702479339,success,False,False,
pm_css,94,11,0,11,0,11,1.0,success,False,False,
pm_css,89,11,2,9,8,4 3 2 2,0.2727272727272727,success,False,False,
pm_css,773,11,2,9,8,7 4,0.5371900826446281,success,False,False,
pm_css,654,11,2,9,3,4 3 2 1 1,0.256198347107438,success,False,False,
pm_css,438,11,2,9,9,4 4 3,0.33884297520661155,success,False,False,
pm_css,433,11,2,9,2,3 2 2 2 1 1,0.19008264462809918,success,False,False,
pm_css,858,11,2,9,1,6 3 1 1,0.3884297520661157,success,False,False,
pm_css,85,11,2,9,7,4 4 2 1,0.30578512396694213,success,False,False,
pm_css,697,11,2,9,7,4 3 2 1 1,0.256198347107438,success,False,False,
pm_css,201,11,2,9,2,3 2 2 2 1 1,0.19008264462809918,success,False,False,
pm_css,94,11,2,9,0,6 5,0.5041322314049587,success,False,False,
pm_css,89,11,4,7,6,4 4 2 1,0.30578512396694213,success,False,False,
pm_css,773,11,4,7,6,6 4 1,0.4380165289256198,success,False,False,
pm_css,654,11,4,7,2,6 2 1 1 1,0.35537190082644626,success,False,False,
pm_css,438,11,4,7,7,7 3 1,0.48760330578512395,success,False,False,
pm_css,433,11,4,7,2,3 3 2 1 1 1,0.2066115702479339,success,False,False,
pm_css,858,11,4,7,1,5 4 1 1,0.35537190082644626,success,False,False,
pm_css,85,11,4,7,5,3 2 2 2 1 1,0.19008264462809918,success,False,False,
pm_css,697,11,4,7,6,6 2 2 1,0.371900826446281,success,False,False,
pm_css,201,11,4,7,2,3 2 2 1 1 1 1,0.17355371900826447,success,False,False,
pm_css,94,11,4,7,0,6 4 1,0.4380165289256198,success,False,False,
pm_css,89,11,6,5,5,7 2 1 1,0.45454545454545453,success,False,False,
pm_css,773,11,6,5,5,6 3 2,0.4049586776859504,success,False,False,
pm_css,654,11,6,5,1,4 4 2 1,0.30578512396694213,success,False,False,
pm_css,438,11,6,5,5,7 2 2,0.47107438016528924,success,False,False,
pm_css,433,11,6,5,1,6 2 1 1 1,0.35537190082644626,success,False,False,
pm_css,858,11,6,5,0,6 4 1,0.4380165289256198,success,False,False,
pm_css,85,11,6,5,4,4 3 2 1 1,0.256198347107438,success,False,False,
pm_css,697,11,6,5,4,5 3 2 1,0.32231404958677684,success,False,False,
pm_css,201,11,6,5,1,7 3 1,0.48760330578512395,success,False,False,
pm_css,94,11,6,5,0,6 3 1 1,0.3884297520661157,success,False,False,
pm_css,89,11,8,3,3,6 3 2,0.4049586776859504,success,False,False,
pm_css,773,11,8,3,3,7 4,0.5371900826446281,success,False,False,
pm_css,654,11,8,3,1,7 4,0.5371900826446281,success,False,False,
pm_css,438,11,8,3,3,8 3,0.6033057851239669,success,False,False,
pm_css,433,11,8,3,1,4 3 2 2,0.2727272727272727,success,False,False,
pm_css,858,11,8,3,0,5 4 2,0.371900826446281,success,False,False,
pm_css,85,11,8,3,2,4 4 2 1,0.30578512396694213,success,False,False,
pm_css,697,11,8,3,3,6 3 2,0.4049586776859504,success,False,False,
pm_css,201,11,8,3,1,7 4,0.5371900826446281,success,False,False,
pm_css,94,11,8,3,0,6 5,0.5041322314049587,success,False,False,
pm_css,89,11,10,1,1,7 4,0.5371900826446281,success,False,False,
pm_css,773,11,10,1,1,6 5,0.5041322314049587,success,False,False,
pm_css,654,11,10,1,0,11,1.0,success,False,False,
pm_css,438,11,10,1,1,11,1.0,success,False,False,
pm_css,433,11,10,1,0,7 4,0.5371900826446281,success,False,False,
pm_css,858,11,10,1,0,11,1.0,success,False,False,
pm_css,85,11,10,1,1,6 5,0.5041322314049587,success,False,False,
pm_css,697,11,10,1,1,6 5,0.5041322314049587,success,False,False,
pm_css,201,11,10,1,0,11,1.0,success,False,False,
pm_css,94,11,10,1,0,7 4,0.5371900826446281,success,False,False,
pm_css,89,12,0,12,11,8 4,0.5555555555555556,success,False,False,
pm_css,773,12,0,12,10,7 3 2,0.4305555555555556,success,False,False,
pm_css,654,12,0,12,4,5 4 1 1 1,0.3055555555555556,success,False,False,
pm_css,438,12,0,12,12,12,1.0,success,False,False,
pm_css,433,12,0,12,3,8 3 1,0.5138888888888888,success,False,False,
pm_css,858,12,0,12,2,6 3 2 1,0.3472222222222222,success,False,False,
pm_css,85,12,0,12,9,5 2 2 2 1,0.2638888888888889,success,False,False,
pm_css,697,12,0,12,9,6 4 2,0.3888888888888889,success,False,False,
pm_css,201,12,0,12,3,8 3 1,0.5138888888888888,success,False,False,
pm_css,94,12,0,12,0,12,1.0,success,False,False,
pm_css,89,12,2,10,9,4 4 2 2,0.2777777777777778,success,False,False,
pm_css,773,12,2,10,9,4 3 2 2 1,0.2361111111111111,success,False,False,
pm_css,654,12,2,10,3,2 2 2 2 1 1 1 1,0.1388888888888889,success,False,False,
pm_css,438,12,2,10,10,6 3 3,0.375,success,False,False,
pm_css,433,12,2,10,2,4 2 2 1 1 1 1,0.19444444444444445,success,False,False,
pm_css,858,12,2,10,1,7 3 2,0.4305555555555556,success,False,False,
pm_css,85,12,2,10,7,7 2 1 1 1,0.3888888888888889,success,False,False,
pm_css,697,12,2,10,8,3 2 2 2 1 1 1,0.16666666666666666,success,False,False,
pm_css,201,12,2,10,3,3 2 2 2 2 1,0.18055555555555555,success,False,False,
pm_css,94,12,2,10,0,6 5 1,0.4305555555555556,success,False,False,
pm_css,89,12,4,8,7,7 3 2,0.4305555555555556,success,False,False,
pm_css,773,12,4,8,7,4 3 2 2 1,0.2361111111111111,success,False,False,
pm_css,654,12,4,8,2,3 3 2 2 1 1,0.19444444444444445,success,False,False,
pm_css,438,12,4,8,8,8 3 1,0.5138888888888888,success,False,False,
pm_css,433,12,4,8,2,4 2 2 2 1 1,0.20833333333333334,success,False,False,
pm_css,858,12,4,8,1,6 4 1 1,0.375,success,False,False,
pm_css,85,12,4,8,6,4 3 2 1 1 1,0.2222222222222222,success,False,False,
pm_css,697,12,4,8,6,6 2 2 1 1,0.3194444444444444,success,False,False,
pm_css,201,12,4,8,2,6 2 2 1 1,0.3194444444444444,success,False,False,
pm_css,94,12,4,8,0,6 5 1,0.4305555555555556,success,False,False,
pm_css,89,12,6,6,6,6 3 2 1,0.3472222222222222,success,False,False,
pm_css,773,12,6,6,5,4 4 2 2,0.2777777777777778,success,False,False,
pm_css,654,12,6,6,2,3 2 2 2 1 1 1,0.16666666666666666,success,False,False,
pm_css,438,12,6,6,6,8 2 2,0.5,success,False,False,
pm_css,433,12,6,6,1,4 4 2 2,0.2777777777777778,success,False,False,
pm_css,858,12,6,6,1,7 5,0.5138888888888888,success,False,False,
pm_css,85,12,6,6,4,5 3 2 1 1,0.2777777777777778,success,False,False,
pm_css,697,12,6,6,5,6 4 2,0.3888888888888889,success,False,False,
pm_css,201,12,6,6,2,4 3 2 1 1 1,0.2222222222222222,success,False,False,
pm_css,94,12,6,6,0,5 4 2 1,0.3194444444444444,success,False,False,
pm_css,89,12,8,4,4,8 4,0.5555555555555556,success,False,False,
pm_css,773,12,8,4,4,4 4 2 2,0.2777777777777778,success,False,False,
pm_css,654,12,8,4,1,5 5 1 1,0.3611111111111111,success,False,False,
pm_css,438,12,8,4,4,8 2 2,0.5,success,False,False,
pm_css,433,12,8,4,1,3 3 3 2 1,0.2222222222222222,success,False,False,
pm_css,858,12,8,4,0,6 4 1 1,0.375,success,False,False,
pm_css,85,12,8,4,3,3 3 2 2 1 1,0.19444444444444445,success,False,False,
pm_css,697,12,8,4,3,6 4 2,0.3888888888888889,success,False,False,
pm_css,201,12,8,4,1,4 3 3 1 1,0.25,success,False,False,
pm_css,94,12,8,4,0,9 1 1 1,0.5833333333333334,success,False,False,
pm_css,89,12,10,2,2,6 6,0.5,success,False,False,
pm_css,773,12,10,2,2,4 4 4,0.3333333333333333,success,False,False,
pm_css,654,12,10,2,0,5 3 3 1,0.3055555555555556,success,False,False,
pm_css,438,12,10,2,2,10 2,0.7222222222222222,success,False,False,
pm_css,433,12,10,2,0,8 4,0.5555555555555556,success,False,False,
pm_css,858,12,10,2,0,10 2,0.7222222222222222,success,False,False,
pm_css,85,12,10,2,2,8 4,0.5555555555555556,success,False,False,
pm_css,697,12,10,2,2,10 2,0.7222222222222222,success,False,False,
pm_css,201,12,10,2,0,10 2,0.7222222222222222,success,False,False,
pm_css,94,12,10,2,0,7 3 2,0.4305555555555556,success,False,False,
pm_css,89,13,0,13,12,9 4,0.5739644970414202,success,False,False,
pm_css,773,13,0,13,11,6 4 3,0.3609467455621302,success,False,False,
pm_css,654,13,0,13,4,6 4 1 1 1,0.3254437869822485,success,False,False,
pm_css,438,13,0,13,12,11 2,0.7396449704142012,success,False,False,
pm_css,433,13,0,13,3,4 4 4 1,0.28994082840236685,success,False,False,
pm_css,858,13,0,13,2,6 6 1,0.4319526627218935,success,False,False,
pm_css,85,13,0,13,9,6 3 2 1 1,0.30177514792899407,success,False,False,
pm_css,697,13,0,13,10,6 5 2,0.38461538461538464,success,False,False,
pm_css,201,13,0,13,4,5 2 2 1 1 1 1,0.21893491124260356,success,False,False,
pm_css,94,13,0,13,0,13,1.0,success,False,False,
pm_css,89,13,2,11,10,6 3 3 1,0.3254437869822485,success,False,False,
pm_css,773,13,2,11,10,10 3,0.6449704142011834,success,False,False,
pm_css,654,13,2,11,3,4 3 3 2 1,0.23076923076923078,success,False,False,
pm_css,438,13,2,11,11,11 2,0.7396449704142012,success,False,False,
pm_css,433,13,2,11,3,4 3 2 2 1 1,0.20710059171597633,success,False,False,
pm_css,858,13,2,11,1,10 3,0.6449704142011834,success,False,False,
pm_css,85,13,2,11,8,3 3 3 1 1 1 1,0.1834319526627219,success,False,False,
pm_css,697,13,2,11,9,6 4 3,0.3609467455621302,success,False,False,
pm_css,201,13,2,11,3,8 2 1 1 1,0.42011834319526625,success,False,False,
pm_css,94,13,2,11,0,6 4 3,0.3609467455621302,success,False,False,
pm_css,89,13,4,9,8,3 2 2 2 1 1 1 1,0.14792899408284024,success,False,False,
pm_css,773,13,4,9,8,5 4 2 1 1,0.2781065088757396,success,False,False,
pm_css,654,13,4,9,3,4 2 2 2 1 1 1,0.1834319526627219,success,False,False,
pm_css,438,13,4,9,9,6 5 2,0.38461538461538464,success,False,False,
pm_css,433,13,4,9,2,6 3 2 1 1,0.30177514792899407,success,False,False,
pm_css,858,13,4,9,1,8 3 1 1,0.4437869822485207,success,False,False,
pm_css,85,13,4,9,7,4 3 3 1 1 1,0.21893491124260356,success,False,False,
pm_css,697,13,4,9,7,6 5 2,0.38461538461538464,success,False,False,
pm_css,201,13,4,9,2,4 2 2 2 1 1 1,0.1834319526627219,success,False,False,
pm_css,94,13,4,9,0,6 4 2 1,0.33727810650887574,success,False,False,
pm_css,89,13,6,7,6,6 5 1 1,0.3727810650887574,success,False,False,
pm_css,773,13,6,7,6,8 4 1,0.47928994082840237,success,False,False,
pm_css,654,13,6,7,2,5 3 3 1 1,0.26627218934911245,success,False,False,
pm_css,438,13,6,7,7,7 4 2,0.40828402366863903,success,False,False,
pm_css,433,13,6,7,2,7 2 1 1 1 1,0.33727810650887574,success,False,False,
pm_css,858,13,6,7,1,8 3 2,0.4556213017751479,success,False,False,
pm_css,85,13,6,7,5,5 2 2 1 1 1 1,0.21893491124260356,success,False,False,
pm_css,697,13,6,7,6,6 5 2,0.38461538461538464,success,False,False,
pm_css,201,13,6,7,2,4 3 3 2 1,0.23076923076923078,success,False,False,
pm_css,94,13,6,7,0,6 4 2 1,0.33727810650887574,success,False,False,
pm_css,89,13,8,5,5,6 4 2 1,0.33727810650887574,success,False,False,
pm_css,773,13,8,5,5,8 4 1,0.47928994082840237,success,False,False,
pm_css,654,13,8,5,1,5 4 3 1,0.30177514792899407,success,False,False,
pm_css,438,13,8,5,5,6 5 2,0.38461538461538464,success,False,False,
pm_css,433,13,8,5,1,10 3,0.6449704142011834,success,False,False,
pm_css,858,13,8,5,0,7 3 2 1,0.3727810650887574,success,False,False,
pm_css,85,13,8,5,4,4 3 2 2 1 1,0.20710059171597633,success,False,False,
pm_css,697,13,8,5,4,6 5 2,0.38461538461538464,success,False,False,
pm_css,201,13,8,5,1,5 4 1 1 1 1,0.26627218934911245,success,False,False,
pm_css,94,13,8,5,0,6 4 1 1 1,0.3254437869822485,success,False,False,
pm_css,89,13,10,3,3,8 3 2,0.4556213017751479,success,False,False,
pm_css,773,13,10,3,3,13,1.0,success,False,False,
pm_css,654,13,10,3,1,7 4 2,0.40828402366863903,success,False,False,
pm_css,438,13,10,3,3,6 3 2 2,0.3136094674556213,success,False,False,
pm_css,433,13,10,3,1,7 6,0.5029585798816568,success,False,False,
pm_css,858,13,10,3,0,5 4 4,0.33727810650887574,success,False,False,
pm_css,85,13,10,3,2,3 3 2 2 1 1 1,0.17159763313609466,success,False,False,
pm_css,697,13,10,3,3,6 4 3,0.3609467455621302,success,False,False,
pm_css,201,13,10,3,1,7 4 1 1,0.39644970414201186,success,False,False,
pm_css,94,13,10,3,0,8 4 1,0.47928994082840237,success,False,False,
pm_css,89,13,12,1,1,7 6,0.5029585798816568,success,False,False,
pm_css,773,13,12,1,1,7 6,0.5029585798816568,success,False,False,
pm_css,654,13,12,1,0,7 6,0.5029585798816568,success,False,False,
pm_css,438,13,12,1,1,7 6,0.5029585798816568,success,False,False,
pm_css,433,13,12,1,0,13,1.0,success,False,False,
pm_css,858,13,12,1,0,13,1.0,success,False,False,
pm_css,85,13,12,1,1,7 6,0.5029585798816568,success,False,False,
pm_css,697,13,12,1,1,8 5,0.5266272189349113,success,False,False,
pm_css,201,13,12,1,0,8 5,0.5266272189349113,success,False,False,
pm_css,94,13,12,1,0,13,1.0,success,False,False,
pm_css,89,14,0,14,12,10 3 1,0.5612244897959183,success,False,False,
pm_css,773,14,0,14,12,6 5 3,0.35714285714285715,success,False,False,
pm_css,654,14,0,14,4,8 3 2 1,0.3979591836734694,success,False,False,
pm_css,438,14,0,14,13,8 6,0.5102040816326531,success,False,False,
pm_css,433,14,0,14,4,4 3 3 2 1 1,0.20408163265306123,success,False,False,
pm_css,858,14,0,14,2,8 6,0.5102040816326531,success,False,False,
pm_css,85,14,0,14,10,6 4 2 1 1,0.29591836734693877,success,False,False,
pm_css,697,14,0,14,11,7 2 2 1 1 1,0.30612244897959184,success,False,False,
pm_css,201,14,0,14,4,5 2 2 2 1 1 1,0.20408163265306123,success,False,False,
pm_css,94,14,0,14,0,14,1.0,success,False,False,
pm_css,89,14,2,12,11,7 6 1,0.4387755102040816,success,False,False,
pm_css,773,14,2,12,10,10 2 2,0.5510204081632653,success,False,False,
pm_css,654,14,2,12,4,8 3 2 1,0.3979591836734694,success,False,False,
pm_css,438,14,2,12,12,12 2,0.7551020408163265,success,False,False,
pm_css,433,14,2,12,3,4 4 2 2 2,0.22448979591836735,success,False,False,
pm_css,858,14,2,12,2,8 6,0.5102040816326531,success,False,False,
pm_css,85,14,2,12,9,7 4 2 1,0.35714285714285715,success,False,False,
pm_css,697,14,2,12,9,4 2 2 1 1 1 1 1 1,0.15306122448979592,success,False,False,
pm_css,201,14,2,12,3,4 3 2 2 1 1 1,0.1836734693877551,success,False,False,
pm_css,94,14,2,12,0,8 6,0.5102040816326531,success,False,False,
pm_css,89,14,4,10,9,4 4 4 2,0.2653061224489796,success,False,False,
pm_css,773,14,4,10,9,4 4 2 2 2,0.22448979591836735,success,False,False,
pm_css,654,14,4,10,3,7 2 2 2 1,0.3163265306122449,success,False,False,
pm_css,438,14,4,10,10,12 2,0.7551020408163265,success,False,False,
pm_css,433,14,4,10,2,8 3 2 1,0.3979591836734694,success,False,False,
pm_css,858,14,4,10,1,7 3 2 2,0.336734693877551,success,False,False,
pm_css,85,14,4,10,7,4 3 2 2 1 1 1,0.1836734693877551,success,False,False,
pm_css,697,14,4,10,8,4 3 2 2 1 1 1,0.1836734693877551,success,False,False,
pm_css,201,14,4,10,3,3 3 2 2 1 1 1 1,0.15306122448979592,success,False,False,
pm_css,94,14,4,10,0,7 4 2 1,0.35714285714285715,success,False,False,
pm_css,89,14,6,8,7,6 2 2 1 1 1 1,0.24489795918367346,success,False,False,
pm_css,773,14,6,8,7,4 3 2 2 1 1 1,0.1836734693877551,success,False,False,
pm_css,654,14,6,8,2,4 4 3 2 1,0.23469387755102042,success,False,False,
pm_css,438,14,6,8,8,8 5 1,0.45918367346938777,success,False,False,
pm_css,433,14,6,8,2,9 3 1 1,0.46938775510204084,success,False,False,
pm_css,858,14,6,8,1,7 2 2 2 1,0.3163265306122449,success,False,False,
pm_css,85,14,6,8,6,7 2 2 1 1 1,0.30612244897959184,success,False,False,
pm_css,697,14,6,8,6,4 4 2 2 1 1,0.21428571428571427,success,False,False,
pm_css,201,14,6,8,2,5 3 1 1 1 1 1 1,0.20408163265306123,success,False,False,
pm_css,94,14,6,8,0,6 4 4,0.3469387755102041,success,False,False,
pm_css,89,14,8,6,6,8 5 1,0.45918367346938777,success,False,False,
pm_css,773,14,8,6,5,6 4 2 2,0.30612244897959184,success,False,False,
pm_css,654,14,8,6,2,4 4 3 2 1,0.23469387755102042,success,False,False,
pm_css,438,14,8,6,6,6 5 2 1,0.336734693877551,success,False,False,
pm_css,433,14,8,6,1,6 4 2 2,0.30612244897959184,success,False,False,
pm_css,858,14,8,6,1,4 4 2 2 2,0.22448979591836735,success,False,False,
pm_css,85,14,8,6,4,6 3 2 1 1 1,0.2653061224489796,success,False,False,
pm_css,697,14,8,6,5,7 2 2 1 1 1,0.30612244897959184,success,False,False,
pm_css,201,14,8,6,2,5 2 2 2 1 1 1,0.20408163265306123,success,False,False,
pm_css,94,14,8,6,0,6 4 2 1 1,0.29591836734693877,success,False,False,
pm_css,89,14,10,4,4,8 3 2 1,0.3979591836734694,success,False,False,
pm_css,773,14,10,4,4,12 2,0.7551020408163265,success,False,False,
pm_css,654,14,10,4,1,11 3,0.6632653061224489,success,False,False,
pm_css,438,14,10,4,4,6 3 3 2,0.29591836734693877,success,False,False,
pm_css,433,14,10,4,1,9 3 1 1,0.46938775510204084,success,False,False,
pm_css,858,14,10,4,0,6 4 3 1,0.3163265306122449,success,False,False,
pm_css,85,14,10,4,3,6 4 4,0.3469387755102041,success,False,False,
pm_css,697,14,10,4,3,6 3 2 1 1 1,0.2653061224489796,success,False,False,
pm_css,201,14,10,4,1,9 3 2,0.47959183673469385,success,False,False,
pm_css,94,14,10,4,0,9 3 2,0.47959183673469385,success,False,False,
pm_css,89,14,12,2,2,12 2,0.7551020408163265,success,False,False,
pm_css,773,14,12,2,2,8 6,0.5102040816326531,success,False,False,
pm_css,654,14,12,2,0,8 6,0.5102040816326531,success,False,False,
pm_css,438,14,12,2,2,8 6,0.5102040816326531,success,False,False,
pm_css,433,14,12,2,0,12 2,0.7551020408163265,success,False,False,
pm_css,858,14,12,2,0,8 6,0.5102040816326531,success,False,False,
pm_css,85,14,12,2,2,8 6,0.5102040816326531,success,False,False,
pm_css,697,14,12,2,2,8 6,0.5102040816326531,success,False,False,
pm_css,201,14,12,2,0,10 4,0.5918367346938775,success,False,False,
pm_css,94,14,12,2,0,12 2,0.7551020408163265,success,False,False,
pm_css,89,15,0,15,13,6 5 4,0.3422222222222222,success,False,False,
pm_css,773,15,0,15,13,6 5 3 1,0.31555555555555553,success,False,False,
pm_css,654,15,0,15,4,4 4 2 2 2 1,0.2,success,False,False,
pm_css,438,15,0,15,14,10 5,0.5555555555555556,success,False,False,
pm_css,433,15,0,15,4,8 2 2 1 1 1,0.3333333333333333,success,False,False,
pm_css,858,15,0,15,2,7 4 3 1,0.3333333333333333,success,False,False,
pm_css,85,15,0,15,11,6 5 2 1 1,0.29777777777777775,success,False,False,
pm_css,697,15,0,15,12,8 3 2 2,0.36,success,False,False,
pm_css,201,15,0,15,4,5 4 3 1 1 1,0.23555555555555555,success,False,False,
pm_css,94,15,0,15,0,15,1.0,success,False,False,
pm_css,89,15,4,11,10,5 3 2 1 1 1 1 1,0.19111111111111112,success,False,False,
pm_css,773,15,4,11,10,10 3 2,0.5022222222222222,success,False,False,
pm_css,654,15,4,11,3,8 3 1 1 1 1,0.3422222222222222,success,False,False,
pm_css,438,15,4,11,11,6 4 3 2,0.28888888888888886,success,False,False,
pm_css,433,15,4,11,3,6 3 1 1 1 1 1 1,0.22666666666666666,success,False,False,
pm_css,858,15,4,11,1,8 3 2 2,0.36,success,False,False,
pm_css,85,15,4,11,8,4 2 2 1 1 1 1 1 1 1,0.13777777777777778,success,False,False,
pm_css,697,15,4,11,9,5 4 2 2 1 1,0.22666666666666666,success,False,False,
pm_css,201,15,4,11,3,3 3 2 2 2 1 1 1,0.14666666666666667,success,False,False,
pm_css,94,15,4,11,0,7 6 2,0.39555555555555555,success,False,False,
pm_css,89,15,8,7,6,4 4 2 2 1 1 1,0.19111111111111112,success,False,False,
pm_css,773,15,8,7,6,6 5 2 2,0.30666666666666664,success,False,False,
pm_css,654,15,8,7,2,6 3 2 2 2,0.25333333333333335,success,False,False,
pm_css,438,15,8,7,7,8 4 2 1,0.37777777777777777,success,False,False,
pm_css,433,15,8,7,2,3 3 2 2 2 1 1 1,0.14666666666666667,success,False,False,
pm_css,858,15,8,7,1,8 3 2 1 1,0.3511111111111111,success,False,False,
pm_css,85,15,8,7,5,8 3 1 1 1 1,0.3422222222222222,success,False,False,
pm_css,697,15,8,7,6,6 4 2 1 1 1,0.26222222222222225,success,False,False,
pm_css,201,15,8,7,2,5 4 3 2 1,0.24444444444444444,success,False,False,
pm_css,94,15,8,7,0,7 3 3 1 1,0.30666666666666664,success,False,False,
pm_css,89,15,12,3,3,8 6 1,0.4488888888888889,success,False,False,
pm_css,773,15,12,3,3,6 3 3 2 1,0.26222222222222225,success,False,False,
pm_css,654,15,12,3,1,5 4 3 3,0.26222222222222225,success,False,False,
pm_css,438,15,12,3,3,7 6 2,0.39555555555555555,success,False,False,
pm_css,433,15,12,3,1,6 5 3 1,0.31555555555555553,success,False,False,
pm_css,858,15,12,3,0,13 2,0.7688888888888888,success,False,False,
pm_css,85,15,12,3,2,6 4 4 1,0.30666666666666664,success,False,False,
pm_css,697,15,12,3,3,12 1 1 1,0.6533333333333333,success,False,False,
pm_css,201,15,12,3,1,8 5 2,0.41333333333333333,success,False,False,
pm_css,94,15,12,3,0,9 4 2,0.4488888888888889,success,False,False,
pm_css,89,16,0,16,14,6 5 4 1,0.3046875,success,False,False,
pm_css,773,16,0,16,14,6 6 4,0.34375,success,False,False,
pm_css,654,16,0,16,5,9 4 2 1,0.3984375,success,False,False,
pm_css,438,16,0,16,15,11 5,0.5703125,success,False,False,
pm_css,433,16,0,16,4,12 2 1 1,0.5859375,success,False,False,
pm_css,858,16,0,16,2,8 6 2,0.40625,success,False,False,
pm_css,85,16,0,16,12,12 3 1,0.6015625,success,False,False,
pm_css,697,16,0,16,12,7 2 2 2 2 1,0.2578125,success,False,False,
pm_css,201,16,0,16,5,7 6 2 1,0.3515625,success,False,False,
pm_css,94,16,0,16,0,16,1.0,success,False,False,
pm_css,89,16,4,12,11,8 6 1 1,0.3984375,success,False,False,
pm_css,773,16,4,12,10,4 4 2 2 2 1 1,0.1796875,success,False,False,
pm_css,654,16,4,12,4,5 2 2 2 1 1 1 1 1,0.1640625,success,False,False,
pm_css,438,16,4,12,12,12 3 1,0.6015625,success,False,False,
pm_css,433,16,4,12,3,4 3 3 2 2 1 1,0.171875,success,False,False,
pm_css,858,16,4,12,2,6 5 2 1 1 1,0.265625,success,False,False,
pm_css,85,16,4,12,9,4 3 2 2 1 1 1 1 1,0.1484375,success,False,False,
pm_css,697,16,4,12,9,4 2 2 2 2 2 1 1,0.1484375,success,False,False,
pm_css,201,16,4,12,3,5 3 2 2 1 1 1 1,0.1796875,success,False,False,
pm_css,94,16,4,12,0,8 6 2,0.40625,success,False,False,
pm_css,89,16,8,8,7,7 3 3 2 1,0.28125,success,False,False,
pm_css,773,16,8,8,7,8 4 2 2,0.34375,success,False,False,
pm_css,654,16,8,8,2,5 3 2 1 1 1 1 1 1,0.171875,success,False,False,
pm_css,438,16,8,8,8,5 4 4 3,0.2578125,success,False,False,
pm_css,433,16,8,8,2,4 3 3 2 2 1 1,0.171875,success,False,False,
pm_css,858,16,8,8,1,10 4 2,0.46875,success,False,False,
pm_css,85,16,8,8,6,5 3 2 1 1 1 1 1 1,0.171875,success,False,False,
pm_css,697,16,8,8,6,8 4 2 1 1,0.3359375,success,False,False,
pm_css,201,16,8,8,2,9 3 2 1 1,0.375,success,False,False,
pm_css,94,16,8,8,0,8 3 2 1 1 1,0.3125,success,False,False,
pm_css,89,16,12,4,4,13 1 1 1,0.671875,success,False,False,
pm_css,773,16,12,4,4,13 2 1,0.6796875,success,False,False,
pm_css,654,16,12,4,1,4 4 3 3 1 1,0.203125,success,False,False,
pm_css,438,16,12,4,4,12 3 1,0.6015625,success,False,False,
pm_css,433,16,12,4,1,5 4 4 2 1,0.2421875,success,False,False,
pm_css,858,16,12,4,0,10 5 1,0.4921875,success,False,False,
pm_css,85,16,12,4,3,10 4 2,0.46875,success,False,False,
pm_css,697,16,12,4,3,11 3 2,0.5234375,success,False,False,
pm_css,201,16,12,4,1,6 4 2 2 2,0.25,success,False,False,
pm_css,94,16,12,4,0,6 5 4 1,0.3046875,success,False,False,
pm_css,89,17,0,17,15,8 5 4,0.3633217993079585,success,False,False,
pm_css,773,17,0,17,15,8 6 3,0.3771626297577855,success,False,False,
pm_css,654,17,0,17,5,4 2 2 2 2 2 1 1 1,0.13494809688581316,success,False,False,
pm_css,438,17,0,17,16,11 6,0.5432525951557093,success,False,False,
pm_css,433,17,0,17,4,6 3 3 2 2 1,0.2179930795847751,success,False,False,
pm_css,858,17,0,17,2,8 6 3,0.3771626297577855,success,False,False,
pm_css,85,17,0,17,12,4 3 3 3 2 1 1,0.1695501730103806,success,False,False,
pm_css,697,17,0,17,13,8 4 2 2 1,0.3079584775086505,success,False,False,
pm_css,201,17,0,17,5,8 3 2 2 1 1,0.28719723183391005,success,False,False,
pm_css,94,17,0,17,0,17,1.0,success,False,False,
pm_css,89,17,4,13,12,4 4 3 2 2 1 1,0.17647058823529413,success,False,False,
pm_css,773,17,4,13,11,7 3 2 2 2 1,0.24567474048442905,success,False,False,
pm_css,654,17,4,13,4,4 4 2 2 1 1 1 1 1,0.15570934256055363,success,False,False,
pm_css,438,17,4,13,12,6 5 4 2,0.28027681660899656,success,False,False,
pm_css,433,17,4,13,3,8 3 2 1 1 1 1,0.28027681660899656,success,False,False,
pm_css,858,17,4,13,2,7 4 3 2 1,0.27335640138408307,success,False,False,
pm_css,85,17,4,13,9,6 4 2 2 2 1,0.22491349480968859,success,False,False,
pm_css,697,17,4,13,10,8 4 2 2 1,0.3079584775086505,success,False,False,
pm_css,201,17,4,13,4,4 2 2 2 1 1 1 1 1 1 1,0.12110726643598616,success,False,False,
pm_css,94,17,4,13,0,8 4 3 2,0.3217993079584775,success,False,False,
pm_css,89,17,8,9,8,10 3 2 1 1,0.39792387543252594,success,False,False,
pm_css,773,17,8,9,8,8 4 2 2 1,0.3079584775086505,success,False,False,
pm_css,654,17,8,9,3,4 3 3 2 1 1 1 1 1,0.14878892733564014,success,False,False,
pm_css,438,17,8,9,9,11 3 3,0.4809688581314879,success,False,False,
pm_css,433,17,8,9,2,5 4 2 2 2 2,0.1972318339100346,success,False,False,
pm_css,858,17,8,9,1,6 4 2 2 2 1,0.22491349480968859,success,False,False,
pm_css,85,17,8,9,7,5 3 2 2 2 1 1 1,0.1695501730103806,success,False,False,
pm_css,697,17,8,9,7,5 4 4 2 1 1,0.2179930795847751,success,False,False,
pm_css,201,17,8,9,2,5 4 2 1 1 1 1 1 1,0.17647058823529413,success,False,False,
pm_css,94,17,8,9,0,8 8 1,0.4463667820069204,success,False,False,
pm_css,89,17,12,5,5,6 6 3 2,0.29411764705882354,success,False,False,
pm_css,773,17,12,5,5,9 4 2 1 1,0.356401384083045,success,False,False,
pm_css,654,17,12,5,1,8 4 3 2,0.3217993079584775,success,False,False,
pm_css,438,17,12,5,5,10 3 3 1,0.4117647058823529,success,False,False,
pm_css,433,17,12,5,1,5 4 4 1 1 1 1,0.21107266435986158,success,False,False,
pm_css,858,17,12,5,0,10 4 1 1 1,0.4117647058823529,success,False,False,
pm_css,85,17,12,5,4,6 4 3 1 1 1 1,0.22491349480968859,success,False,False,
pm_css,697,17,12,5,4,9 3 3 1 1,0.3494809688581315,success,False,False,
pm_css,201,17,12,5,1,8 7 1 1,0.39792387543252594,success,False,False,
pm_css,94,17,12,5,0,9 3 2 2 1,0.34256055363321797,success,False,False,
pm_css,89,17,16,1,1,9 8,0.5017301038062284,success,False,False,
pm_css,773,17,16,1,1,9 8,0.5017301038062284,success,False,False,
pm_css,654,17,16,1,0,17,1.0,success,False,False,
pm_css,438,17,16,1,1,11 6,0.5432525951557093,success,False,False,
pm_css,433,17,16,1,0,11 6,0.5432525951557093,success,False,False,
pm_css,858,17,16,1,0,17,1.0,success,False,False,
pm_css,85,17,16,1,1,17,1.0,success,False,False,
pm_css,697,17,16,1,1,10 7,0.5155709342560554,success,False,False,
pm_css,201,17,16,1,0,17,1.0,success,False,False,
pm_css,94,17,16,1,0,17,1.0,success,False,False,
pm_css,89,18,0,18,16,8 5 5,0.35185185185185186,success,False,False,
pm_css,773,18,0,18,16,8 7 3,0.3765432098765432,success,False,False,
pm_css,654,18,0,18,5,3 3 3 3 1 1 1 1 1 1,0.12962962962962962,success,False,False,
pm_css,438,18,0,18,17,10 8,0.5061728395061729,success,False,False,
pm_css,433,18,0,18,5,12 2 1 1 1 1,0.4691358024691358,success,False,False,
pm_css,858,18,0,18,2,7 6 3 2,0.30246913580246915,success,False,False,
pm_css,85,18,0,18,13,4 3 3 3 2 1 1 1,0.15432098765432098,success,False,False,
pm_css,697,18,0,18,14,5 5 3 2 2 1,0.20987654320987653,success,False,False,
pm_css,201,18,0,18,5,8 4 2 2 1 1,0.2777777777777778,success,False,False,
pm_css,94,18,0,18,0,18,1.0,success,False,False,
pm_css,89,18,4,14,12,4 4 4 3 2 1,0.19135802469135801,success,False,False,
pm_css,773,18,4,14,12,6 4 2 2 2 1 1,0.2037037037037037,success,False,False,
pm_css,654,18,4,14,4,4 2 2 2 1 1 1 1 1 1 1 1,0.1111111111111111,success,False,False,
pm_css,438,18,4,14,13,4 4 2 2 2 1 1 1 1,0.14814814814814814,success,False,False,
pm_css,433,18,4,14,4,6 4 2 2 1 1 1 1,0.19753086419753085,success,False,False,
pm_css,858,18,4,14,2,13 2 2 1,0.5493827160493827,success,False,False,
pm_css,85,18,4,14,10,3 3 2 2 2 1 1 1 1 1 1,0.1111111111111111,success,False,False,
pm_css,697,18,4,14,11,3 3 2 2 2 2 1 1 1 1,0.11728395061728394,success,False,False,
pm_css,201,18,4,14,4,4 3 2 2 2 1 1 1 1 1,0.12962962962962962,success,False,False,
pm_css,94,18,4,14,0,9 6 2 1,0.3765432098765432,success,False,False,
pm_css,89,18,8,10,9,9 3 3 2 1,0.32098765432098764,success,False,False,
pm_css,773,18,8,10,9,9 5 2 2,0.35185185185185186,success,False,False,
pm_css,654,18,8,10,3,8 2 2 2 1 1 1 1,0.24691358024691357,success,False,False,
pm_css,438,18,8,10,10,10 3 3 2,0.3765432098765432,success,False,False,
pm_css,433,18,8,10,2,6 4 3 2 1 1 1,0.20987654320987653,success,False,False,
pm_css,858,18,8,10,1,10 6 1 1,0.42592592592592593,success,False,False,
pm_css,85,18,8,10,7,8 4 3 1 1 1,0.2839506172839506,success,False,False,
pm_css,697,18,8,10,8,6 4 3 3 1 1,0.2222222222222222,success,False,False,
pm_css,201,18,8,10,3,6 5 2 1 1 1 1 1,0.21604938271604937,success,False,False,
pm_css,94,18,8,10,0,12 3 1 1 1,0.48148148148148145,success,False,False,
pm_css,89,18,12,6,6,8 5 3 2,0.3148148148148148,success,False,False,
pm_css,773,18,12,6,5,8 6 3 1,0.3395061728395062,success,False,False,
pm_css,654,18,12,6,2,8 3 2 1 1 1 1 1,0.25308641975308643,success,False,False,
pm_css,438,18,12,6,6,8 5 2 1 1 1,0.2962962962962963,success,False,False,
pm_css,433,18,12,6,1,7 3 2 2 2 1 1,0.2222222222222222,success,False,False,
pm_css,858,18,12,6,1,9 6 2 1,0.3765432098765432,success,False,False,
pm_css,85,18,12,6,4,8 4 3 2 1,0.29012345679012347,success,False,False,
pm_css,697,18,12,6,5,6 4 2 2 1 1 1 1,0.19753086419753085,success,False,False,
pm_css,201,18,12,6,2,5 4 4 3 1 1,0.20987654320987653,success,False,False,
pm_css,94,18,12,6,0,8 5 2 2 1,0.30246913580246915,success,False,False,
pm_css,89,18,16,2,2,7 5 3 3,0.2839506172839506,success,False,False,
pm_css,773,18,16,2,2,9 5 3 1,0.35802469135802467,success,False,False,
pm_css,654,18,16,2,0,10 8,0.5061728395061729,success,False,False,
pm_css,438,18,16,2,2,10 8,0.5061728395061729,success,False,False,
pm_css,433,18,16,2,0,12 6,0.5555555555555556,success,False,False,
pm_css,858,18,16,2,0,16 2,0.8024691358024691,success,False,False,
pm_css,85,18,16,2,2,12 6,0.5555555555555556,success,False,False,
pm_css,697,18,16,2,2,12 6,0.5555555555555556,success,False,False,
pm_css,201,18,16,2,0,10 8,0.5061728395061729,success,False,False,
pm_css,94,18,16,2,0,8 8 2,0.4074074074074074,success,False,False,
pm_css,89,19,0,19,17,12 5 2,0.4792243767313019,success,False,False,
pm_css,773,19,0,19,16,10 3 3 2 1,0.3407202216066482,success,False,False,
pm_css,654,19,0,19,6,6 3 3 3 1 1 1 1,0.18559556786703602,success,False,False,
pm_css,438,19,0,19,18,10 9,0.5013850415512465,success,False,False,
pm_css,433,19,0,19,5,7 4 2 2 1 1 1 1,0.21329639889196675,success,False,False,
pm_css,858,19,0,19,3,8 5 2 2 1 1,0.2742382271468144,success,False,False,
pm_css,85,19,0,19,14,6 4 2 2 2 1 1 1,0.18559556786703602,success,False,False,
pm_css,697,19,0,19,15,6 4 3 3 3,0.2188365650969529,success,False,False,
pm_css,201,19,0,19,5,6 5 4 3 1,0.2409972299168975,success,False,False,
pm_css,94,19,0,19,0,19,1.0,success,False,False,
pm_css,89,19,4,15,13,4 3 3 2 2 2 1 1 1,0.13573407202216067,success,False,False,
pm_css,773,19,4,15,13,6 6 3 2 1 1,0.2409972299168975,success,False,False,
pm_css,654,19,4,15,4,4 3 3 2 1 1 1 1 1 1 1,0.12465373961218837,success,False,False,
pm_css,438,19,4,15,14,10 7 2,0.42382271468144045,success,False,False,
pm_css,433,19,4,15,4,6 2 2 2 1 1 1 1 1 1 1,0.1523545706371191,success,False,False,
pm_css,858,19,4,15,2,4 4 4 2 2 2 1,0.16897506925207756,success,False,False,
pm_css,85,19,4,15,11,5 4 1 1 1 1 1 1 1 1 1 1,0.14127423822714683,success,False,False,
pm_css,697,19,4,15,12,4 4 2 2 1 1 1 1 1 1 1,0.13019390581717452,success,False,False,
pm_css,201,19,4,15,4,4 3 2 2 2 1 1 1 1 1 1,0.11911357340720222,success,False,False,
pm_css,94,19,4,15,0,12 4 2 1,0.45706371191135736,success,False,False,
pm_css,89,19,8,11,10,8 4 2 2 2 1,0.25761772853185594,success,False,False,
pm_css,773,19,8,11,10,8 6 3 2,0.31301939058171746,success,False,False,
pm_css,654,19,8,11,3,6 5 4 2 1 1,0.2299168975069252,success,False,False,
pm_css,438,19,8,11,11,12 4 1 1 1,0.4515235457063712,success,False,False,
pm_css,433,19,8,11,3,5 5 2 2 2 1 1 1,0.18005540166204986,success,False,False,
pm_css,858,19,8,11,1,8 8 2 1,0.3684210526315789,success,False,False,
pm_css,85,19,8,11,8,4 4 2 2 2 1 1 1 1 1,0.13573407202216067,success,False,False,
pm_css,697,19,8,11,9,11 4 1 1 1 1,0.39058171745152354,success,False,False,
pm_css,201,19,8,11,3,6 5 2 1 1 1 1 1 1,0.19667590027700832,success,False,False,
pm_css,94,19,8,11,0,10 6 1 1 1,0.3850415512465374,success,False,False,
pm_css,89,19,12,7,6,10 4 3 2,0.3573407202216066,success,False,False,
pm_css,773,19,12,7,6,7 6 4 1 1,0.2853185595567867,success,False,False,
pm_css,654,19,12,7,2,8 4 2 2 1 1 1,0.2520775623268698,success,False,False,
pm_css,438,19,12,7,7,12 2 2 2 1,0.43490304709141275,success,False,False,
pm_css,433,19,12,7,2,11 4 1 1 1 1,0.39058171745152354,success,False,False,
pm_css,858,19,12,7,1,12 4 2 1,0.45706371191135736,success,False,False,
pm_css,85,19,12,7,5,4 4 2 2 2 2 1 1 1,0.14127423822714683,success,False,False,
pm_css,697,19,12,7,6,10 3 2 2 1 1,0.3296398891966759,success,False,False,
pm_css,201,19,12,7,2,8 5 2 1 1 1 1,0.26869806094182824,success,False,False,
pm_css,94,19,12,7,0,10 4 4 1,0.3684210526315789,success,False,False,
pm_css,89,19,16,3,3,10 5 3 1,0.3739612188365651,success,False,False,
pm_css,773,19,16,3,3,9 8 2,0.41274238227146814,success,False,False,
pm_css,654,19,16,3,1,6 5 4 4,0.25761772853185594,success,False,False,
pm_css,438,19,16,3,3,11 4 2 2,0.40166204986149584,success,False,False,
pm_css,433,19,16,3,1,7 6 4 2,0.29085872576177285,success,False,False,
pm_css,858,19,16,3,0,10 8 1,0.45706371191135736,success,False,False,
pm_css,85,19,16,3,2,7 5 4 3,0.2742382271468144,success,False,False,
pm_css,697,19,16,3,3,8 6 5,0.3462603878116344,success,False,False,
pm_css,201,19,16,3,1,12 4 3,0.46814404432132967,success,False,False,
pm_css,94,19,16,3,0,12 4 3,0.46814404432132967,success,False,False,
pm_css,89,20,0,20,18,14 3 3,0.535,success,False,False,
pm_css,773,20,0,20,17,12 3 2 2 1,0.405,success,False,False,
pm_css,654,20,0,20,6,8 3 2 1 1 1 1 1 1 1,0.21,success,False,False,
pm_css,438,20,0,20,19,12 8,0.52,success,False,False,
pm_css,433,20,0,20,5,8 6 2 1 1 1 1,0.27,success,False,False,
pm_css,858,20,0,20,3,12 3 2 2 1,0.405,success,False,False,
pm_css,85,20,0,20,14,4 4 3 3 2 1 1 1 1,0.145,success,False,False,
pm_css,697,20,0,20,15,5 4 3 3 3 1 1,0.175,success,False,False,
pm_css,201,20,0,20,6,7 4 3 2 2 1 1,0.21,success,False,False,
pm_css,94,20,0,20,0,20,1.0,success,False,False,
pm_css,89,20,4,16,14,6 4 3 2 2 1 1 1,0.18,success,False,False,
pm_css,773,20,4,16,14,9 3 3 2 2 1,0.27,success,False,False,
pm_css,654,20,4,16,5,5 3 2 2 2 2 1 1 1 1,0.135,success,False,False,
pm_css,438,20,4,16,15,9 3 3 2 2 1,0.27,success,False,False,
pm_css,433,20,4,16,4,4 4 3 2 2 1 1 1 1 1,0.135,success,False,False,
pm_css,858,20,4,16,2,10 5 2 1 1 1,0.33,success,False,False,
pm_css,85,20,4,16,12,6 3 2 2 2 1 1 1 1 1,0.155,success,False,False,
pm_css,697,20,4,16,12,8 3 2 2 1 1 1 1 1,0.215,success,False,False,
pm_css,201,20,4,16,5,4 3 3 2 1 1 1 1 1 1 1 1,0.115,success,False,False,
pm_css,94,20,4,16,0,14 3 2 1,0.525,success,False,False,
pm_css,89,20,8,12,11,11 4 4 1,0.385,success,False,False,
pm_css,773,20,8,12,10,5 5 3 2 1 1 1 1 1,0.17,success,False,False,
pm_css,654,20,8,12,4,8 4 2 2 1 1 1 1,0.23,success,False,False,
pm_css,438,20,8,12,12,10 6 2 2,0.36,success,False,False,
pm_css,433,20,8,12,3,4 3 3 3 3 1 1 1 1,0.14,success,False,False,
pm_css,858,20,8,12,2,9 3 2 2 1 1 1 1,0.255,success,False,False,
pm_css,85,20,8,12,9,6 3 2 2 2 1 1 1 1 1,0.155,success,False,False,
pm_css,697,20,8,12,9,6 4 2 2 1 1 1 1 1 1,0.165,success,False,False,
pm_css,201,20,8,12,3,4 4 3 2 2 1 1 1 1 1,0.135,success,False,False,
pm_css,94,20,8,12,0,8 5 2 2 2 1,0.255,success,False,False,
pm_css,89,20,12,8,7,7 7 3 2 1,0.28,success,False,False,
pm_css,773,20,12,8,7,10 7 1 1 1,0.38,success,False,False,
pm_css,654,20,12,8,2,8 8 1 1 1 1,0.33,success,False,False,
pm_css,438,20,12,8,8,8 8 2 1 1,0.335,success,False,False,
pm_css,433,20,12,8,2,6 4 4 2 2 1 1,0.195,success,False,False,
pm_css,858,20,12,8,1,10 4 2 1 1 1 1,0.31,success,False,False,
pm_css,85,20,12,8,6,9 5 2 2 1 1,0.29,success,False,False,
pm_css,697,20,12,8,6,6 6 2 2 2 2,0.22,success,False,False,
pm_css,201,20,12,8,2,5 4 2 2 1 1 1 1 1 1 1,0.14,success,False,False,
pm_css,94,20,12,8,0,8 8 1 1 1 1,0.33,success,False,False,
pm_css,89,20,16,4,4,8 7 5,0.345,success,False,False,
pm_css,773,20,16,4,4,8 7 5,0.345,success,False,False,
pm_css,654,20,16,4,1,6 4 2 2 2 2 2,0.18,success,False,False,
pm_css,438,20,16,4,4,12 3 2 2 1,0.405,success,False,False,
pm_css,433,20,16,4,1,6 4 3 2 2 1 1 1,0.18,success,False,False,
pm_css,858,20,16,4,0,12 6 2,0.46,success,False,False,
pm_css,85,20,16,4,3,6 4 4 3 2 1,0.205,success,False,False,
pm_css,697,20,16,4,3,7 4 3 3 2 1,0.22,success,False,False,
pm_css,201,20,16,4,1,6 4 3 3 2 1 1,0.19,success,False,False,
pm_css,94,20,16,4,0,7 5 4 2 1 1,0.24,success,False,False,
pm_css,89,21,0,21,18,5 4 4 4 2 2,0.1836734693877551,success,False,False,
pm_css,773,21,0,21,18,8 6 4 1 1 1,0.2698412698412698,success,False,False,
pm_css,654,21,0,21,6,12 2 2 2 1 1 1,0.36054421768707484,success,False,False,
pm_css,438,21,0,21,20,11 10,0.5011337868480725,success,False,False,
pm_css,433,21,0,21,5,8 3 3 2 1 1 1 1 1,0.20634920634920634,success,False,False,
pm_css,858,21,0,21,3,14 3 2 1 1,0.47845804988662133,success,False,False,
pm_css,85,21,0,21,15,8 4 4 2 1 1 1,0.23356009070294784,success,False,False,
pm_css,697,21,0,21,16,8 4 3 2 2 1 1,0.22448979591836735,success,False,False,
pm_css,201,21,0,21,6,4 4 3 2 2 2 2 1 1,0.13378684807256236,success,False,False,
pm_css,94,21,0,21,0,21,1.0,success,False,False,
pm_css,89,21,4,17,15,9 3 3 2 2 2,0.25170068027210885,success,False,False,
pm_css,773,21,4,17,15,5 5 3 3 2 1 1 1,0.17006802721088435,success,False,False,
pm_css,654,21,4,17,5,6 3 2 2 1 1 1 1 1 1 1 1,0.1383219954648526,success,False,False,
pm_css,438,21,4,17,16,6 4 4 4 2 1,0.2018140589569161,success,False,False,
pm_css,433,21,4,17,4,3 3 2 2 2 1 1 1 1 1 1 1 1 1,0.08843537414965986,success,False,False,
pm_css,858,21,4,17,2,11 3 3 2 1 1,0.3287981859410431,success,False,False,
pm_css,85,21,4,17,12,4 4 2 2 1 1 1 1 1 1 1 1 1,0.1111111111111111,success,False,False,
pm_css,697,21,4,17,13,6 4 3 2 1 1 1 1 1 1,0.16099773242630386,success,False,False,
pm_css,201,21,4,17,5,8 2 2 2 1 1 1 1 1 1 1,0.18820861678004536,success,False,False,
pm_css,94,21,4,17,0,6 5 5 3 2,0.22448979591836735,success,False,False,
pm_css,89,21,8,13,12,6 4 4 2 1 1 1 1 1,0.1746031746031746,success,False,False,
pm_css,773,21,8,13,11,11 4 3 1 1 1,0.3378684807256236,success,False,False,
pm_css,654,21,8,13,4,5 5 2 2 2 1 1 1 1 1,0.15192743764172337,success,False,False,
pm_css,438,21,8,13,12,14 2 2 1 1 1,0.46938775510204084,success,False,False,
pm_css,433,21,8,13,3,7 5 3 2 2 1 1,0.2108843537414966,success,False,False,
pm_css,858,21,8,13,2,8 4 2 2 2 1 1 1,0.21541950113378686,success,False,False,
pm_css,85,21,8,13,9,3 3 2 1 1 1 1 1 1 1 1 1 1 1 1 1,0.07936507936507936,success,False,False,
pm_css,697,21,8,13,10,10 4 2 2 1 1 1,0.28798185941043086,success,False,False,
pm_css,201,21,8,13,4,6 3 2 2 2 1 1 1 1 1 1,0.14285714285714285,success,False,False,
pm_css,94,21,8,13,0,11 5 3 1 1,0.35600907029478457,success,False,False,
pm_css,89,21,12,9,8,6 4 3 2 2 1 1 1 1,0.1655328798185941,success,False,False,
pm_css,773,21,12,9,8,8 6 3 1 1 1 1,0.2562358276643991,success,False,False,
pm_css,654,21,12,9,3,4 4 3 3 2 2 1 1 1,0.1383219954648526,success,False,False,
pm_css,438,21,12,9,9,13 3 2 2 1,0.42403628117913833,success,False,False,
pm_css,433,21,12,9,2,8 4 2 2 2 1 1 1,0.21541950113378686,success,False,False,
pm_css,858,21,12,9,1,8 6 2 2 2 1,0.2562358276643991,success,False,False,
pm_css,85,21,12,9,7,5 3 3 2 1 1 1 1 1 1 1 1,0.12471655328798185,success,False,False,
pm_css,697,21,12,9,7,6 4 3 3 2 1 1 1,0.1746031746031746,success,False,False,
pm_css,201,21,12,9,2,5 4 3 2 2 1 1 1 1 1,0.14285714285714285,success,False,False,
pm_css,94,21,12,9,0,12 6 1 1 1,0.41496598639455784,success,False,False,
pm_css,89,21,16,5,5,12 5 2 1 1,0.3968253968253968,success,False,False,
pm_css,773,21,16,5,5,8 6 4 2 1,0.2743764172335601,success,False,False,
pm_css,654,21,16,5,1,7 5 3 2 2 1 1,0.2108843537414966,success,False,False,
pm_css,438,21,16,5,5,11 5 2 2 1,0.35147392290249435,success,False,False,
pm_css,433,21,16,5,1,6 6 4 1 1 1 1 1,0.2108843537414966,success,False,False,
pm_css,858,21,16,5,0,14 2 2 1 1 1,0.46938775510204084,success,False,False,
pm_css,85,21,16,5,4,8 6 3 2 1 1,0.26077097505668934,success,False,False,
pm_css,697,21,16,5,4,13 4 2 1 1,0.4331065759637188,success,False,False,
pm_css,201,21,16,5,1,6 5 4 4 2,0.2199546485260771,success,False,False,
pm_css,94,21,16,5,0,10 3 3 3 2,0.29705215419501135,success,False,False,
pm_css,89,21,20,1,1,11 10,0.5011337868480725,success,False,False,
pm_css,773,21,20,1,1,13 8,0.528344671201814,success,False,False,
pm_css,654,21,20,1,0,11 10,0.5011337868480725,success,False,False,
pm_css,438,21,20,1,1,11 10,0.5011337868480725,success,False,False,
pm_css,433,21,20,1,0,13 8,0.528344671201814,success,False,False,
pm_css,858,21,20,1,0,21,1.0,success,False,False,
pm_css,85,21,20,1,1,11 10,0.5011337868480725,success,False,False,
pm_css,697,21,20,1,1,12 9,0.5102040816326531,success,False,False,
pm_css,201,21,20,1,0,12 9,0.5102040816326531,success,False,False,
pm_css,94,21,20,1,0,13 8,0.528344671201814,success,False,False,
pm_css,89,22,0,22,19,10 5 4 2 1,0.30165289256198347,success,False,False,
pm_css,773,22,0,22,19,4 4 4 4 3 2 1,0.16115702479338842,success,False,False,
pm_css,654,22,0,22,7,5 4 3 3 2 2 1 1 1,0.1446280991735537,success,False,False,
pm_css,438,22,0,22,21,15 7,0.5661157024793388,success,False,False,
pm_css,433,22,0,22,6,10 5 2 2 2 1,0.28512396694214875,success,False,False,
pm_css,858,22,0,22,3,6 6 5 3 2,0.22727272727272727,success,False,False,
pm_css,85,22,0,22,16,14 3 2 1 1 1,0.4380165289256198,success,False,False,
pm_css,697,22,0,22,17,12 3 2 2 2 1,0.34297520661157027,success,False,False,
pm_css,201,22,0,22,6,6 3 3 2 2 2 2 1 1,0.1487603305785124,success,False,False,
pm_css,94,22,0,22,1,14 8,0.5371900826446281,success,False,False,
pm_css,89,22,4,18,16,11 3 3 2 1 1 1,0.30165289256198347,success,False,False,
pm_css,773,22,4,18,16,5 4 4 3 2 2 1 1,0.15702479338842976,success,False,False,
pm_css,654,22,4,18,5,12 3 2 1 1 1 1 1,0.3347107438016529,success,False,False,
pm_css,438,22,4,18,17,10 6 4 1 1,0.3181818181818182,success,False,False,
pm_css,433,22,4,18,5,6 3 2 2 1 1 1 1 1 1 1 1 1,0.128099173553719,success,False,False,
pm_css,858,22,4,18,2,6 3 3 2 2 2 2 1 1,0.1487603305785124,success,False,False,
pm_css,85,22,4,18,13,5 3 2 2 1 1 1 1 1 1 1 1 1 1,0.10743801652892562,success,False,False,
pm_css,697,22,4,18,14,10 2 2 2 1 1 1 1 1 1,0.24380165289256198,success,False,False,
pm_css,201,22,4,18,5,7 3 2 2 2 2 1 1 1 1,0.16115702479338842,success,False,False,
pm_css,94,22,4,18,0,12 6 4,0.4049586776859504,success,False,False,
pm_css,89,22,8,14,12,7 6 3 1 1 1 1 1 1,0.2066115702479339,success,False,False,
pm_css,773,22,8,14,12,8 4 2 2 2 1 1 1 1,0.19834710743801653,success,False,False,
pm_css,654,22,8,14,4,6 4 3 2 1 1 1 1 1 1 1,0.1487603305785124,success,False,False,
pm_css,438,22,8,14,13,9 5 3 3 2,0.2644628099173554,success,False,False,
pm_css,433,22,8,14,4,5 5 4 2 2 2 1 1,0.1652892561983471,success,False,False,
pm_css,858,22,8,14,2,12 3 2 2 1 1 1,0.33884297520661155,success,False,False,
pm_css,85,22,8,14,10,6 4 3 2 1 1 1 1 1 1 1,0.1487603305785124,success,False,False,
pm_css,697,22,8,14,11,8 3 3 2 2 1 1 1 1,0.19421487603305784,success,False,False,
pm_css,201,22,8,14,4,4 4 3 3 2 1 1 1 1 1 1,0.12396694214876033,success,False,False,
pm_css,94,22,8,14,0,12 4 3 1 1 1,0.35537190082644626,success,False,False,
pm_css,89,22,12,10,9,7 6 4 3 1 1,0.23140495867768596,success,False,False,
pm_css,773,22,12,10,9,6 5 4 2 1 1 1 1 1,0.17768595041322313,success,False,False,
pm_css,654,22,12,10,3,7 5 4 3 1 1 1,0.21074380165289255,success,False,False,
pm_css,438,22,12,10,10,10 7 3 1 1,0.3305785123966942,success,False,False,
pm_css,433,22,12,10,2,6 4 4 3 2 1 1 1,0.17355371900826447,success,False,False,
pm_css,858,22,12,10,1,10 4 3 2 1 1 1,0.2727272727272727,success,False,False,
pm_css,85,22,12,10,7,6 2 2 2 2 1 1 1 1 1 1 1 1,0.12396694214876033,success,False,False,
pm_css,697,22,12,10,8,8 6 2 2 2 1 1,0.23553719008264462,success,False,False,
pm_css,201,22,12,10,3,6 4 2 2 1 1 1 1 1 1 1 1,0.14049586776859505,success,False,False,
pm_css,94,22,12,10,0,10 5 4 2 1,0.30165289256198347,success,False,False,
pm_css,89,22,16,6,6,10 5 3 1 1 1 1,0.28512396694214875,success,False,False,
pm_css,773,22,16,6,5,9 6 2 2 1 1 1,0.2644628099173554,success,False,False,
pm_css,654,22,16,6,2,7 3 3 3 3 2 1,0.1859504132231405,success,False,False,
pm_css,438,22,16,6,6,9 8 2 2 1,0.3181818181818182,success,False,False,
pm_css,433,22,16,6,1,11 3 2 2 2 1 1,0.2975206611570248,success,False,False,
pm_css,858,22,16,6,1,9 4 2 2 2 2 1,0.23553719008264462,success,False,False,
pm_css,85,22,16,6,4,11 4 4 2 1,0.32644628099173556,success,False,False,
pm_css,697,22,16,6,5,6 4 4 4 1 1 1 1,0.18181818181818182,success,False,False,
pm_css,201,22,16,6,2,7 4 3 2 2 2 1 1,0.18181818181818182,success,False,False,
pm_css,94,22,16,6,0,8 6 4 2 1 1,0.25206611570247933,success,False,False,
pm_css,89,22,20,2,2,14 8,0.5371900826446281,success,False,False,
pm_css,773,22,20,2,2,16 6,0.6033057851239669,success,False,False,
pm_css,654,22,20,2,0,18 4,0.7024793388429752,success,False,False,
pm_css,438,22,20,2,2,18 4,0.7024793388429752,success,False,False,
pm_css,433,22,20,2,0,16 6,0.6033057851239669,success,False,False,
pm_css,858,22,20,2,0,16 6,0.6033057851239669,success,False,False,
pm_css,85,22,20,2,2,16 6,0.6033057851239669,success,False,False,
pm_css,697,22,20,2,2,12 10,0.5041322314049587,success,False,False,
pm_css,201,22,20,2,0,16 6,0.6033057851239669,success,False,False,
pm_css,94,22,20,2,0,14 8,0.5371900826446281,success,False,False,
pm_css,89,23,0,23,20,8 5 4 4 2,0.23629489603024575,success,False,False,
pm_css,773,23,0,23,20,6 6 4 3 2 2,0.19848771266540643,success,False,False,
pm_css,654,23,0,23,7,5 5 3 2 2 2 1 1 1 1,0.14177693761814744,success,False,False,
pm_css,438,23,0,23,22,12 11,0.500945179584121,success,False,False,
pm_css,433,23,0,23,6,7 3 3 3 2 2 2 1,0.16824196597353497,success,False,False,
pm_css,858,23,0,23,3,8 6 4 4 1,0.2514177693761815,success,False,False,
pm_css,85,23,0,23,17,8 4 3 2 2 2 1 1,0.1947069943289225,success,False,False,
pm_css,697,23,0,23,18,12 3 3 1 1 1 1 1,0.31568998109640833,success,False,False,
pm_css,201,23,0,23,7,4 3 3 3 3 2 2 1 1 1,0.11909262759924386,success,False,False,
pm_css,94,23,0,23,1,15 8,0.5463137996219282,success,False,False,
pm_css,89,23,4,19,17,6 6 3 2 2 1 1 1 1,0.17580340264650285,success,False,False,
pm_css,773,23,4,19,16,8 8 2 2 2 1,0.2665406427221172,success,False,False,
pm_css,654,23,4,19,6,6 3 2 2 2 1 1 1 1 1 1 1 1,0.12287334593572778,success,False,False,
pm_css,438,23,4,19,18,12 4 4 1 1 1,0.3383742911153119,success,False,False,
pm_css,433,23,4,19,5,10 2 2 1 1 1 1 1 1 1 1 1,0.22117202268431002,success,False,False,
pm_css,858,23,4,19,3,8 5 4 2 1 1 1 1,0.21361058601134217,success,False,False,
pm_css,85,23,4,19,14,5 4 3 2 1 1 1 1 1 1 1 1 1,0.11909262759924386,success,False,False,
pm_css,697,23,4,19,15,5 5 2 2 2 1 1 1 1 1 1 1,0.13043478260869565,success,False,False,
pm_css,201,23,4,19,5,9 3 3 2 1 1 1 1 1 1,0.2060491493383743,success,False,False,
pm_css,94,23,4,19,0,9 8 3 1 1 1,0.29678638941398866,success,False,False,
pm_css,89,23,8,15,13,4 2 2 2 2 2 1 1 1 1 1 1 1 1 1,0.08506616257088846,success,False,False,
pm_css,773,23,8,15,13,8 4 3 2 1 1 1 1 1 1,0.18714555765595464,success,False,False,
pm_css,654,23,8,15,4,6 3 3 3 3 2 1 1 1,0.14933837429111532,success,False,False,
pm_css,438,23,8,15,14,12 4 3 2 1 1,0.33081285444234404,success,False,False,
pm_css,433,23,8,15,4,7 5 2 2 1 1 1 1 1 1 1,0.16824196597353497,success,False,False,
pm_css,858,23,8,15,2,9 4 3 3 1 1 1 1,0.22495274102079396,success,False,False,
pm_css,85,23,8,15,11,6 6 2 2 1 1 1 1 1 1 1,0.16446124763705103,success,False,False,
pm_css,697,23,8,15,12,8 4 4 2 1 1 1 1 1,0.19848771266540643,success,False,False,
pm_css,201,23,8,15,4,5 3 2 2 1 1 1 1 1 1 1 1 1 1 1,0.1001890359168242,success,False,False,
pm_css,94,23,8,15,0,13 4 3 2 1,0.3761814744801512,success,False,False,
pm_css,89,23,12,11,10,8 8 3 1 1 1 1,0.2665406427221172,success,False,False,
pm_css,773,23,12,11,10,7 4 3 3 2 2 1 1,0.17580340264650285,success,False,False,
pm_css,654,23,12,11,3,8 4 4 3 2 2,0.21361058601134217,success,False,False,
pm_css,438,23,12,11,11,9 8 3 2 1,0.3005671077504726,success,False,False,
pm_css,433,23,12,11,3,4 4 3 3 2 2 2 1 1 1,0.12287334593572778,success,False,False,
pm_css,858,23,12,11,1,10 5 4 2 1 1,0.277882797731569,success,False,False,
pm_css,85,23,12,11,8,8 3 2 2 1 1 1 1 1 1 1 1,0.16824196597353497,success,False,False,
pm_css,697,23,12,11,9,8 7 2 2 1 1 1 1,0.23629489603024575,success,False,False,
pm_css,201,23,12,11,3,6 6 3 3 2 1 1 1,0.1833648393194707,success,False,False,
pm_css,94,23,12,11,0,10 5 4 2 1 1,0.277882797731569,success,False,False,
pm_css,89,23,16,7,6,6 6 3 2 2 1 1 1 1,0.17580340264650285,success,False,False,
pm_css,773,23,16,7,6,7 7 3 2 2 1 1,0.22117202268431002,success,False,False,
pm_css,654,23,16,7,2,7 7 2 2 1 1 1 1 1,0.20982986767485823,success,False,False,
pm_css,438,23,16,7,7,10 7 3 2 1,0.30812854442344045,success,False,False,
pm_css,433,23,16,7,2,8 5 4 2 1 1 1 1,0.21361058601134217,success,False,False,
pm_css,858,23,16,7,1,8 6 4 2 2 1,0.23629489603024575,success,False,False,
pm_css,85,23,16,7,5,8 6 4 3 1 1,0.24007561436672967,success,False,False,
pm_css,697,23,16,7,6,8 6 3 2 1 1 1 1,0.22117202268431002,success,False,False,
pm_css,201,23,16,7,2,5 4 3 3 2 1 1 1 1 1 1,0.13043478260869565,success,False,False,
pm_css,94,23,16,7,0,11 5 4 2 1,0.31568998109640833,success,False,False,
pm_css,89,23,20,3,3,12 7 4,0.3950850661625709,success,False,False,
pm_css,773,23,20,3,3,13 6 4,0.41776937618147447,success,False,False,
pm_css,654,23,20,3,1,4 4 4 4 3 2 2,0.15311909262759923,success,False,False,
pm_css,438,23,20,3,3,17 4 2,0.5841209829867675,success,False,False,
pm_css,433,23,20,3,1,13 10,0.5085066162570888,success,False,False,
pm_css,858,23,20,3,0,16 6 1,0.553875236294896,success,False,False,
pm_css,85,23,20,3,2,14 5 4,0.44801512287334594,success,False,False,
pm_css,697,23,20,3,3,15 6 2,0.500945179584121,success,False,False,
pm_css,201,23,20,3,1,9 8 3 3,0.30812854442344045,success,False,False,
pm_css,94,23,20,3,0,12 4 3 2 2,0.33459357277882795,success,False,False,
pm_css,89,24,0,24,21,14 4 4 2,0.4027777777777778,success,False,False,
pm_css,773,24,0,24,21,11 5 3 2 2 1,0.2847222222222222,success,False,False,
pm_css,654,24,0,24,7,6 4 4 4 2 2 1 1,0.16319444444444445,success,False,False,
pm_css,438,24,0,24,23,15 9,0.53125,success,False,False,
pm_css,433,24,0,24,6,14 4 2 1 1 1 1,0.3819444444444444,success,False,False,
pm_css,858,24,0,24,3,10 8 4 1 1,0.3159722222222222,success,False,False,
pm_css,85,24,0,24,17,14 2 2 2 2 1 1,0.3715277777777778,success,False,False,
pm_css,697,24,0,24,18,6 4 3 3 2 2 1 1 1 1,0.1423611111111111,success,False,False,
pm_css,201,24,0,24,7,12 6 4 2,0.3472222222222222,success,False,False,
pm_css,94,24,0,24,1,16 8,0.5555555555555556,success,False,False,
pm_css,89,24,4,20,18,6 6 3 2 2 2 1 1 1,0.16666666666666666,success,False,False,
pm_css,773,24,4,20,17,6 5 3 2 1 1 1 1 1 1 1 1,0.1423611111111111,success,False,False,
pm_css,654,24,4,20,6,10 5 2 2 2 1 1 1,0.24305555555555555,success,False,False,
pm_css,438,24,4,20,19,10 8 4 2,0.3194444444444444,success,False,False,
pm_css,433,24,4,20,5,4 2 2 2 2 2 2 2 1 1 1 1 1 1,0.08680555555555555,success,False,False,
pm_css,858,24,4,20,3,5 5 4 2 2 2 1 1 1 1,0.1423611111111111,success,False,False,
pm_css,85,24,4,20,14,7 4 4 2 2 1 1 1 1 1,0.16319444444444445,success,False,False,
pm_css,697,24,4,20,15,8 4 4 2 1 1 1 1 1 1,0.1840277777777778,success,False,False,
pm_css,201,24,4,20,6,8 3 2 2 2 2 2 1 1 1,0.16666666666666666,success,False,False,
pm_css,94,24,4,20,0,18 3 2 1,0.5868055555555556,success,False,False,
pm_css,89,24,8,16,14,8 7 2 2 2 2 1,0.22569444444444445,success,False,False,
pm_css,773,24,8,16,14,6 4 3 3 2 1 1 1 1 1 1,0.1388888888888889,success,False,False,
pm_css,654,24,8,16,5,7 6 3 2 1 1 1 1 1 1,0.18055555555555555,success,False,False,
pm_css,438,24,8,16,15,14 4 3 2 1,0.3923611111111111,success,False,False,
pm_css,433,24,8,16,4,6 5 3 2 2 2 1 1 1 1,0.14930555555555555,success,False,False,
pm_css,858,24,8,16,2,5 5 3 3 3 1 1 1 1 1,0.1423611111111111,success,False,False,
pm_css,85,24,8,16,12,7 4 2 2 2 1 1 1 1 1 1 1,0.14583333333333334,success,False,False,
pm_css,697,24,8,16,12,9 4 2 2 1 1 1 1 1 1 1,0.19444444444444445,success,False,False,
pm_css,201,24,8,16,5,8 4 3 3 1 1 1 1 1 1,0.18055555555555555,success,False,False,
pm_css,94,24,8,16,0,8 8 3 2 1 1 1,0.25,success,False,False,
pm_css,89,24,12,12,11,13 5 2 2 1 1,0.3541666666666667,success,False,False,
pm_css,773,24,12,12,10,6 6 4 2 1 1 1 1 1 1,0.1701388888888889,success,False,False,
pm_css,654,24,12,12,4,7 4 2 2 2 1 1 1 1 1 1 1,0.14583333333333334,success,False,False,
pm_css,438,24,12,12,12,16 5 1 1 1,0.4930555555555556,success,False,False,
pm_css,433,24,12,12,3,12 3 2 2 1 1 1 1 1,0.2881944444444444,success,False,False,
pm_css,858,24,12,12,2,8 4 4 2 2 2 1 1,0.1909722222222222,success,False,False,
pm_css,85,24,12,12,9,11 5 2 1 1 1 1 1 1,0.2708333333333333,success,False,False,
pm_css,697,24,12,12,9,4 3 3 2 2 2 1 1 1 1 1 1 1 1,0.09375,success,False,False,
pm_css,201,24,12,12,3,9 4 3 1 1 1 1 1 1 1 1,0.19791666666666666,success,False,False,
pm_css,94,24,12,12,0,14 7 2 1,0.4340277777777778,success,False,False,
pm_css,89,24,16,8,7,12 6 2 1 1 1 1,0.3263888888888889,success,False,False,
pm_css,773,24,16,8,7,6 5 4 4 2 1 1 1,0.1736111111111111,success,False,False,
pm_css,654,24,16,8,2,8 6 2 2 2 1 1 1 1,0.2013888888888889,success,False,False,
pm_css,438,24,16,8,8,12 6 3 1 1 1,0.3333333333333333,success,False,False,
pm_css,433,24,16,8,2,8 6 3 3 2 1 1,0.2152777777777778,success,False,False,
pm_css,858,24,16,8,1,12 6 4 1 1,0.34375,success,False,False,
pm_css,85,24,16,8,6,14 4 2 1 1 1 1,0.3819444444444444,success,False,False,
pm_css,697,24,16,8,6,8 6 3 2 2 1 1 1,0.20833333333333334,success,False,False,
pm_css,201,24,16,8,2,7 6 5 3 2 1,0.2152777777777778,success,False,False,
pm_css,94,24,16,8,0,12 4 3 1 1 1 1 1,0.3020833333333333,success,False,False,
pm_css,89,24,20,4,4,12 10 2,0.4305555555555556,success,False,False,
pm_css,773,24,20,4,4,14 6 2 2,0.4166666666666667,success,False,False,
pm_css,654,24,20,4,1,7 6 6 3 1 1,0.22916666666666666,success,False,False,
pm_css,438,24,20,4,4,10 6 4 4,0.2916666666666667,success,False,False,
pm_css,433,24,20,4,1,12 8 4,0.3888888888888889,success,False,False,
pm_css,858,24,20,4,0,10 5 3 3 2 1,0.2569444444444444,success,False,False,
pm_css,85,24,20,4,3,10 6 3 3 1 1,0.2708333333333333,success,False,False,
pm_css,697,24,20,4,3,8 6 3 3 2 2,0.21875,success,False,False,
pm_css,201,24,20,4,1,10 9 5,0.3576388888888889,success,False,False,
pm_css,94,24,20,4,0,13 5 5 1,0.3819444444444444,success,False,False,
pm_css,89,25,0,25,22,10 6 5 3 1,0.2736,success,False,False,
pm_css,773,25,0,25,21,14 3 2 2 2 1 1,0.3504,success,False,False,
pm_css,654,25,0,25,8,14 2 2 2 2 1 1 1,0.344,success,False,False,
pm_css,438,25,0,25,24,13 12,0.5008,success,False,False,
pm_css,433,25,0,25,7,18 1 1 1 1 1 1 1,0.5296,success,False,False,
pm_css,858,25,0,25,4,12 7 3 2 1,0.3312,success,False,False,
pm_css,85,25,0,25,18,7 3 3 3 2 2 2 1 1 1,0.1456,success,False,False,
pm_css,697,25,0,25,19,7 5 4 3 1 1 1 1 1 1,0.168,success,False,False,
pm_css,201,25,0,25,7,12 3 2 2 2 1 1 1 1,0.2704,success,False,False,
pm_css,94,25,0,25,1,16 9,0.5392,success,False,False,
pm_css,89,25,4,21,18,8 6 2 2 2 1 1 1 1 1,0.1872,success,False,False,
pm_css,773,25,4,21,18,9 5 4 2 2 1 1 1,0.2128,success,False,False,
pm_css,654,25,4,21,6,10 4 3 3 1 1 1 1 1,0.2224,success,False,False,
pm_css,438,25,4,21,20,8 4 3 2 2 2 1 1 1 1,0.168,success,False,False,
pm_css,433,25,4,21,5,8 6 2 2 1 1 1 1 1 1 1,0.184,success,False,False,
pm_css,858,25,4,21,3,4 4 3 3 2 2 2 1 1 1 1 1,0.1072,success,False,False,
pm_css,85,25,4,21,15,4 3 3 2 2 1 1 1 1 1 1 1 1 1 1 1,0.0848,success,False,False,
pm_css,697,25,4,21,16,8 3 2 2 2 1 1 1 1 1 1 1 1,0.1488,success,False,False,
pm_css,201,25,4,21,6,8 4 3 3 2 1 1 1 1 1,0.1712,success,False,False,
pm_css,94,25,4,21,0,12 6 5 2,0.3344,success,False,False,
pm_css,89,25,8,17,15,4 4 3 2 2 1 1 1 1 1 1 1 1 1 1,0.0944,success,False,False,
pm_css,773,25,8,17,15,6 3 2 2 2 2 2 1 1 1 1 1 1,0.1136,success,False,False,
pm_css,654,25,8,17,5,9 6 3 2 1 1 1 1 1,0.216,success,False,False,
pm_css,438,25,8,17,16,8 6 3 2 2 2 1 1,0.1968,success,False,False,
pm_css,433,25,8,17,4,9 3 3 2 2 1 1 1 1 1 1,0.1808,success,False,False,
pm_css,858,25,8,17,2,4 4 3 3 2 2 2 1 1 1 1 1,0.1072,success,False,False,
pm_css,85,25,8,17,12,6 2 2 2 2 2 1 1 1 1 1 1 1 1 1,0.104,success,False,False,
pm_css,697,25,8,17,13,4 4 3 3 2 1 1 1 1 1 1 1 1 1,0.1008,success,False,False,
pm_css,201,25,8,17,5,10 3 2 2 1 1 1 1 1 1 1 1,0.2,success,False,False,
pm_css,94,25,8,17,0,10 6 3 3 1 1 1,0.2512,success,False,False,
pm_css,89,25,12,13,12,6 6 4 2 2 1 1 1 1 1,0.1616,success,False,False,
pm_css,773,25,12,13,11,6 4 2 2 2 2 1 1 1 1 1 1 1,0.12,success,False,False,
pm_css,654,25,12,13,4,4 4 3 3 2 1 1 1 1 1 1 1 1 1,0.1008,success,False,False,
pm_css,438,25,12,13,12,12 5 3 2 1 1 1,0.296,success,False,False,
pm_css,433,25,12,13,3,8 5 3 2 2 1 1 1 1 1,0.1776,success,False,False,
pm_css,858,25,12,13,2,4 4 4 2 2 2 1 1 1 1 1 1 1,0.1072,success,False,False,
pm_css,85,25,12,13,9,6 3 3 2 2 1 1 1 1 1 1 1 1 1,0.1136,success,False,False,
pm_css,697,25,12,13,10,6 3 3 3 2 2 2 1 1 1 1,0.1264,success,False,False,
pm_css,201,25,12,13,4,5 3 3 3 2 2 2 1 1 1 1 1,0.1104,success,False,False,
pm_css,94,25,12,13,0,12 6 4 1 1 1,0.3184,success,False,False,
pm_css,89,25,16,9,8,12 5 3 2 1 1 1,0.296,success,False,False,
pm_css,773,25,16,9,8,7 6 6 2 1 1 1 1,0.2064,success,False,False,
pm_css,654,25,16,9,3,6 5 5 3 2 1 1 1 1,0.1648,success,False,False,
pm_css,438,25,16,9,9,15 4 4 1 1,0.4144,success,False,False,
pm_css,433,25,16,9,2,10 3 2 2 2 1 1 1 1 1 1,0.2032,success,False,False,
pm_css,858,25,16,9,1,8 6 2 2 2 2 2 1,0.1936,success,False,False,
pm_css,85,25,16,9,7,10 4 2 2 2 1 1 1 1 1,0.2128,success,False,False,
pm_css,697,25,16,9,7,7 6 3 3 2 2 1 1,0.1808,success,False,False,
pm_css,201,25,16,9,2,11 5 3 2 1 1 1 1,0.2608,success,False,False,
pm_css,94,25,16,9,0,10 8 3 2 1 1,0.2864,success,False,False,
pm_css,89,25,20,5,5,14 4 4 1 1 1,0.3696,success,False,False,
pm_css,773,25,20,5,5,12 11 1 1,0.4272,success,False,False,
pm_css,654,25,20,5,1,8 5 4 3 2 1 1 1,0.1936,success,False,False,
pm_css,438,25,20,5,5,16 5 3 1,0.4656,success,False,False,
pm_css,433,25,20,5,1,8 6 4 3 2 2,0.2128,success,False,False,
pm_css,858,25,20,5,0,14 7 2 2,0.4048,success,False,False,
pm_css,85,25,20,5,4,8 5 5 2 1 1 1 1 1,0.1968,success,False,False,
pm_css,697,25,20,5,4,13 8 2 1 1,0.3824,success,False,False,
pm_css,201,25,20,5,1,6 5 4 4 2 1 1 1 1,0.1616,success,False,False,
pm_css,94,25,20,5,0,16 4 3 1 1,0.4528,success,False,False,
pm_css,89,25,24,1,1,25,1.0,success,False,False,
pm_css,773,25,24,1,1,15 10,0.52,success,False,False,
pm_css,654,25,24,1,0,15 10,0.52,success,False,False,
pm_css,438,25,24,1,1,25,1.0,success,False,False,
pm_css,433,25,24,1,0,15 10,0.52,success,False,False,
pm_css,858,25,24,1,0,17 8,0.5648,success,False,False,
pm_css,85,25,24,1,1,14 11,0.5072,success,False,False,
pm_css,697,25,24,1,1,25,1.0,success,False,False,
pm_css,201,25,24,1,0,14 11,0.5072,success,False,False,
pm_css,94,25,24,1,0,25,1.0,success,False,False,
pm_css,89,26,0,26,23,7 6 4 4 3 2,0.19230769230769232,success,False,False,
pm_css,773,26,0,26,22,7 4 4 2 2 2 2 1 1 1,0.14792899408284024,success,False,False,
pm_css,654,26,0,26,8,14 5 2 2 2 1,0.34615384615384615,success,False,False,
pm_css,438,26,0,26,24,11 10 5,0.363905325443787,success,False,False,
pm_css,433,26,0,26,7,10 4 3 2 1 1 1 1 1 1 1,0.20118343195266272,success,False,False,
pm_css,858,26,0,26,4,18 4 2 1 1,0.5118343195266272,success,False,False,
pm_css,85,26,0,26,19,5 5 4 3 3 2 1 1 1 1,0.13609467455621302,success,False,False,
pm_css,697,26,0,26,20,12 8 2 1 1 1 1,0.31952662721893493,success,False,False,
pm_css,201,26,0,26,8,5 4 4 4 4 3 1 1,0.14792899408284024,success,False,False,
pm_css,94,26,0,26,1,17 9,0.5473372781065089,success,False,False,
pm_css,89,26,4,22,19,6 5 4 3 2 2 1 1 1 1,0.14497041420118342,success,False,False,
pm_css,773,26,4,22,19,8 7 3 2 1 1 1 1 1 1,0.1952662721893491,success,False,False,
pm_css,654,26,4,22,7,6 4 3 2 1 1 1 1 1 1 1 1 1 1 1,0.11242603550295859,success,False,False,
pm_css,438,26,4,22,21,14 5 2 2 2 1,0.34615384615384615,success,False,False,
pm_css,433,26,4,22,6,6 4 3 3 2 2 1 1 1 1 1 1,0.1242603550295858,success,False,False,
pm_css,858,26,4,22,3,6 5 4 3 2 1 1 1 1 1 1,0.14201183431952663,success,False,False,
pm_css,85,26,4,22,16,9 5 2 1 1 1 1 1 1 1 1 1 1,0.17751479289940827,success,False,False,
pm_css,697,26,4,22,17,5 4 3 3 3 2 2 2 2,0.1242603550295858,success,False,False,
pm_css,201,26,4,22,6,5 3 3 2 2 1 1 1 1 1 1 1 1 1 1 1,0.09171597633136094,success,False,False,
pm_css,94,26,4,22,1,13 5 4 4,0.3343195266272189,success,False,False,
pm_css,89,26,8,18,16,8 6 4 3 3 2,0.20414201183431951,success,False,False,
pm_css,773,26,8,18,16,10 6 3 2 2 1 1 1,0.23076923076923078,success,False,False,
pm_css,654,26,8,18,5,6 4 2 2 2 2 2 1 1 1 1 1 1,0.11538461538461539,success,False,False,
pm_css,438,26,8,18,17,6 5 3 2 2 2 2 1 1 1 1,0.13313609467455623,success,False,False,
pm_css,433,26,8,18,5,6 2 2 2 1 1 1 1 1 1 1 1 1 1 1 1 1 1,0.09171597633136094,success,False,False,
pm_css,858,26,8,18,2,6 4 4 2 2 2 2 1 1 1 1,0.1301775147928994,success,False,False,
pm_css,85,26,8,18,13,8 2 2 2 1 1 1 1 1 1 1 1 1 1 1 1,0.1301775147928994,success,False,False,
pm_css,697,26,8,18,14,8 4 2 2 2 1 1 1 1 1 1 1 1,0.14792899408284024,success,False,False,
pm_css,201,26,8,18,5,6 4 3 2 1 1 1 1 1 1 1 1 1 1 1,0.11242603550295859,success,False,False,
pm_css,94,26,8,18,0,12 5 3 2 2 1 1,0.2781065088757396,success,False,False,
pm_css,89,26,12,14,12,10 4 3 2 2 1 1 1 1 1,0.20414201183431951,success,False,False,
pm_css,773,26,12,14,12,9 8 4 2 1 1 1,0.2485207100591716,success,False,False,
pm_css,654,26,12,14,4,5 4 3 2 2 2 2 2 1 1 1 1,0.10946745562130178,success,False,False,
pm_css,438,26,12,14,13,10 10 2 2 1 1,0.3106508875739645,success,False,False,
pm_css,433,26,12,14,4,9 5 1 1 1 1 1 1 1 1 1 1 1 1,0.17455621301775148,success,False,False,
pm_css,858,26,12,14,2,6 3 2 2 2 2 2 1 1 1 1 1 1 1,0.10650887573964497,success,False,False,
pm_css,85,26,12,14,10,4 3 3 2 2 1 1 1 1 1 1 1 1 1 1 1 1,0.07988165680473373,success,False,False,
pm_css,697,26,12,14,11,5 4 4 3 3 2 1 1 1 1 1,0.1242603550295858,success,False,False,
pm_css,201,26,12,14,4,10 5 3 2 1 1 1 1 1 1,0.21301775147928995,success,False,False,
pm_css,94,26,12,14,0,12 9 1 1 1 1 1,0.34023668639053256,success,False,False,
pm_css,89,26,16,10,9,15 5 5 1,0.40828402366863903,success,False,False,
pm_css,773,26,16,10,9,15 5 3 2 1,0.3905325443786982,success,False,False,
pm_css,654,26,16,10,3,10 5 3 3 2 1 1 1,0.22189349112426035,success,False,False,
pm_css,438,26,16,10,10,16 6 3 1,0.4467455621301775,success,False,False,
pm_css,433,26,16,10,2,6 5 4 4 2 2 1 1 1,0.15384615384615385,success,False,False,
pm_css,858,26,16,10,1,8 4 3 3 3 1 1 1 1 1,0.16568047337278108,success,False,False,
pm_css,85,26,16,10,7,4 3 3 3 2 2 2 1 1 1 1 1 1 1,0.09171597633136094,success,False,False,
pm_css,697,26,16,10,8,8 8 2 1 1 1 1 1 1 1 1,0.20710059171597633,success,False,False,
pm_css,201,26,16,10,3,9 6 3 2 2 1 1 1 1,0.20414201183431951,success,False,False,
pm_css,94,26,16,10,0,16 3 2 2 2 1,0.41124260355029585,success,False,False,
pm_css,89,26,20,6,6,15 7 3 1,0.42011834319526625,success,False,False,
pm_css,773,26,20,6,5,17 5 2 1 1,0.47337278106508873,success,False,False,
pm_css,654,26,20,6,2,13 3 2 2 2 1 1 1 1,0.2869822485207101,success,False,False,
pm_css,438,26,20,6,6,16 6 2 1 1,0.4408284023668639,success,False,False,
pm_css,433,26,20,6,1,7 6 3 3 2 2 1 1 1,0.16863905325443787,success,False,False,
pm_css,858,26,20,6,1,8 4 4 3 2 2 1 1 1,0.17159763313609466,success,False,False,
pm_css,85,26,20,6,4,12 4 3 2 2 1 1 1,0.26627218934911245,success,False,False,
pm_css,697,26,20,6,5,12 6 3 2 2 1,0.29289940828402367,success,False,False,
pm_css,201,26,20,6,2,8 6 3 2 2 2 2 1,0.1863905325443787,success,False,False,
pm_css,94,26,20,6,0,9 7 4 3 2 1,0.23668639053254437,success,False,False,
pm_css,89,26,24,2,2,21 5,0.6893491124260355,success,False,False,
pm_css,773,26,24,2,2,16 10,0.5266272189349113,success,False,False,
pm_css,654,26,24,2,0,20 6,0.6449704142011834,success,False,False,
pm_css,438,26,24,2,2,14 12,0.5029585798816568,success,False,False,
pm_css,433,26,24,2,0,13 7 6,0.3757396449704142,success,False,False,
pm_css,858,26,24,2,0,9 9 5 3,0.28994082840236685,success,False,False,
pm_css,85,26,24,2,2,16 6 4,0.4556213017751479,success,False,False,
pm_css,697,26,24,2,2,14 12,0.5029585798816568,success,False,False,
pm_css,201,26,24,2,0,14 12,0.5029585798816568,success,False,False,
pm_css,94,26,24,2,0,22 4,0.7396449704142012,success,False,False,
pm_css,89,28,0,28,24,10 8 4 3 2 1,0.24744897959183673,success,False,False,
pm_css,773,28,0,28,24,18 4 3 2 1,0.45153061224489793,success,False,False,
pm_css,654,28,0,28,9,5 3 3 3 3 2 2 2 2 2 1,0.10459183673469388,success,False,False,
pm_css,438,28,0,28,26,10 8 6 4,0.2755102040816326,success,False,False,
pm_css,433,28,0,28,7,14 4 3 2 1 1 1 1 1,0.29336734693877553,success,False,False,
pm_css,858,28,0,28,4,7 4 3 3 2 2 2 2 2 1,0.1326530612244898,success,False,False,
pm_css,85,28,0,28,20,8 4 3 3 3 2 2 1 1 1,0.15051020408163265,success,False,False,
pm_css,697,28,0,28,21,14 3 3 3 2 1 1 1,0.29336734693877553,success,False,False,
pm_css,201,28,0,28,8,4 4 4 3 3 3 2 2 2 1,0.11224489795918367,success,False,False,
pm_css,94,28,0,28,1,18 10,0.5408163265306123,success,False,False,
pm_css,89,28,4,24,21,11 3 3 2 2 2 1 1 1 1 1,0.1989795918367347,success,False,False,
pm_css,773,28,4,24,21,12 5 5 2 1 1 1 1,0.2576530612244898,success,False,False,
pm_css,654,28,4,24,7,10 3 2 2 2 1 1 1 1 1 1 1 1 1,0.16581632653061223,success,False,False,
pm_css,438,28,4,24,23,18 3 2 2 2 1,0.4413265306122449,success,False,False,
pm_css,433,28,4,24,6,6 3 3 2 2 2 2 1 1 1 1 1 1 1 1,0.09948979591836735,success,False,False,
pm_css,858,28,4,24,3,6 6 4 4 3 1 1 1 1 1,0.15051020408163265,success,False,False,
pm_css,85,28,4,24,17,10 5 3 2 2 1 1 1 1 1 1,0.18877551020408162,success,False,False,
pm_css,697,28,4,24,18,8 3 2 2 2 1 1 1 1 1 1 1 1 1 1 1,0.12244897959183673,success,False,False,
pm_css,201,28,4,24,7,6 5 5 2 2 1 1 1 1 1 1 1 1,0.13010204081632654,success,False,False,
pm_css,94,28,4,24,1,10 4 3 3 3 2 2 1,0.19387755102040816,success,False,False,
pm_css,89,28,8,20,18,8 6 3 2 2 2 2 1 1 1,0.16326530612244897,success,False,False,
pm_css,773,28,8,20,17,8 4 4 4 2 1 1 1 1 1 1,0.1556122448979592,success,False,False,
pm_css,654,28,8,20,6,5 4 4 2 2 1 1 1 1 1 1 1 1 1 1 1,0.09693877551020408,success,False,False,
pm_css,438,28,8,20,19,9 6 3 3 2 2 1 1 1,0.18622448979591838,success,False,False,
pm_css,433,28,8,20,5,8 5 5 2 1 1 1 1 1 1 1 1,0.16071428571428573,success,False,False,
pm_css,858,28,8,20,3,6 6 4 2 1 1 1 1 1 1 1 1 1 1,0.13010204081632654,success,False,False,
pm_css,85,28,8,20,14,8 3 2 2 2 2 1 1 1 1 1 1 1 1 1,0.125,success,False,False,
pm_css,697,28,8,20,15,5 5 3 3 2 2 1 1 1 1 1 1 1 1,0.10714285714285714,success,False,False,
pm_css,201,28,8,20,6,10 4 2 2 2 2 1 1 1 1 1 1,0.1760204081632653,success,False,False,
pm_css,94,28,8,20,0,16 4 3 2 2 1,0.36989795918367346,success,False,False,
pm_css,89,28,12,16,14,12 5 2 2 2 2 1 1 1,0.23979591836734693,success,False,False,
pm_css,773,28,12,16,14,8 5 4 4 1 1 1 1 1 1 1,0.16326530612244897,success,False,False,
pm_css,654,28,12,16,5,10 3 2 2 2 1 1 1 1 1 1 1 1 1,0.16581632653061223,success,False,False,
pm_css,438,28,12,16,15,9 6 4 3 2 2 1 1,0.19387755102040816,success,False,False,
pm_css,433,28,12,16,4,6 4 3 3 3 2 1 1 1 1 1 1 1,0.11479591836734694,success,False,False,
pm_css,858,28,12,16,2,5 3 3 3 3 2 2 1 1 1 1 1 1 1,0.09693877551020408,success,False,False,
pm_css,85,28,12,16,12,9 3 3 2 2 2 2 1 1 1 1 1,0.15306122448979592,success,False,False,
pm_css,697,28,12,16,12,7 3 2 2 2 1 1 1 1 1 1 1 1 1 1 1 1,0.10459183673469388,success,False,False,
pm_css,201,28,12,16,5,8 4 3 2 2 1 1 1 1 1 1 1 1 1,0.13520408163265307,success,False,False,
pm_css,94,28,12,16,0,14 6 3 2 2 1,0.31887755102040816,success,False,False,
pm_css,89,28,16,12,11,8 4 4 4 3 1 1 1 1 1,0.16071428571428573,success,False,False,
pm_css,773,28,16,12,10,8 4 3 2 2 2 2 1 1 1 1 1,0.14030612244897958,success,False,False,
pm_css,654,28,16,12,4,6 6 4 3 3 2 1 1 1 1,0.14540816326530612,success,False,False,
pm_css,438,28,16,12,12,12 4 4 3 3 1 1,0.25,success,False,False,
pm_css,433,28,16,12,3,6 4 3 3 3 2 1 1 1 1 1 1 1,0.11479591836734694,success,False,False,
pm_css,858,28,16,12,2,6 4 4 3 2 1 1 1 1 1 1 1 1 1,0.11479591836734694,success,False,False,
pm_css,85,28,16,12,9,6 6 5 3 2 2 1 1 1 1,0.15051020408163265,success,False,False,
pm_css,697,28,16,12,9,12 4 2 2 2 1 1 1 1 1 1,0.22704081632653061,success,False,False,
pm_css,201,28,16,12,3,10 3 2 2 2 2 2 2 1 1 1,0.17346938775510204,success,False,False,
pm_css,94,28,16,12,0,12 6 4 2 1 1 1 1,0.2602040816326531,success,False,False,
pm_css,89,28,20,8,7,10 6 3 3 3 1 1 1,0.21173469387755103,success,False,False,
pm_css,773,28,20,8,7,12 10 2 2 1 1,0.3239795918367347,success,False,False,
pm_css,654,28,20,8,2,12 3 3 3 2 2 1 1 1,0.23214285714285715,success,False,False,
pm_css,438,28,20,8,8,10 7 4 2 2 1 1 1,0.22448979591836735,success,False,False,
pm_css,433,28,20,8,2,6 4 3 3 2 2 2 1 1 1 1 1 1,0.11224489795918367,success,False,False,
pm_css,858,28,20,8,1,12 4 4 2 2 1 1 1 1,0.23979591836734693,success,False,False,
pm_css,85,28,20,8,6,10 5 4 4 2 1 1 1,0.20918367346938777,success,False,False,
pm_css,697,28,20,8,6,8 6 6 3 1 1 1 1 1,0.1913265306122449,success,False,False,
pm_css,201,28,20,8,2,11 6 3 2 1 1 1 1 1 1,0.22448979591836735,success,False,False,
pm_css,94,28,20,8,0,10 9 3 3 1 1 1,0.2576530612244898,success,False,False,
pm_css,89,28,24,4,4,14 6 4 3 1,0.32908163265306123,success,False,False,
pm_css,773,28,24,4,4,12 11 2 2 1,0.3494897959183674,success,False,False,
pm_css,654,28,24,4,1,11 10 7,0.34438775510204084,success,False,False,
pm_css,438,28,24,4,4,21 4 3,0.5943877551020408,success,False,False,
pm_css,433,28,24,4,1,12 7 3 2 2 1 1,0.27040816326530615,success,False,False,
pm_css,858,28,24,4,0,15 7 2 2 2,0.3647959183673469,success,False,False,
pm_css,85,28,24,4,3,13 8 7,0.3596938775510204,success,False,False,
pm_css,697,28,24,4,3,18 6 2 2,0.46938775510204084,success,False,False,
pm_css,201,28,24,4,1,16 7 5,0.42091836734693877,success,False,False,
pm_css,94,28,24,4,0,16 3 3 2 2 2,0.3647959183673469,success,False,False,
pm_css,89,30,0,30,26,24 4 1 1,0.66,success,False,False,
pm_css,773,30,0,30,26,8 7 4 4 3 2 1 1,0.17777777777777778,success,False,False,
pm_css,654,30,0,30,9,18 3 3 3 2 1,0.39555555555555555,success,False,False,
pm_css,438,30,0,30,28,18 7 5,0.44222222222222224,success,False,False,
pm_css,433,30,0,30,8,14 3 3 3 2 1 1 1 1 1,0.2577777777777778,success,False,False,
pm_css,858,30,0,30,4,10 8 6 3 2 1,0.23777777777777778,success,False,False,
pm_css,85,30,0,30,22,12 10 2 1 1 1 1 1 1,0.2822222222222222,success,False,False,
pm_css,697,30,0,30,23,10 4 3 2 2 2 1 1 1 1 1 1 1,0.16,success,False,False,
pm_css,201,30,0,30,9,7 6 4 3 2 2 2 1 1 1 1,0.14,success,False,False,
pm_css,94,30,0,30,1,20 10,0.5555555555555556,success,False,False,
pm_css,89,30,4,26,23,5 4 3 3 3 3 2 2 1 1 1 1 1,0.1,success,False,False,
pm_css,773,30,4,26,22,7 5 3 2 2 2 1 1 1 1 1 1 1 1 1,0.11555555555555555,success,False,False,
pm_css,654,30,4,26,8,8 4 4 3 2 2 2 1 1 1 1 1,0.13555555555555557,success,False,False,
pm_css,438,30,4,26,24,16 7 4 2 1,0.3622222222222222,success,False,False,
pm_css,433,30,4,26,7,6 5 3 3 2 2 1 1 1 1 1 1 1 1 1,0.10666666666666667,success,False,False,
pm_css,858,30,4,26,4,5 3 3 3 2 2 2 2 2 1 1 1 1 1 1,0.08666666666666667,success,False,False,
pm_css,85,30,4,26,19,8 7 3 3 1 1 1 1 1 1 1 1 1,0.15555555555555556,success,False,False,
pm_css,697,30,4,26,20,10 3 2 2 2 2 1 1 1 1 1 1 1 1 1,0.14888888888888888,success,False,False,
pm_css,201,30,4,26,8,5 4 4 3 2 2 1 1 1 1 1 1 1 1 1 1,0.09333333333333334,success,False,False,
pm_css,94,30,4,26,1,12 10 6 1 1,0.31333333333333335,success,False,False,
pm_css,89,30,5,25,22,11 3 2 2 2 2 1 1 1 1 1 1 1 1,0.1711111111111111,success,False,False,
pm_css,773,30,5,25,21,6 4 4 4 3 2 1 1 1 1 1 1 1,0.11555555555555555,success,False,False,
pm_css,654,30,5,25,8,8 5 4 3 2 2 2 1 1 1 1,0.14444444444444443,success,False,False,
pm_css,438,30,5,25,24,20 7 2 1,0.5044444444444445,success,False,False,
pm_css,433,30,5,25,7,6 6 4 2 1 1 1 1 1 1 1 1 1 1 1 1,0.11555555555555555,success,False,False,
pm_css,858,30,5,25,4,5 4 4 3 3 2 1 1 1 1 1 1 1 1 1,0.09777777777777778,success,False,False,
pm_css,85,30,5,25,18,4 3 3 3 3 3 1 1 1 1 1 1 1 1 1 1 1,0.08,success,False,False,
pm_css,697,30,5,25,19,9 5 2 2 2 2 1 1 1 1 1 1 1 1,0.14444444444444443,success,False,False,
pm_css,201,30,5,25,7,6 5 4 2 2 1 1 1 1 1 1 1 1 1 1 1,0.10666666666666667,success,False,False,
pm_css,94,30,5,25,1,6 6 5 4 4 3 1 1,0.15555555555555556,success,False,False,
pm_css,89,30,8,22,19,12 4 2 2 2 2 2 1 1 1 1,0.20444444444444446,success,False,False,
pm_css,773,30,8,22,19,6 3 3 2 2 2 2 2 1 1 1 1 1 1 1 1,0.09111111111111111,success,False,False,
pm_css,654,30,8,22,7,6 6 4 3 3 2 1 1 1 1 1 1,0.1288888888888889,success,False,False,
pm_css,438,30,8,22,21,13 5 3 3 3 2 1,0.2511111111111111,success,False,False,
pm_css,433,30,8,22,6,6 6 4 4 1 1 1 1 1 1 1 1 1 1,0.12666666666666668,success,False,False,
pm_css,858,30,8,22,3,7 5 5 3 2 2 1 1 1 1 1 1,0.13555555555555557,success,False,False,
pm_css,85,30,8,22,16,10 6 4 3 1 1 1 1 1 1 1,0.18666666666666668,success,False,False,
pm_css,697,30,8,22,17,11 4 2 2 2 1 1 1 1 1 1 1 1 1,0.17555555555555555,success,False,False,
pm_css,201,30,8,22,6,8 6 3 3 2 1 1 1 1 1 1 1 1,0.14444444444444443,success,False,False,
pm_css,94,30,8,22,1,12 5 5 4 1 1 1 1,0.23777777777777778,success,False,False,
pm_css,89,30,10,20,18,8 8 3 3 2 2 1 1 1 1,0.17555555555555555,success,False,False,
pm_css,773,30,10,20,17,10 3 3 2 2 2 1 1 1 1 1 1 1 1,0.15333333333333332,success,False,False,
pm_css,654,30,10,20,6,6 5 2 2 2 2 2 1 1 1 1 1 1 1 1 1,0.1,success,False,False,
pm_css,438,30,10,20,19,14 8 5 2 1,0.32222222222222224,success,False,False,
pm_css,433,30,10,20,5,8 8 3 3 2 1 1 1 1 1 1,0.17333333333333334,success,False,False,
pm_css,858,30,10,20,3,8 5 3 3 2 2 1 1 1 1 1 1 1,0.13555555555555557,success,False,False,
pm_css,85,30,10,20,14,6 5 4 2 2 2 1 1 1 1 1 1 1 1 1,0.10888888888888888,success,False,False,
pm_css,697,30,10,20,15,8 3 3 2 2 2 1 1 1 1 1 1 1 1 1 1,0.11555555555555555,success,False,False,
pm_css,201,30,10,20,6,10 3 2 1 1 1 1 1 1 1 1 1 1 1 1 1 1 1,0.14222222222222222,success,False,False,
pm_css,94,30,10,20,0,16 6 4 2 1 1,0.3488888888888889,success,False,False,
pm_css,89,30,15,15,13,8 6 5 3 2 2 2 1 1,0.16444444444444445,success,False,False,
pm_css,773,30,15,15,13,4 3 3 2 1 1 1 1 1 1 1 1 1 1 1 1 1 1 1 1 1 1,0.06222222222222222,success,False,False,
pm_css,654,30,15,15,4,8 4 2 2 2 2 2 1 1 1 1 1 1 1 1,0.12,success,False,False,
pm_css,438,30,15,15,14,12 9 2 2 2 1 1 1,0.26666666666666666,success,False,False,
pm_css,433,30,15,15,4,7 6 4 2 2 2 1 1 1 1 1 1 1,0.13333333333333333,success,False,False,
pm_css,858,30,15,15,2,10 6 6 2 2 2 1 1,0.20666666666666667,success,False,False,
pm_css,85,30,15,15,11,8 7 4 3 1 1 1 1 1 1 1 1,0.1622222222222222,success,False,False,
pm_css,697,30,15,15,12,8 5 3 3 2 2 1 1 1 1 1 1 1,0.13555555555555557,success,False,False,
pm_css,201,30,15,15,4,6 4 3 3 3 3 1 1 1 1 1 1 1 1,0.10666666666666667,success,False,False,
pm_css,94,30,15,15,0,15 6 4 1 1 1 1 1,0.31333333333333335,success,False,False,
pm_css,89,30,20,10,9,8 8 4 4 4 1 1,0.19777777777777777,success,False,False,
pm_css,773,30,20,10,9,12 8 6 2 1 1,0.2777777777777778,success,False,False,
pm_css,654,30,20,10,3,9 5 4 4 2 1 1 1 1 1 1,0.16444444444444445,success,False,False,
pm_css,438,30,20,10,10,16 9 1 1 1 1 1,0.38,success,False,False,
pm_css,433,30,20,10,2,7 5 4 3 3 3 2 1 1 1,0.13777777777777778,success,False,False,
pm_css,858,30,20,10,1,13 6 5 3 2 1,0.27111111111111114,success,False,False,
pm_css,85,30,20,10,7,14 5 2 2 2 2 1 1 1,0.26666666666666666,success,False,False,
pm_css,697,30,20,10,8,9 6 5 2 2 2 1 1 1 1,0.17555555555555555,success,False,False,
pm_css,201,30,20,10,3,8 6 3 2 2 2 2 1 1 1 1 1,0.14444444444444443,success,False,False,
pm_css,94,30,20,10,0,18 4 2 2 2 2,0.39555555555555555,success,False,False,
pm_css,89,30,25,5,5,15 5 4 4 1 1,0.31555555555555553,success,False,False,
pm_css,773,30,25,5,5,14 12 2 1 1,0.3844444444444444,success,False,False,
pm_css,654,30,25,5,1,16 4 4 3 3,0.34,success,False,False,
pm_css,438,30,25,5,5,10 8 6 4 1 1,0.24222222222222223,success,False,False,
pm_css,433,30,25,5,1,10 8 6 3 1 1 1,0.23555555555555555,success,False,False,
pm_css,858,30,25,5,0,16 9 2 2 1,0.3844444444444444,success,False,False,
pm_css,85,30,25,5,4,8 8 4 3 3 2 1 1,0.18666666666666668,success,False,False,
pm_css,697,30,25,5,4,10 9 3 2 2 2 1 1,0.22666666666666666,success,False,False,
pm_css,201,30,25,5,1,11 10 5 4,0.2911111111111111,success,False,False,
pm_css,94,30,25,5,0,13 10 4 3,0.32666666666666666,success,False,False,
pm_css,89,32,0,32,28,14 9 4 3 1 1,0.296875,success,False,False,
pm_css,773,32,0,32,27,10 8 3 3 3 2 2 1,0.1953125,success,False,False,
pm_css,654,32,0,32,10,18 5 2 2 1 1 1 1 1,0.353515625,success,False,False,
pm_css,438,32,0,32,30,12 8 7 5,0.275390625,success,False,False,
pm_css,433,32,0,32,8,22 3 2 2 1 1 1,0.4921875,success,False,False,
pm_css,858,32,0,32,5,10 6 4 3 3 1 1 1 1 1 1,0.171875,success,False,False,
pm_css,85,32,0,32,23,7 5 4 4 3 3 2 1 1 1 1,0.12890625,success,False,False,
pm_css,697,32,0,32,24,6 6 5 5 3 3 2 1 1,0.142578125,success,False,False,
pm_css,201,32,0,32,9,5 5 4 4 3 3 2 2 2 1 1,0.111328125,success,False,False,
pm_css,94,32,0,32,1,22 10,0.5703125,success,False,False,
pm_css,89,32,4,28,24,6 3 2 2 2 2 2 2 1 1 1 1 1 1 1 1 1 1 1,0.078125,success,False,False,
pm_css,773,32,4,28,24,8 7 4 3 3 2 1 1 1 1 1,0.15234375,success,False,False,
pm_css,654,32,4,28,9,6 5 4 4 2 2 1 1 1 1 1 1 1 1 1,0.107421875,success,False,False,
pm_css,438,32,4,28,26,13 8 3 2 2 2 1 1,0.25,success,False,False,
pm_css,433,32,4,28,7,12 3 3 2 2 2 2 1 1 1 1 1 1,0.1796875,success,False,False,
pm_css,858,32,4,28,4,8 6 3 2 2 2 2 1 1 1 1 1 1 1,0.12890625,success,False,False,
pm_css,85,32,4,28,20,13 3 2 2 2 2 2 2 1 1 1 1,0.201171875,success,False,False,
pm_css,697,32,4,28,21,4 3 3 2 2 2 1 1 1 1 1 1 1 1 1 1 1 1 1 1 1 1,0.060546875,success,False,False,
pm_css,201,32,4,28,8,4 3 3 2 2 2 2 2 2 2 1 1 1 1 1 1 1 1,0.068359375,success,False,False,
pm_css,94,32,4,28,1,10 4 4 4 3 3 2 2,0.169921875,success,False,False,
pm_css,89,32,5,27,24,5 5 3 3 2 2 2 1 1 1 1 1 1 1 1 1 1,0.087890625,success,False,False,
pm_css,773,32,5,27,23,14 4 2 2 1 1 1 1 1 1 1 1 1 1,0.224609375,success,False,False,
pm_css,654,32,5,27,8,8 6 4 3 2 1 1 1 1 1 1 1 1 1,0.134765625,success,False,False,
pm_css,438,32,5,27,25,10 5 3 3 2 2 2 2 2 1,0.16015625,success,False,False,
pm_css,433,32,5,27,7,12 3 3 3 2 2 1 1 1 1 1 1 1,0.181640625,success,False,False,
pm_css,858,32,5,27,4,8 6 6 2 1 1 1 1 1 1 1 1 1 1,0.146484375,success,False,False,
pm_css,85,32,5,27,19,8 6 2 2 2 2 1 1 1 1 1 1 1 1 1 1,0.123046875,success,False,False,
pm_css,697,32,5,27,21,6 4 3 3 2 2 2 1 1 1 1 1 1 1 1 1 1,0.08984375,success,False,False,
pm_css,201,32,5,27,8,6 3 2 2 2 2 2 2 1 1 1 1 1 1 1 1 1 1 1,0.078125,success,False,False,
pm_css,94,32,5,27,1,8 6 5 4 4 2 1 1 1,0.16015625,success,False,False,
pm_css,89,32,8,24,21,12 3 3 2 2 2 2 2 1 1 1 1,0.181640625,success,False,False,
pm_css,773,32,8,24,21,13 5 4 2 2 1 1 1 1 1 1,0.21875,success,False,False,
pm_css,654,32,8,24,7,10 4 2 2 2 1 1 1 1 1 1 1 1 1 1 1 1,0.13671875,success,False,False,
pm_css,438,32,8,24,23,14 8 5 2 2 1,0.287109375,success,False,False,
pm_css,433,32,8,24,6,9 5 4 2 2 2 1 1 1 1 1 1 1 1,0.138671875,success,False,False,
pm_css,858,32,8,24,3,12 6 2 2 2 2 2 2 1 1,0.201171875,success,False,False,
pm_css,85,32,8,24,17,7 6 3 3 2 1 1 1 1 1 1 1 1 1 1 1,0.115234375,success,False,False,
pm_css,697,32,8,24,18,7 5 4 3 1 1 1 1 1 1 1 1 1 1 1 1 1,0.109375,success,False,False,
pm_css,201,32,8,24,7,14 3 3 1 1 1 1 1 1 1 1 1 1 1 1,0.220703125,success,False,False,
pm_css,94,32,8,24,1,11 8 4 4 1 1 1 1 1,0.216796875,success,False,False,
pm_css,89,32,10,22,19,15 3 3 3 2 1 1 1 1 1 1,0.255859375,success,False,False,
pm_css,773,32,10,22,19,6 6 4 4 2 2 2 2 1 1 1 1,0.12109375,success,False,False,
pm_css,654,32,10,22,7,8 4 4 4 3 2 1 1 1 1 1 1 1,0.12890625,success,False,False,
pm_css,438,32,10,22,21,14 8 3 3 1 1 1 1,0.275390625,success,False,False,
pm_css,433,32,10,22,6,5 5 4 2 2 2 2 1 1 1 1 1 1 1 1 1 1,0.08984375,success,False,False,
pm_css,858,32,10,22,3,7 5 5 5 3 2 2 1 1 1,0.140625,success,False,False,
pm_css,85,32,10,22,16,6 6 3 3 2 2 1 1 1 1 1 1 1 1 1 1,0.10546875,success,False,False,
pm_css,697,32,10,22,17,8 6 3 2 1 1 1 1 1 1 1 1 1 1 1 1 1,0.123046875,success,False,False,
pm_css,201,32,10,22,6,4 4 4 4 2 2 2 2 1 1 1 1 1 1 1 1,0.0859375,success,False,False,
pm_css,94,32,10,22,1,9 8 4 4 3 2 1 1,0.1875,success,False,False,
pm_css,89,32,15,17,15,8 5 5 3 3 2 2 1 1 1 1,0.140625,success,False,False,
pm_css,773,32,15,17,15,9 5 4 2 2 1 1 1 1 1 1 1 1 1 1,0.13671875,success,False,False,
pm_css,654,32,15,17,5,8 5 3 3 3 2 2 1 1 1 1 1 1,0.126953125,success,False,False,
pm_css,438,32,15,17,16,8 7 6 4 2 1 1 1 1 1,0.169921875,success,False,False,
pm_css,433,32,15,17,4,8 6 5 3 2 1 1 1 1 1 1 1 1,0.142578125,success,False,False,
pm_css,858,32,15,17,2,8 7 5 4 2 1 1 1 1 1 1,0.16015625,success,False,False,
pm_css,85,32,15,17,12,6 4 2 2 2 2 2 2 1 1 1 1 1 1 1 1 1 1,0.083984375,success,False,False,
pm_css,697,32,15,17,13,8 6 4 3 2 1 1 1 1 1 1 1 1 1,0.134765625,success,False,False,
pm_css,201,32,15,17,5,7 6 3 3 2 1 1 1 1 1 1 1 1 1 1 1,0.115234375,success,False,False,
pm_css,94,32,15,17,0,15 9 4 2 1 1,0.3203125,success,False,False,
pm_css,89,32,20,12,11,12 6 4 4 2 1 1 1 1,0.21484375,success,False,False,
pm_css,773,32,20,12,10,9 5 4 3 3 2 2 1 1 1 1,0.1484375,success,False,False,
pm_css,654,32,20,12,4,11 4 3 2 2 2 2 1 1 1 1 1 1,0.1640625,success,False,False,
pm_css,438,32,20,12,12,16 6 5 3 1 1,0.3203125,success,False,False,
pm_css,433,32,20,12,3,9 6 3 2 2 2 2 1 1 1 1 1 1,0.14453125,success,False,False,
pm_css,858,32,20,12,2,10 7 6 6 1 1 1,0.21875,success,False,False,
pm_css,85,32,20,12,9,12 8 4 2 2 1 1 1 1,0.23046875,success,False,False,
pm_css,697,32,20,12,9,10 5 4 3 2 1 1 1 1 1 1 1 1,0.158203125,success,False,False,
pm_css,201,32,20,12,3,7 6 2 2 2 2 1 1 1 1 1 1 1 1 1 1 1,0.109375,success,False,False,
pm_css,94,32,20,12,0,14 7 3 2 2 1 1 1 1,0.259765625,success,False,False,
pm_css,89,32,25,7,6,12 6 3 2 2 1 1 1 1 1 1 1,0.19921875,success,False,False,
pm_css,773,32,25,7,6,13 12 3 2 1 1,0.3203125,success,False,False,
pm_css,654,32,25,7,2,11 10 2 2 2 2 1 1 1,0.234375,success,False,False,
pm_css,438,32,25,7,7,17 6 3 2 2 2,0.337890625,success,False,False,
pm_css,433,32,25,7,2,8 8 4 3 2 2 2 1 1 1,0.1640625,success,False,False,
pm_css,858,32,25,7,1,12 10 3 3 2 1 1,0.26171875,success,False,False,
pm_css,85,32,25,7,5,7 5 5 3 3 2 1 1 1 1 1 1 1,0.125,success,False,False,
pm_css,697,32,25,7,6,12 11 4 2 1 1 1,0.28125,success,False,False,
pm_css,201,32,25,7,2,6 5 4 4 4 2 2 1 1 1 1 1,0.119140625,success,False,False,
pm_css,94,32,25,7,0,10 8 4 4 2 1 1 1 1,0.19921875,success,False,False,
pm_css,89,32,30,2,2,14 11 7,0.357421875,success,False,False,
pm_css,773,32,30,2,2,16 8 8,0.375,success,False,False,
pm_css,654,32,30,2,0,28 4,0.78125,success,False,False,
pm_css,438,32,30,2,2,16 10 6,0.3828125,success,False,False,
pm_css,433,32,30,2,0,18 14,0.5078125,success,False,False,
pm_css,858,32,30,2,0,20 12,0.53125,success,False,False,
pm_css,85,32,30,2,2,11 9 7 5,0.26953125,success,False,False,
pm_css,697,32,30,2,2,22 10,0.5703125,success,False,False,
pm_css,201,32,30,2,0,11 9 7 5,0.26953125,success,False,False,
pm_css,94,32,30,2,0,22 10,0.5703125,success,False,False,
pm_css,89,37,0,37,32,22 5 4 3 2 1,0.393718042366691,success,False,False,
pm_css,773,37,0,37,32,9 8 5 4 3 2 2 1 1 1 1,0.15120525931336742,success,False,False,
pm_css,654,37,0,37,11,16 2 2 2 2 2 2 2 1 1 1 1 1 1 1,0.21256391526661797,success,False,False,
pm_css,438,37,0,37,35,26 6 5,0.5383491599707816,success,False,False,
pm_css,433,37,0,37,10,22 2 2 2 2 2 2 1 1 1,0.3732651570489408,success,False,False,
pm_css,858,37,0,37,5,16 4 4 3 2 2 2 2 1 1,0.23009495982468955,success,False,False,
pm_css,85,37,0,37,27,22 3 2 2 1 1 1 1 1 1 1 1,0.3718042366691015,success,False,False,
pm_css,697,37,0,37,28,18 4 2 2 2 1 1 1 1 1 1 1 1 1,0.26369612856099345,success,False,False,
pm_css,201,37,0,37,11,16 3 3 2 2 2 2 2 1 1 1 1 1,0.21840759678597516,success,False,False,
pm_css,94,37,0,37,1,22 15,0.5178962746530315,success,False,False,
pm_css,89,37,4,33,29,11 3 3 3 2 2 2 2 1 1 1 1 1 1 1 1 1,0.12636961285609935,success,False,False,
pm_css,773,37,4,33,28,15 4 3 2 1 1 1 1 1 1 1 1 1 1 1 1 1,0.19503287070854639,success,False,False,
pm_css,654,37,4,33,10,12 5 4 2 2 2 2 1 1 1 1 1 1 1 1,0.15266617969320673,success,False,False,
pm_css,438,37,4,33,31,10 5 5 4 3 3 2 2 2 1,0.14390065741417093,success,False,False,
pm_css,433,37,4,33,9,8 4 3 2 2 2 2 2 2 1 1 1 1 1 1 1 1 1 1,0.08984660336011688,success,False,False,
pm_css,858,37,4,33,5,8 7 5 3 3 2 2 2 1 1 1 1 1,0.12636961285609935,success,False,False,
pm_css,85,37,4,33,24,10 5 5 4 2 2 1 1 1 1 1 1 1 1 1,0.13367421475529584,success,False,False,
pm_css,697,37,4,33,25,10 6 5 3 1 1 1 1 1 1 1 1 1 1 1 1 1,0.13367421475529584,success,False,False,
pm_css,201,37,4,33,10,6 6 4 3 2 2 2 2 1 1 1 1 1 1 1 1 1 1,0.08984660336011688,success,False,False,
pm_css,94,37,4,33,1,16 9 5 5 1 1,0.2841490138787436,success,False,False,
pm_css,89,37,5,32,28,7 5 4 4 4 2 2 1 1 1 1 1 1 1 1 1,0.10153396639883126,success,False,False,
pm_css,773,37,5,32,27,8 8 4 3 2 2 2 1 1 1 1 1 1 1 1,0.12636961285609935,success,False,False,
pm_css,654,37,5,32,10,12 4 4 2 2 2 2 2 1 1 1 1 1 1 1,0.14828341855368882,success,False,False,
pm_css,438,37,5,32,30,11 7 5 4 2 1 1 1 1 1 1 1 1,0.16289262235208182,success,False,False,
pm_css,433,37,5,32,8,5 4 3 3 2 2 2 2 2 1 1 1 1 1 1 1 1 1 1 1 1,0.0664718772826881,success,False,False,
pm_css,858,37,5,32,5,7 5 3 3 2 2 2 2 1 1 1 1 1 1 1 1 1 1 1,0.08692476260043827,success,False,False,
pm_css,85,37,5,32,23,8 4 4 3 3 3 2 2 2 1 1 1 1 1 1,0.10299488677867057,success,False,False,
pm_css,697,37,5,32,24,8 4 4 2 2 2 1 1 1 1 1 1 1 1 1 1 1 1 1 1 1,0.08984660336011688,success,False,False,
pm_css,201,37,5,32,9,10 7 3 2 2 2 1 1 1 1 1 1 1 1 1 1 1,0.13221329437545654,success,False,False,
pm_css,94,37,5,32,1,14 10 4 4 3 1 1,0.24762600438276114,success,False,False,
pm_css,89,37,8,29,25,8 6 3 2 2 2 2 2 1 1 1 1 1 1 1 1 1 1,0.10153396639883126,success,False,False,
pm_css,773,37,8,29,25,13 5 5 3 2 2 2 1 1 1 1 1,0.1789627465303141,success,False,False,
pm_css,654,37,8,29,9,8 4 3 3 2 2 2 2 1 1 1 1 1 1 1 1 1 1 1,0.09130752373995617,success,False,False,
pm_css,438,37,8,29,27,14 7 5 3 2 1 1 1 1 1 1,0.21110299488677867,success,False,False,
pm_css,433,37,8,29,8,3 3 3 3 3 3 2 2 2 1 1 1 1 1 1 1 1 1 1 1 1 1,0.0577063550036523,success,False,False,
pm_css,858,37,8,29,4,6 6 5 4 4 3 2 1 1 1 1 1 1 1,0.10883856829802775,success,False,False,
pm_css,85,37,8,29,21,6 5 4 3 2 2 2 1 1 1 1 1 1 1 1 1 1 1 1 1,0.08108108108108109,success,False,False,
pm_css,697,37,8,29,22,14 7 3 3 1 1 1 1 1 1 1 1 1 1,0.19941563184806427,success,False,False,
pm_css,201,37,8,29,8,8 8 3 3 2 2 2 1 1 1 1 1 1 1 1 1,0.12198685171658144,success,False,False,
pm_css,94,37,8,29,1,14 7 6 4 2 2 2,0.22571219868517164,success,False,False,
pm_css,89,37,10,27,24,10 6 4 4 3 3 2 1 1 1 1 1,0.14243973703433163,success,False,False,
pm_css,773,37,10,27,23,12 6 4 3 2 2 1 1 1 1 1 1 1 1,0.16143170197224252,success,False,False,
pm_css,654,37,10,27,8,8 4 4 3 2 2 2 2 1 1 1 1 1 1 1 1 1 1,0.09569028487947406,success,False,False,
pm_css,438,37,10,27,25,12 8 7 3 2 2 1 1 1,0.20233747260774287,success,False,False,
pm_css,433,37,10,27,7,10 6 5 3 2 2 1 1 1 1 1 1 1 1 1,0.13659605551497445,success,False,False,
pm_css,858,37,10,27,4,6 3 3 3 3 2 2 2 2 2 1 1 1 1 1 1 1 1 1,0.07377647918188458,success,False,False,
pm_css,85,37,10,27,19,12 4 3 3 3 2 2 2 1 1 1 1 1 1,0.14974433893352812,success,False,False,
pm_css,697,37,10,27,21,8 7 5 2 2 2 2 1 1 1 1 1 1 1 1 1,0.11906501095690285,success,False,False,
pm_css,201,37,10,27,8,8 6 4 2 2 2 1 1 1 1 1 1 1 1 1 1 1 1 1,0.10299488677867057,success,False,False,
pm_css,94,37,10,27,1,20 7 3 3 2 1 1,0.34550766983199416,success,False,False,
pm_css,89,37,15,22,19,8 7 4 4 3 2 2 1 1 1 1 1 1 1,0.12344777209642074,success,False,False,
pm_css,773,37,15,22,19,14 5 5 5 2 2 2 1 1,0.20818115412710006,success,False,False,
pm_css,654,37,15,22,7,6 5 4 3 3 2 2 2 2 1 1 1 1 1 1 1 1,0.08692476260043827,success,False,False,
pm_css,438,37,15,22,21,10 7 4 4 2 2 2 2 1 1 1 1,0.1468224981738495,success,False,False,
pm_css,433,37,15,22,6,12 6 3 2 2 1 1 1 1 1 1 1 1 1 1 1 1,0.15266617969320673,success,False,False,
pm_css,858,37,15,22,3,7 7 4 4 4 2 2 1 1 1 1 1 1 1,0.11760409057706354,success,False,False,
pm_css,85,37,15,22,16,14 4 3 3 3 1 1 1 1 1 1 1 1 1 1,0.18188458728999268,success,False,False,
pm_css,697,37,15,22,17,6 4 3 3 2 2 2 2 2 1 1 1 1 1 1 1 1 1 1 1,0.07377647918188458,success,False,False,
pm_css,201,37,15,22,6,8 4 3 3 2 2 2 2 1 1 1 1 1 1 1 1 1 1 1,0.09130752373995617,success,False,False,
pm_css,94,37,15,22,1,15 8 4 3 3 2 1 1,0.24032140248356465,success,False,False,
pm_css,89,37,20,17,15,10 6 6 4 2 2 2 1 1 1 1 1,0.14974433893352812,success,False,False,
pm_css,773,37,20,17,15,7 5 4 2 2 2 2 2 2 2 1 1 1 1 1 1 1,0.09130752373995617,success,False,False,
pm_css,654,37,20,17,5,8 6 4 3 2 2 1 1 1 1 1 1 1 1 1 1 1 1,0.10591672753834916,success,False,False,
pm_css,438,37,20,17,16,24 9 2 1 1,0.48429510591672753,success,False,False,
pm_css,433,37,20,17,4,8 5 4 4 3 3 2 2 2 1 1 1 1,0.11322132943754565,success,False,False,
pm_css,858,37,20,17,2,8 8 5 3 3 2 2 2 1 1 1 1,0.13659605551497445,success,False,False,
pm_css,85,37,20,17,12,6 6 5 2 2 2 2 1 1 1 1 1 1 1 1 1 1 1 1,0.09130752373995617,success,False,False,
pm_css,697,37,20,17,13,8 6 5 2 2 2 2 2 2 1 1 1 1 1 1,0.11322132943754565,success,False,False,
pm_css,201,37,20,17,5,12 6 4 4 1 1 1 1 1 1 1 1 1 1 1,0.16289262235208182,success,False,False,
pm_css,94,37,20,17,0,19 7 5 4 1 1,0.3308984660336012,success,False,False,
pm_css,89,37,25,12,11,10 6 5 2 2 2 1 1 1 1 1 1 1 1 1 1,0.13367421475529584,success,False,False,
pm_css,773,37,25,12,10,14 5 3 2 2 2 1 1 1 1 1 1 1 1 1,0.183345507669832,success,False,False,
pm_css,654,37,25,12,4,8 7 3 2 2 2 2 2 2 1 1 1 1 1 1 1,0.11176040905770636,success,False,False,
pm_css,438,37,25,12,12,20 5 4 3 2 2 1,0.3352812271731191,success,False,False,
pm_css,433,37,25,12,3,10 4 4 3 3 2 2 2 2 1 1 1 1 1,0.12490869247626005,success,False,False,
pm_css,858,37,25,12,2,8 6 4 3 2 2 2 2 1 1 1 1 1 1 1 1,0.10883856829802775,success,False,False,
pm_css,85,37,25,12,9,13 6 4 3 2 2 2 1 1 1 1 1,0.1804236669101534,success,False,False,
pm_css,697,37,25,12,9,10 8 3 2 2 2 2 2 1 1 1 1 1 1,0.14536157779401024,success,False,False,
pm_css,201,37,25,12,3,10 4 4 4 3 2 2 2 2 1 1 1 1,0.12929145361577793,success,False,False,
pm_css,94,37,25,12,0,14 8 4 4 3 2 1 1,0.22425127830533237,success,False,False,
pm_css,89,37,30,7,6,20 10 2 1 1 1 1 1,0.3718042366691015,success,False,False,
pm_css,773,37,30,7,6,14 9 4 4 2 1 1 1 1,0.23155588020452886,success,False,False,
pm_css,654,37,30,7,2,14 9 4 2 2 2 2 1 1,0.22717311906501095,success,False,False,
pm_css,438,37,30,7,7,18 6 5 5 2 1,0.30314097881665447,success,False,False,
pm_css,433,37,30,7,2,12 8 4 3 2 1 1 1 1 1 1 1 1,0.1789627465303141,success,False,False,
pm_css,858,37,30,7,1,12 8 7 6 2 1 1,0.21840759678597516,success,False,False,
pm_css,85,37,30,7,5,11 8 5 3 2 2 2 1 1 1 1,0.17165814463111762,success,False,False,
pm_css,697,37,30,7,6,8 8 4 4 4 3 2 1 1 1 1,0.14097881665449233,success,False,False,
pm_css,201,37,30,7,2,13 6 5 4 2 2 1 1 1 1 1,0.1891891891891892,success,False,False,
pm_css,94,37,30,7,0,18 10 2 2 1 1 1 1 1,0.31921110299488675,success,False,False,
pm_css,89,37,35,2,2,20 17,0.5032870708546384,success,False,False,
pm_css,773,37,35,2,2,18 14 5,0.3981008035062089,success,False,False,
pm_css,654,37,35,2,0,29 8,0.6610664718772827,success,False,False,
pm_css,438,37,35,2,2,13 11 7 6,0.2739225712198685,success,False,False,
pm_css,433,37,35,2,0,23 14,0.5295836376917458,success,False,False,
pm_css,858,37,35,2,0,14 10 9 4,0.2870708546384222,success,False,False,
pm_css,85,37,35,2,2,18 13 6,0.38641344046749454,success,False,False,
pm_css,697,37,35,2,2,22 9 6,0.4390065741417093,success,False,False,
pm_css,201,37,35,2,0,27 10,0.6055514974433893,success,False,False,
pm_css,94,37,35,2,0,22 15,0.5178962746530315,success,False,False,
pm_css,89,42,0,42,36,12 10 8 3 2 2 2 1 1 1,0.18820861678004536,success,False,False,
pm_css,773,42,0,42,36,24 3 3 2 2 2 1 1 1 1 1 1,0.3469387755102041,success,False,False,
pm_css,654,42,0,42,13,7 5 5 4 4 4 3 3 2 2 1 1 1,0.09977324263038549,success,False,False,
pm_css,438,42,0,42,39,26 8 4 4,0.4376417233560091,success,False,False,
pm_css,433,42,0,42,11,8 7 6 5 3 3 2 2 2 1 1 1 1,0.11791383219954649,success,False,False,
pm_css,858,42,0,42,6,10 10 4 3 3 3 2 2 1 1 1 1 1,0.14512471655328799,success,False,False,
pm_css,85,42,0,42,30,22 5 3 3 2 2 1 1 1 1 1,0.30612244897959184,success,False,False,
pm_css,697,42,0,42,32,6 6 5 5 5 4 3 2 2 2 1 1,0.1054421768707483,success,False,False,
pm_css,201,42,0,42,12,28 8 2 1 1 1 1,0.4852607709750567,success,False,False,
pm_css,94,42,0,42,1,24 18,0.5102040816326531,success,False,False,
pm_css,89,42,4,38,33,6 5 4 3 3 3 2 2 2 2 1 1 1 1 1 1 1 1 1 1,0.07369614512471655,success,False,False,
pm_css,773,42,4,38,32,10 6 3 3 2 2 2 2 2 1 1 1 1 1 1 1 1 1 1,0.10430839002267574,success,False,False,
pm_css,654,42,4,38,12,6 6 4 3 2 2 2 2 2 1 1 1 1 1 1 1 1 1 1 1 1 1,0.07369614512471655,success,False,False,
pm_css,438,42,4,38,36,10 8 6 5 3 3 2 2 1 1 1,0.14399092970521543,success,False,False,
pm_css,433,42,4,38,10,12 4 3 2 2 2 2 1 1 1 1 1 1 1 1 1 1 1 1 1 1 1,0.11337868480725624,success,False,False,
pm_css,858,42,4,38,6,9 5 4 4 4 3 3 3 2 1 1 1 1 1,0.10770975056689343,success,False,False,
pm_css,85,42,4,38,27,6 5 4 3 3 2 2 2 1 1 1 1 1 1 1 1 1 1 1 1 1 1 1,0.0691609977324263,success,False,False,
pm_css,697,42,4,38,29,10 8 5 3 2 2 2 2 1 1 1 1 1 1 1 1,0.12585034013605442,success,False,False,
pm_css,201,42,4,38,11,6 6 5 5 3 2 2 2 2 2 1 1 1 1 1 1 1,0.08956916099773243,success,False,False,
pm_css,94,42,4,38,1,12 7 5 4 4 3 2 2 2 1,0.15419501133786848,success,False,False,
pm_css,89,42,5,37,32,7 6 5 3 2 2 2 2 2 1 1 1 1 1 1 1 1 1 1 1,0.08503401360544217,success,False,False,
pm_css,773,42,5,37,32,10 7 5 3 3 3 2 2 2 1 1 1 1 1,0.1235827664399093,success,False,False,
pm_css,654,42,5,37,11,10 6 4 4 2 2 1 1 1 1 1 1 1 1 1 1 1 1 1 1,0.10770975056689343,success,False,False,
pm_css,438,42,5,37,35,7 7 7 3 3 2 2 2 2 2 2 1 1 1,0.10884353741496598,success,False,False,
pm_css,433,42,5,37,10,12 7 4 3 2 2 2 1 1 1 1 1 1 1 1 1 1,0.1360544217687075,success,False,False,
pm_css,858,42,5,37,5,8 6 6 2 2 2 2 2 1 1 1 1 1 1 1 1 1 1 1 1,0.09523809523809523,success,False,False,
pm_css,85,42,5,37,27,5 4 4 4 3 3 3 1 1 1 1 1 1 1 1 1 1 1 1 1 1 1 1,0.06575963718820861,success,False,False,
pm_css,697,42,5,37,28,7 6 3 3 2 2 2 1 1 1 1 1 1 1 1 1 1 1 1 1 1 1 1 1,0.07482993197278912,success,False,False,
pm_css,201,42,5,37,11,8 4 3 3 3 3 2 2 2 1 1 1 1 1 1 1 1 1 1 1 1,0.07936507936507936,success,False,False,
pm_css,94,42,5,37,1,12 9 6 4 2 2 2 2 1 1 1,0.16780045351473924,success,False,False,
pm_css,89,42,8,34,30,12 8 6 5 3 2 1 1 1 1 1 1,0.16326530612244897,success,False,False,
pm_css,773,42,8,34,29,14 8 4 3 2 2 2 1 1 1 1 1 1 1,0.17233560090702948,success,False,False,
pm_css,654,42,8,34,10,12 4 3 2 2 2 2 2 2 2 2 2 2 1 1 1,0.12018140589569161,success,False,False,
pm_css,438,42,8,34,32,19 5 4 3 3 2 2 1 1 1 1,0.24489795918367346,success,False,False,
pm_css,433,42,8,34,9,10 3 3 3 2 2 2 2 1 1 1 1 1 1 1 1 1 1 1 1 1 1 1,0.08956916099773243,success,False,False,
pm_css,858,42,8,34,5,12 8 6 2 1 1 1 1 1 1 1 1 1 1 1 1 1 1,0.14852607709750568,success,False,False,
pm_css,85,42,8,34,24,10 4 3 2 2 2 2 2 2 1 1 1 1 1 1 1 1 1 1 1 1 1,0.09183673469387756,success,False,False,
pm_css,697,42,8,34,26,10 4 3 3 2 2 2 2 2 1 1 1 1 1 1 1 1 1 1 1 1,0.09410430839002268,success,False,False,
pm_css,201,42,8,34,10,6 4 3 3 3 3 3 2 2 2 1 1 1 1 1 1 1 1 1 1 1,0.06802721088435375,success,False,False,
pm_css,94,42,8,34,1,7 7 5 5 3 3 3 3 1 1 1 1 1 1,0.10770975056689343,success,False,False,
pm_css,89,42,10,32,28,5 4 4 3 3 2 2 2 2 1 1 1 1 1 1 1 1 1 1 1 1 1 1 1,0.060090702947845805,success,False,False,
pm_css,773,42,10,32,27,8 6 6 3 3 2 2 2 1 1 1 1 1 1 1 1 1 1,0.09977324263038549,success,False,False,
pm_css,654,42,10,32,10,12 5 4 3 3 2 2 2 1 1 1 1 1 1 1 1 1,0.12698412698412698,success,False,False,
pm_css,438,42,10,32,30,14 8 6 3 2 2 2 1 1 1 1 1,0.18253968253968253,success,False,False,
pm_css,433,42,10,32,8,14 6 4 3 3 2 1 1 1 1 1 1 1 1 1 1,0.15873015873015872,success,False,False,
pm_css,858,42,10,32,5,6 5 4 4 4 4 4 2 1 1 1 1 1 1 1 1 1,0.0873015873015873,success,False,False,
pm_css,85,42,10,32,23,14 4 4 3 3 3 2 1 1 1 1 1 1 1 1 1,0.15192743764172337,success,False,False,
pm_css,697,42,10,32,24,12 5 4 4 2 2 2 1 1 1 1 1 1 1 1 1 1 1,0.12698412698412698,success,False,False,
pm_css,201,42,10,32,9,7 6 4 3 3 2 1 1 1 1 1 1 1 1 1 1 1 1 1 1 1 1 1,0.07936507936507936,success,False,False,
pm_css,94,42,10,32,1,8 6 4 4 4 4 4 3 2 1 1 1,0.1111111111111111,success,False,False,
pm_css,89,42,15,27,24,10 7 7 3 3 3 2 1 1 1 1 1 1 1,0.13378684807256236,success,False,False,
pm_css,773,42,15,27,23,6 5 4 3 3 3 2 2 2 2 1 1 1 1 1 1 1 1 1 1,0.07369614512471655,success,False,False,
pm_css,654,42,15,27,8,7 6 5 5 4 3 2 2 1 1 1 1 1 1 1 1,0.09977324263038549,success,False,False,
pm_css,438,42,15,27,25,18 9 4 3 2 1 1 1 1 1 1,0.2494331065759637,success,False,False,
pm_css,433,42,15,27,7,8 7 5 3 3 3 2 2 2 2 1 1 1 1 1,0.1054421768707483,success,False,False,
pm_css,858,42,15,27,4,17 5 4 3 2 2 2 1 1 1 1 1 1 1,0.20294784580498867,success,False,False,
pm_css,85,42,15,27,19,7 7 3 3 3 2 2 2 1 1 1 1 1 1 1 1 1 1 1 1 1,0.08503401360544217,success,False,False,
pm_css,697,42,15,27,21,10 7 4 2 2 2 2 1 1 1 1 1 1 1 1 1 1 1 1 1,0.10997732426303855,success,False,False,
pm_css,201,42,15,27,8,10 8 7 2 2 2 1 1 1 1 1 1 1 1 1 1 1,0.13378684807256236,success,False,False,
pm_css,94,42,15,27,1,10 8 6 5 4 3 1 1 1 1 1 1,0.14512471655328799,success,False,False,
pm_css,89,42,20,22,19,7 5 5 5 4 4 4 3 1 1 1 1 1,0.1054421768707483,success,False,False,
pm_css,773,42,20,22,19,12 7 5 3 2 1 1 1 1 1 1 1 1 1 1 1 1 1,0.1383219954648526,success,False,False,
pm_css,654,42,20,22,7,10 5 4 3 2 2 2 1 1 1 1 1 1 1 1 1 1 1 1 1 1,0.09977324263038549,success,False,False,
pm_css,438,42,20,22,21,10 9 4 3 3 2 2 2 2 1 1 1 1 1,0.13378684807256236,success,False,False,
pm_css,433,42,20,22,6,5 5 5 4 4 3 2 2 1 1 1 1 1 1 1 1 1 1 1 1,0.07709750566893424,success,False,False,
pm_css,858,42,20,22,3,10 8 5 4 3 2 2 2 1 1 1 1 1 1,0.13151927437641722,success,False,False,
pm_css,85,42,20,22,16,11 5 4 4 3 3 1 1 1 1 1 1 1 1 1 1 1 1,0.11791383219954649,success,False,False,
pm_css,697,42,20,22,17,14 8 4 2 2 2 2 2 1 1 1 1 1 1,0.1712018140589569,success,False,False,
pm_css,201,42,20,22,6,8 4 4 4 2 2 2 1 1 1 1 1 1 1 1 1 1 1 1 1 1 1 1,0.07936507936507936,success,False,False,
pm_css,94,42,20,22,1,8 8 8 4 4 4 4 1 1,0.14625850340136054,success,False,False,
pm_css,89,42,25,17,15,22 4 3 3 2 2 2 1 1 1 1,0.30272108843537415,success,False,False,
pm_css,773,42,25,17,15,10 6 6 5 5 3 1 1 1 1 1 1 1,0.1349206349206349,success,False,False,
pm_css,654,42,25,17,5,6 6 5 4 3 2 2 2 2 1 1 1 1 1 1 1 1 1 1,0.08390022675736962,success,False,False,
pm_css,438,42,25,17,16,12 12 7 4 1 1 1 1 1 1 1,0.20408163265306123,success,False,False,
pm_css,433,42,25,17,4,10 4 3 3 3 2 2 2 1 1 1 1 1 1 1 1 1 1 1 1 1,0.09523809523809523,success,False,False,
pm_css,858,42,25,17,2,9 8 5 5 4 2 1 1 1 1 1 1 1 1 1,0.12698412698412698,success,False,False,
pm_css,85,42,25,17,12,10 5 3 3 2 2 2 2 2 1 1 1 1 1 1 1 1 1 1 1,0.09863945578231292,success,False,False,
pm_css,697,42,25,17,13,12 4 3 3 2 2 2 1 1 1 1 1 1 1 1 1 1 1 1 1 1,0.11564625850340136,success,False,False,
pm_css,201,42,25,17,5,7 5 5 3 2 2 2 2 2 2 1 1 1 1 1 1 1 1 1 1,0.08049886621315193,success,False,False,
pm_css,94,42,25,17,0,18 12 3 3 2 1 1 1 1,0.2800453514739229,success,False,False,
pm_css,89,42,30,12,11,8 8 6 4 4 4 3 2 1 1 1,0.1292517006802721,success,False,False,
pm_css,773,42,30,12,10,12 5 5 4 3 2 2 1 1 1 1 1 1 1 1 1,0.13378684807256236,success,False,False,
pm_css,654,42,30,12,4,12 4 3 3 2 2 2 2 2 1 1 1 1 1 1 1 1 1 1,0.11791383219954649,success,False,False,
pm_css,438,42,30,12,12,24 10 5 1 1 1,0.39909297052154197,success,False,False,
pm_css,433,42,30,12,3,11 9 5 3 2 2 1 1 1 1 1 1 1 1 1 1,0.14399092970521543,success,False,False,
pm_css,858,42,30,12,2,8 8 3 3 2 2 2 2 2 2 2 1 1 1 1 1 1,0.10204081632653061,success,False,False,
pm_css,85,42,30,12,9,10 5 4 4 2 2 2 2 2 1 1 1 1 1 1 1 1 1,0.1054421768707483,success,False,False,
pm_css,697,42,30,12,9,11 5 3 2 2 2 2 2 2 2 1 1 1 1 1 1 1 1 1,0.10884353741496598,success,False,False,
pm_css,201,42,30,12,3,6 5 5 3 2 2 2 2 2 1 1 1 1 1 1 1 1 1 1 1 1 1,0.07256235827664399,success,False,False,
pm_css,94,42,30,12,0,20 6 4 3 3 3 2 1,0.2743764172335601,success,False,False,
pm_css,89,42,35,7,6,27 5 4 3 2 1,0.4444444444444444,success,False,False,
pm_css,773,42,35,7,6,23 6 4 3 3 2 1,0.3424036281179138,success,False,False,
pm_css,654,42,35,7,2,13 13 4 3 3 2 2 1 1,0.2165532879818594,success,False,False,
pm_css,438,42,35,7,7,26 4 4 4 2 1 1,0.41383219954648526,success,False,False,
pm_css,433,42,35,7,2,10 8 7 5 4 2 2 1 1 1 1,0.15079365079365079,success,False,False,
pm_css,858,42,35,7,1,13 10 4 4 3 2 2 1 1 1 1,0.18253968253968253,success,False,False,
pm_css,85,42,35,7,5,19 6 4 4 4 2 1 1 1,0.2562358276643991,success,False,False,
pm_css,697,42,35,7,6,16 10 8 3 2 1 1 1,0.2471655328798186,success,False,False,
pm_css,201,42,35,7,2,16 7 6 3 2 2 2 1 1 1 1,0.20748299319727892,success,False,False,
pm_css,94,42,35,7,0,19 8 4 3 3 3 2,0.2675736961451247,success,False,False,
pm_css,89,42,40,2,2,22 20,0.5011337868480725,success,False,False,
pm_css,773,42,40,2,2,34 8,0.691609977324263,success,False,False,
pm_css,654,42,40,2,0,22 20,0.5011337868480725,success,False,False,
pm_css,438,42,40,2,2,22 20,0.5011337868480725,success,False,False,
pm_css,433,42,40,2,0,22 20,0.5011337868480725,success,False,False,
pm_css,858,42,40,2,0,18 16 8,0.36507936507936506,success,False,False,
pm_css,85,42,40,2,2,28 14,0.5555555555555556,success,False,False,
pm_css,697,42,40,2,2,16 16 10,0.3469387755102041,success,False,False,
pm_css,201,42,40,2,0,30 12,0.5918367346938775,success,False,False,
pm_css,94,42,40,2,0,20 14 8,0.3741496598639456,success,False,False,
pm_css,89,47,0,47,41,8 7 6 5 3 3 2 2 2 2 1 1 1 1 1 1 1,0.09732910819375283,success,False,False,
pm_css,773,47,0,47,40,7 7 6 6 6 6 4 2 2 1,0.12086917157084653,success,False,False,
pm_css,654,47,0,47,14,9 8 7 4 3 3 3 2 2 2 2 2,0.11634223630602082,success,False,False,
pm_css,438,47,0,47,44,24 10 6 5 2,0.33544590312358535,success,False,False,
pm_css,433,47,0,47,12,9 7 5 4 4 4 3 2 2 2 2 1 1 1,0.10457220461747398,success,False,False,
pm_css,858,47,0,47,7,28 3 2 2 2 2 1 1 1 1 1 1 1 1,0.3698506111362608,success,False,False,
pm_css,85,47,0,47,34,9 6 5 5 4 3 3 3 2 2 2 1 1 1,0.10185604345857854,success,False,False,
pm_css,697,47,0,47,36,22 4 4 3 3 2 1 1 1 1 1 1 1 1 1,0.2476233589859665,success,False,False,
pm_css,201,47,0,47,14,20 14 1 1 1 1 1 1 1 1 1 1 1 1 1,0.2756903576278859,success,False,False,
pm_css,94,47,0,47,2,22 14 11,0.3626075147125396,success,False,False,
pm_css,89,47,4,43,37,7 7 7 4 3 2 2 2 2 1 1 1 1 1 1 1 1 1 1 1,0.09008601177003168,success,False,False,
pm_css,773,47,4,43,37,10 7 3 2 2 2 2 2 1 1 1 1 1 1 1 1 1 1 1 1 1 1 1 1 1,0.0882752376641014,success,False,False,
pm_css,654,47,4,43,13,12 6 4 4 4 3 2 2 1 1 1 1 1 1 1 1 1 1,0.11543684925305568,success,False,False,
pm_css,438,47,4,43,40,20 8 4 2 2 2 2 2 1 1 1 1 1,0.2286102308736985,success,False,False,
pm_css,433,47,4,43,11,8 6 5 3 3 3 2 2 2 2 2 2 1 1 1 1 1 1 1,0.08284291534631055,success,False,False,
pm_css,858,47,4,43,6,14 5 4 4 3 3 2 2 2 1 1 1 1 1 1 1 1,0.13173381620642824,success,False,False,
pm_css,85,47,4,43,31,12 5 3 3 3 2 2 2 2 2 1 1 1 1 1 1 1 1 1 1 1,0.10276143051154368,success,False,False,
pm_css,697,47,4,43,33,7 7 7 7 4 3 3 1 1 1 1 1 1 1 1 1,0.10819375282933454,success,False,False,
pm_css,201,47,4,43,13,18 3 2 2 2 2 2 1 1 1 1 1 1 1 1 1 1 1 1 1 1 1 1,0.1670439112720688,success,False,False,
pm_css,94,47,4,43,1,24 11 2 2 2 2 2 1 1,0.3254866455409688,success,False,False,
pm_css,89,47,5,42,36,10 6 5 3 2 2 2 2 1 1 1 1 1 1 1 1 1 1 1 1 1 1 1,0.09099139882299682,success,False,False,
pm_css,773,47,5,42,36,14 6 4 3 2 2 2 2 2 2 1 1 1 1 1 1 1 1,0.1308284291534631,success,False,False,
pm_css,654,47,5,42,13,14 4 3 3 3 3 3 3 2 2 1 1 1 1 1 1 1,0.12720688094160254,success,False,False,
pm_css,438,47,5,42,39,22 12 6 2 1 1 1 1 1,0.3046627433227705,success,False,False,
pm_css,433,47,5,42,11,9 8 5 3 2 2 2 2 2 2 1 1 1 1 1 1 1 1 1 1,0.09642372114078769,success,False,False,
pm_css,858,47,5,42,6,14 9 5 4 3 2 1 1 1 1 1 1 1 1 1 1,0.15436849253055682,success,False,False,
pm_css,85,47,5,42,30,6 4 3 3 2 2 2 2 2 2 2 1 1 1 1 1 1 1 1 1 1 1 1 1 1 1 1 1,0.052059755545495696,success,False,False,
pm_css,697,47,5,42,32,16 5 3 2 2 2 2 2 1 1 1 1 1 1 1 1 1 1 1 1 1,0.14622000905387053,success,False,False,
pm_css,201,47,5,42,12,8 6 5 2 2 2 2 1 1 1 1 1 1 1 1 1 1 1 1 1 1 1 1 1 1 1 1,0.07288365776369397,success,False,False,
pm_css,94,47,5,42,1,24 10 4 2 2 1 1 1 1 1,0.3191489361702128,success,False,False,
pm_css,89,47,8,39,34,8 6 4 4 3 2 2 2 2 2 1 1 1 1 1 1 1 1 1 1 1 1,0.07831598008148484,success,False,False,
pm_css,773,47,8,39,33,18 6 4 2 2 2 1 1 1 1 1 1 1 1 1 1 1 1 1,0.1815301041195111,success,False,False,
pm_css,654,47,8,39,12,12 4 3 3 3 3 2 2 2 2 1 1 1 1 1 1 1 1 1 1 1,0.1009506564056134,success,False,False,
pm_css,438,47,8,39,37,8 8 6 6 4 4 2 2 2 2 1 1 1,0.1136260751471254,success,False,False,
pm_css,433,47,8,39,10,10 4 3 2 2 2 1 1 1 1 1 1 1 1 1 1 1 1 1 1 1 1 1 1 1 1 1 1 1 1,0.07288365776369397,success,False,False,
pm_css,858,47,8,39,6,10 10 6 5 3 3 2 1 1 1 1 1 1 1 1,0.13173381620642824,success,False,False,
pm_css,85,47,8,39,28,11 8 3 3 2 2 1 1 1 1 1 1 1 1 1 1 1 1 1 1 1 1 1 1,0.10366681756450882,success,False,False,
pm_css,697,47,8,39,30,6 4 3 2 2 2 2 2 2 2 1 1 1 1 1 1 1 1 1 1 1 1 1 1 1 1 1 1 1 1,0.04934359438660027,success,False,False,
pm_css,201,47,8,39,11,16 4 3 3 3 2 2 2 2 1 1 1 1 1 1 1 1 1 1,0.14712539610683567,success,False,False,
pm_css,94,47,8,39,1,24 11 3 3 2 1 1 1 1,0.32729741964689907,success,False,False,
pm_css,89,47,10,37,32,11 10 8 3 2 1 1 1 1 1 1 1 1 1 1 1 1 1,0.14078768673607966,success,False,False,
pm_css,773,47,10,37,32,7 5 5 5 3 3 2 2 2 2 1 1 1 1 1 1 1 1 1 1 1,0.07650520597555455,success,False,False,
pm_css,654,47,10,37,11,9 8 4 3 3 3 2 1 1 1 1 1 1 1 1 1 1 1 1 1 1 1,0.09370755998189226,success,False,False,
pm_css,438,47,10,37,35,20 11 6 3 2 2 1 1 1,0.2612041647804436,success,False,False,
pm_css,433,47,10,37,10,10 7 4 3 2 2 2 1 1 1 1 1 1 1 1 1 1 1 1 1 1 1 1 1,0.09189678587596198,success,False,False,
pm_css,858,47,10,37,5,5 3 3 3 2 2 2 2 2 1 1 1 1 1 1 1 1 1 1 1 1 1 1 1 1 1 1 1 1 1 1 1,0.04300588501584427,success,False,False,
pm_css,85,47,10,37,27,8 6 4 3 2 2 2 1 1 1 1 1 1 1 1 1 1 1 1 1 1 1 1 1 1 1 1,0.0710728836577637,success,False,False,
pm_css,697,47,10,37,28,8 4 3 3 3 3 2 2 2 2 1 1 1 1 1 1 1 1 1 1 1 1 1 1 1,0.06654594839293798,success,False,False,
pm_css,201,47,10,37,11,10 9 3 3 3 2 2 2 1 1 1 1 1 1 1 1 1 1 1 1 1,0.10547759167043912,success,False,False,
pm_css,94,47,10,37,1,26 9 2 2 2 2 1 1 1 1,0.3517428700769579,success,False,False,
pm_css,89,47,15,32,28,11 6 5 3 3 3 2 2 2 2 2 1 1 1 1 1 1,0.10638297872340426,success,False,False,
pm_css,773,47,15,32,27,14 7 5 4 2 1 1 1 1 1 1 1 1 1 1 1 1 1 1 1,0.13807152557718425,success,False,False,
pm_css,654,47,15,32,10,7 7 5 3 2 2 2 2 2 1 1 1 1 1 1 1 1 1 1 1 1 1 1 1,0.0755998189225894,success,False,False,
pm_css,438,47,15,32,30,7 7 5 5 4 4 2 2 1 1 1 1 1 1 1 1 1 1 1,0.09008601177003168,success,False,False,
pm_css,433,47,15,32,8,14 5 4 3 3 2 2 2 2 1 1 1 1 1 1 1 1 1 1,0.12720688094160254,success,False,False,
pm_css,858,47,15,32,5,8 4 3 3 3 3 2 2 2 2 2 2 1 1 1 1 1 1 1 1 1 1 1,0.06835672249886826,success,False,False,
pm_css,85,47,15,32,23,10 7 4 4 3 2 2 2 2 1 1 1 1 1 1 1 1 1 1 1,0.09823449524671797,success,False,False,
pm_css,697,47,15,32,24,12 7 4 3 3 3 2 2 1 1 1 1 1 1 1 1 1 1 1,0.11543684925305568,success,False,False,
pm_css,201,47,15,32,9,16 6 4 4 3 3 2 2 1 1 1 1 1 1 1,0.16161158895427796,success,False,False,
pm_css,94,47,15,32,1,24 10 5 2 1 1 1 1 1 1,0.3218650973291082,success,False,False,
pm_css,89,47,20,27,24,15 7 6 4 2 2 2 2 1 1 1 1 1 1 1,0.15799004074241738,success,False,False,
pm_css,773,47,20,27,23,11 9 6 4 3 2 2 1 1 1 1 1 1 1 1 1 1,0.12720688094160254,success,False,False,
pm_css,654,47,20,27,8,14 4 3 3 2 2 2 2 1 1 1 1 1 1 1 1 1 1 1 1 1 1 1,0.11815301041195111,success,False,False,
pm_css,438,47,20,27,25,17 6 6 5 2 2 2 2 1 1 1 1 1,0.1842462652784065,success,False,False,
pm_css,433,47,20,27,7,20 3 3 2 2 2 2 1 1 1 1 1 1 1 1 1 1 1 1 1,0.20235400633770936,success,False,False,
pm_css,858,47,20,27,4,7 6 5 5 3 3 2 2 2 1 1 1 1 1 1 1 1 1 1 1 1,0.08012675418741512,success,False,False,
pm_css,85,47,20,27,19,12 7 6 4 2 2 1 1 1 1 1 1 1 1 1 1 1 1 1 1,0.12086917157084653,success,False,False,
pm_css,697,47,20,27,21,14 7 6 3 2 2 1 1 1 1 1 1 1 1 1 1 1 1 1,0.14078768673607966,success,False,False,
pm_css,201,47,20,27,8,12 4 3 3 3 3 2 2 1 1 1 1 1 1 1 1 1 1 1 1 1 1 1,0.09913988229968311,success,False,False,
pm_css,94,47,20,27,1,26 5 4 3 3 2 2 1 1,0.33725667722951563,success,False,False,
pm_css,89,47,25,22,19,14 6 4 4 3 3 2 2 2 1 1 1 1 1 1 1,0.13626075147125397,success,False,False,
pm_css,773,47,25,22,19,11 9 7 4 3 2 1 1 1 1 1 1 1 1 1 1 1,0.13173381620642824,success,False,False,
pm_css,654,47,25,22,7,12 6 4 3 3 2 2 2 2 2 1 1 1 1 1 1 1 1 1,0.11000452693526483,success,False,False,
pm_css,438,47,25,22,21,16 14 8 3 1 1 1 1 1 1,0.24038026256224537,success,False,False,
pm_css,433,47,25,22,6,12 6 4 4 3 3 2 1 1 1 1 1 1 1 1 1 1 1 1 1,0.11181530104119511,success,False,False,
pm_css,858,47,25,22,3,14 6 4 3 3 2 2 2 2 2 1 1 1 1 1 1 1,0.13263920325939338,success,False,False,
pm_css,85,47,25,22,16,19 5 3 3 3 2 2 2 1 1 1 1 1 1 1 1,0.19601629696695339,success,False,False,
pm_css,697,47,25,22,17,14 5 5 4 3 3 2 2 1 1 1 1 1 1 1 1 1,0.1344499773653237,success,False,False,
pm_css,201,47,25,22,6,7 6 4 4 3 3 2 2 2 2 1 1 1 1 1 1 1 1 1 1 1 1,0.07378904481665913,success,False,False,
pm_css,94,47,25,22,1,22 16 4 1 1 1 1 1,0.34449977365323675,success,False,False,
pm_css,89,47,30,17,15,12 7 5 4 4 4 3 3 2 1 1 1,0.13173381620642824,success,False,False,
pm_css,773,47,30,17,15,11 7 5 5 5 5 2 1 1 1 1 1 1 1,0.12720688094160254,success,False,False,
pm_css,654,47,30,17,5,14 9 6 4 3 3 2 2 1 1 1 1,0.1625169760072431,success,False,False,
pm_css,438,47,30,17,16,14 12 5 5 3 2 1 1 1 1 1 1,0.18515165233137165,success,False,False,
pm_css,433,47,30,17,4,18 4 4 2 2 2 2 2 1 1 1 1 1 1 1 1 1 1 1,0.1751923947487551,success,False,False,
pm_css,858,47,30,17,2,26 6 3 3 3 2 1 1 1 1,0.33816206428248075,success,False,False,
pm_css,85,47,30,17,12,10 8 4 4 3 2 2 1 1 1 1 1 1 1 1 1 1 1 1 1 1,0.10276143051154368,success,False,False,
pm_css,697,47,30,17,13,10 4 3 3 2 2 2 2 2 2 1 1 1 1 1 1 1 1 1 1 1 1 1 1 1,0.07831598008148484,success,False,False,
pm_css,201,47,30,17,5,9 5 5 3 2 2 2 2 1 1 1 1 1 1 1 1 1 1 1 1 1 1 1 1 1,0.07831598008148484,success,False,False,
pm_css,94,47,30,17,0,23 8 5 5 3 2 1,0.2974196468990493,success,False,False,
pm_css,89,47,35,12,11,12 10 8 4 3 3 2 2 1 1 1,0.15980081484834766,success,False,False,
pm_css,773,47,35,12,10,9 7 7 5 5 4 4 3 1 1 1,0.12358533272974197,success,False,False,
pm_css,654,47,35,12,4,12 7 7 3 3 3 3 2 1 1 1 1 1 1 1,0.1308284291534631,success,False,False,
pm_css,438,47,35,12,12,22 9 8 3 2 2 1,0.29289271163422365,success,False,False,
pm_css,433,47,35,12,3,10 7 7 6 4 3 2 2 1 1 1 1 1 1,0.12358533272974197,success,False,False,
pm_css,858,47,35,12,2,22 6 5 3 3 2 1 1 1 1 1 1,0.25939339067451334,success,False,False,
pm_css,85,47,35,12,9,13 7 5 4 3 2 2 2 1 1 1 1 1 1 1 1 1,0.1308284291534631,success,False,False,
pm_css,697,47,35,12,9,16 8 6 2 2 1 1 1 1 1 1 1 1 1 1 1 1 1,0.1706654594839294,success,False,False,
pm_css,201,47,35,12,3,15 5 4 4 3 2 2 2 2 1 1 1 1 1 1 1 1,0.14259846084200997,success,False,False,
pm_css,94,47,35,12,0,22 13 4 3 1 1 1 1 1,0.3091896785875962,success,False,False,
pm_css,89,47,40,7,6,16 8 7 3 3 2 2 1 1 1 1 1 1,0.1815301041195111,success,False,False,
pm_css,773,47,40,7,6,14 12 8 6 2 2 1 1 1,0.20416478044363964,success,False,False,
pm_css,654,47,40,7,2,8 7 5 4 4 3 3 3 2 2 2 1 1 1 1,0.09642372114078769,success,False,False,
pm_css,438,47,40,7,7,20 14 3 2 2 2 1 1 1 1,0.2811226799456768,success,False,False,
pm_css,433,47,40,7,2,17 6 6 4 3 3 2 2 2 1 1,0.18515165233137165,success,False,False,
pm_css,858,47,40,7,1,20 8 5 4 3 3 2 1 1,0.2394748755092802,success,False,False,
pm_css,85,47,40,7,5,10 10 8 6 3 2 2 2 1 1 1 1,0.14712539610683567,success,False,False,
pm_css,697,47,40,7,6,22 10 4 3 2 2 2 1 1,0.2820280669986419,success,False,False,
pm_css,201,47,40,7,2,12 8 7 5 4 3 2 2 1 1 1 1,0.14440923494794025,success,False,False,
pm_css,94,47,40,7,0,27 7 5 4 3 1,0.3752829334540516,success,False,False,
pm_css,89,47,45,2,2,35 12,0.6197374377546401,success,False,False,
pm_css,773,47,45,2,2,22 20 5,0.4114984155726573,success,False,False,
pm_css,654,47,45,2,0,37 10,0.6650067904028972,success,False,False,
pm_css,438,47,45,2,2,20 14 13,0.34631054775916703,success,False,False,
pm_css,433,47,45,2,0,37 10,0.6650067904028972,success,False,False,
pm_css,858,47,45,2,0,39 8,0.7175192394748755,success,False,False,
pm_css,85,47,45,2,2,30 17,0.5382526029877773,success,False,False,
pm_css,697,47,45,2,2,24 23,0.5002263467632413,success,False,False,
pm_css,201,47,45,2,0,28 19,0.5183340878225441,success,False,False,
pm_css,94,47,45,2,0,25 22,0.5020371208691715,success,False,False,
pm_stb,89,3,0,3,,2 1,0.5555555555555556,success,False,False,
pm_stb,773,3,0,3,,3,1.0,success,False,False,
pm_stb,654,3,0,3,,3,1.0,success,False,False,
pm_stb,438,3,0,3,,3,1.0,success,False,False,
pm_stb,433,3,0,3,,3,1.0,success,False,False,
pm_stb,858,3,0,3,,2 1,0.5555555555555556,success,False,False,
pm_stb,85,3,0,3,,3,1.0,success,False,False,
pm_stb,697,3,0,3,,3,1.0,success,False,False,
pm_stb,201,3,0,3,,3,1.0,success,False,False,
pm_stb,94,3,0,3,,3,1.0,success,False,False,
pm_stb,89,3,1,2,,2 1,0.5555555555555556,success,False,False,
pm_stb,773,3,1,2,,2 1,0.5555555555555556,success,False,False,
pm_stb,654,3,1,2,,3,1.0,success,False,False,
pm_stb,438,3,1,2,,2 1,0.5555555555555556,success,False,False,
pm_stb,433,3,1,2,,2 1,0.5555555555555556,success,False,False,
pm_stb,858,3,1,2,,3,1.0,success,False,False,
pm_stb,85,3,1,2,,2 1,0.5555555555555556,success,False,False,
pm_stb,697,3,1,2,,2 1,0.5555555555555556,success,False,False,
pm_stb,201,3,1,2,,2 1,0.5555555555555556,success,False,False,
pm_stb,94,3,1,2,,2 1,0.5555555555555556,success,False,False,
pm_stb,89,3,2,1,,3,1.0,success,False,False,
pm_stb,773,3,2,1,,3,1.0,success,False,False,
pm_stb,654,3,2,1,,2 1,0.5555555555555556,success,False,False,
pm_stb,438,3,2,1,,2 1,0.5555555555555556,success,False,False,
pm_stb,433,3,2,1,,2 1,0.5555555555555556,success,False,False,
pm_stb,858,3,2,1,,3,1.0,success,False,False,
pm_stb,85,3,2,1,,2 1,0.5555555555555556,success,False,False,
pm_stb,697,3,2,1,,2 1,0.5555555555555556,success,False,False,
pm_stb,201,3,2,1,,3,1.0,success,False,False,
pm_stb,94,3,2,1,,2 1,0.5555555555555556,success,False,False,
pm_stb,89,4,0,4,,2 2,0.5,success,False,False,
pm_stb,773,4,0,4,,4,1.0,success,False,False,
pm_stb,654,4,0,4,,4,1.0,success,False,False,
pm_stb,438,4,0,4,,2 2,0.5,success,False,False,
pm_stb,433,4,0,4,,3 1,0.625,success,False,False,
pm_stb,858,4,0,4,,3 1,0.625,success,False,False,
pm_stb,85,4,0,4,,4,1.0,success,False,False,
pm_stb,697,4,0,4,,3 1,0.625,success,False,False,
pm_stb,201,4,0,4,,2 2,0.5,success,False,False,
pm_stb,94,4,0,4,,3 1,0.625,success,False,False,
pm_stb,89,4,1,3,,2 1 1,0.375,success,False,False,
pm_stb,773,4,1,3,,2 2,0.5,success,False,False,
pm_stb,654,4,1,3,,2 2,0.5,success,False,False,
pm_stb,438,4,1,3,,2 2,0.5,success,False,False,
pm_stb,433,4,1,3,,3 1,0.625,success,False,False,
pm_stb,858,4,1,3,,2 1 1,0.375,success,False,False,
pm_stb,85,4,1,3,,4,1.0,success,False,False,
pm_stb,697,4,1,3,,3 1,0.625,success,False,False,
pm_stb,201,4,1,3,,2 1 1,0.375,success,False,False,
pm_stb,94,4,1,3,,4,1.0,success,False,False,
pm_stb,89,4,2,2,,2 1 1,0.375,success,False,False,
pm_stb,773,4,2,2,,2 2,0.5,success,False,False,
pm_stb,654,4,2,2,,2 2,0.5,success,False,False,
pm_stb,438,4,2,2,,2 1 1,0.375,success,False,False,
pm_stb,433,4,2,2,,2 2,0.5,success,False,False,
pm_stb,858,4,2,2,,2 2,0.5,success,False,False,
pm_stb,85,4,2,2,,2 2,0.5,success,False,False,
pm_stb,697,4,2,2,,2 1 1,0.375,success,False,False,
pm_stb,201,4,2,2,,2 2,0.5,success,False,False,
pm_stb,94,4,2,2,,2 2,0.5,success,False,False,
pm_stb,89,4,3,1,,2 2,0.5,success,False,False,
pm_stb,773,4,3,1,,3 1,0.625,success,False,False,
pm_stb,654,4,3,1,,3 1,0.625,success,False,False,
pm_stb,438,4,3,1,,2 2,0.5,success,False,False,
pm_stb,433,4,3,1,,3 1,0.625,success,False,False,
pm_stb,858,4,3,1,,2 2,0.5,success,False,False,
pm_stb,85,4,3,1,,3 1,0.625,success,False,False,
pm_stb,697,4,3,1,,3 1,0.625,success,False,False,
pm_stb,201,4,3,1,,2 2,0.5,success,False,False,
pm_stb,94,4,3,1,,2 2,0.5,success,False,False,
pm_stb,89,5,0,5,,4 1,0.68,success,False,False,
pm_stb,773,5,0,5,,5,1.0,success,False,False,
pm_stb,654,5,0,5,,5,1.0,success,False,False,
pm_stb,438,5,0,5,,4 1,0.68,success,False,False,
pm_stb,433,5,0,5,,4 1,0.68,success,False,False,
pm_stb,858,5,0,5,,4 1,0.68,success,False,False,
pm_stb,85,5,0,5,,3 2,0.52,success,False,False,
pm_stb,697,5,0,5,,3 2,0.52,success,False,False,
pm_stb,201,5,0,5,,3 2,0.52,success,False,False,
pm_stb,94,5,0,5,,4 1,0.68,success,False,False,
pm_stb,89,5,1,4,,2 2 1,0.36,success,False,False,
pm_stb,773,5,1,4,,4 1,0.68,success,False,False,
pm_stb,654,5,1,4,,4 1,0.68,success,False,False,
pm_stb,438,5,1,4,,4 1,0.68,success,False,False,
pm_stb,433,5,1,4,,4 1,0.68,success,False,False,
pm_stb,858,5,1,4,,4 1,0.68,success,False,False,
pm_stb,85,5,1,4,,2 2 1,0.36,success,False,False,
pm_stb,697,5,1,4,,2 2 1,0.36,success,False,False,
pm_stb,201,5,1,4,,4 1,0.68,success,False,False,
pm_stb,94,5,1,4,,2 2 1,0.36,success,False,False,
pm_stb,89,5,2,3,,4 1,0.68,success,False,False,
pm_stb,773,5,2,3,,2 2 1,0.36,success,False,False,
pm_stb,654,5,2,3,,2 2 1,0.36,success,False,False,
pm_stb,438,5,2,3,,2 2 1,0.36,success,False,False,
pm_stb,433,5,2,3,,2 2 1,0.36,success,False,False,
pm_stb,858,5,2,3,,2 2 1,0.36,success,False,False,
pm_stb,85,5,2,3,,2 1 1 1,0.28,success,False,False,
pm_stb,697,5,2,3,,2 2 1,0.36,success,False,False,
pm_stb,201,5,2,3,,2 2 1,0.36,success,False,False,
pm_stb,94,5,2,3,,2 2 1,0.36,success,False,False,
pm_stb,89,5,3,2,,4 1,0.68,success,False,False,
pm_stb,773,5,3,2,,2 2 1,0.36,success,False,False,
pm_stb,654,5,3,2,,2 2 1,0.36,success,False,False,
pm_stb,438,5,3,2,,2 2 1,0.36,success,False,False,
pm_stb,433,5,3,2,,3 2,0.52,success,False,False,
pm_stb,858,5,3,2,,2 2 1,0.36,success,False,False,
pm_stb,85,5,3,2,,2 2 1,0.36,success,False,False,
pm_stb,697,5,3,2,,3 1 1,0.44,success,False,False,
pm_stb,201,5,3,2,,3 2,0.52,success,False,False,
pm_stb,94,5,3,2,,3 2,0.52,success,False,False,
pm_stb,89,5,4,1,,4 1,0.68,success,False,False,
pm_stb,773,5,4,1,,3 2,0.52,success,False,False,
pm_stb,654,5,4,1,,3 2,0.52,success,False,False,
pm_stb,438,5,4,1,,3 2,0.52,success,False,False,
pm_stb,433,5,4,1,,3 2,0.52,success,False,False,
pm_stb,858,5,4,1,,3 2,0.52,success,False,False,
pm_stb,85,5,4,1,,5,1.0,success,False,False,
pm_stb,697,5,4,1,,3 2,0.52,success,False,False,
pm_stb,201,5,4,1,,4 1,0.68,success,False,False,
pm_stb,94,5,4,1,,3 2,0.52,success,False,False,
pm_stb,89,6,0,6,,4 2,0.5555555555555556,success,False,False,
pm_stb,773,6,0,6,,4 1 1,0.5,success,False,False,
pm_stb,654,6,0,6,,3 2 1,0.3888888888888889,success,False,False,
pm_stb,438,6,0,6,,6,1.0,success,False,False,
pm_stb,433,6,0,6,,4 2,0.5555555555555556,success,False,False,
pm_stb,858,6,0,6,,4 2,0.5555555555555556,success,False,False,
pm_stb,85,6,0,6,,4 1 1,0.5,success,False,False,
pm_stb,697,6,0,6,,6,1.0,success,False,False,
pm_stb,201,6,0,6,,3 3,0.5,success,False,False,
pm_stb,94,6,0,6,,4 2,0.5555555555555556,success,False,False,
pm_stb,89,6,1,5,,4 1 1,0.5,success,False,False,
pm_stb,773,6,1,5,,2 2 1 1,0.2777777777777778,success,False,False,
pm_stb,654,6,1,5,,6,1.0,success,False,False,
pm_stb,438,6,1,5,,2 2 2,0.3333333333333333,success,False,False,
pm_stb,433,6,1,5,,4 2,0.5555555555555556,success,False,False,
pm_stb,858,6,1,5,,2 2 1 1,0.2777777777777778,success,False,False,
pm_stb,85,6,1,5,,2 2 2,0.3333333333333333,success,False,False,
pm_stb,697,6,1,5,,4 2,0.5555555555555556,success,False,False,
pm_stb,201,6,1,5,,3 2 1,0.3888888888888889,success,False,False,
pm_stb,94,6,1,5,,3 2 1,0.3888888888888889,success,False,False,
pm_stb,89,6,2,4,,4 1 1,0.5,success,False,False,
pm_stb,773,6,2,4,,3 1 1 1,0.3333333333333333,success,False,False,
pm_stb,654,6,2,4,,4 1 1,0.5,success,False,False,
pm_stb,438,6,2,4,,3 2 1,0.3888888888888889,success,False,False,
pm_stb,433,6,2,4,,2 2 2,0.3333333333333333,success,False,False,
pm_stb,858,6,2,4,,2 2 1 1,0.2777777777777778,success,False,False,
pm_stb,85,6,2,4,,2 2 1 1,0.2777777777777778,success,False,False,
pm_stb,697,6,2,4,,2 2 1 1,0.2777777777777778,success,False,False,
pm_stb,201,6,2,4,,2 2 1 1,0.2777777777777778,success,False,False,
pm_stb,94,6,2,4,,2 2 1 1,0.2777777777777778,success,False,False,
pm_stb,89,6,3,3,,2 2 2,0.3333333333333333,success,False,False,
pm_stb,773,6,3,3,,3 2 1,0.3888888888888889,success,False,False,
pm_stb,654,6,3,3,,3 2 1,0.3888888888888889,success,False,False,
pm_stb,438,6,3,3,,4 2,0.5555555555555556,success,False,False,
pm_stb,433,6,3,3,,2 2 1 1,0.2777777777777778,success,False,False,
pm_stb,858,6,3,3,,3 2 1,0.3888888888888889,success,False,False,
pm_stb,85,6,3,3,,2 2 1 1,0.2777777777777778,success,False,False,
pm_stb,697,6,3,3,,3 3,0.5,success,False,False,
pm_stb,201,6,3,3,,2 2 1 1,0.2777777777777778,success,False,False,
pm_stb,94,6,3,3,,2 2 1 1,0.2777777777777778,success,False,False,
pm_stb,89,6,4,2,,4 1 1,0.5,success,False,False,
pm_stb,773,6,4,2,,4 2,0.5555555555555556,success,False,False,
pm_stb,654,6,4,2,,3 2 1,0.3888888888888889,success,False,False,
pm_stb,438,6,4,2,,2 2 1 1,0.2777777777777778,success,False,False,
pm_stb,433,6,4,2,,2 2 2,0.3333333333333333,success,False,False,
pm_stb,858,6,4,2,,3 2 1,0.3888888888888889,success,False,False,
pm_stb,85,6,4,2,,4 1 1,0.5,success,False,False,
pm_stb,697,6,4,2,,3 2 1,0.3888888888888889,success,False,False,
pm_stb,201,6,4,2,,3 2 1,0.3888888888888889,success,False,False,
pm_stb,94,6,4,2,,2 2 1 1,0.2777777777777778,success,False,False,
pm_stb,89,6,5,1,,3 3,0.5,success,False,False,
pm_stb,773,6,5,1,,4 2,0.5555555555555556,success,False,False,
pm_stb,654,6,5,1,,5 1,0.7222222222222222,success,False,False,
pm_stb,438,6,5,1,,5 1,0.7222222222222222,success,False,False,
pm_stb,433,6,5,1,,6,1.0,success,False,False,
pm_stb,858,6,5,1,,3 3,0.5,success,False,False,
pm_stb,85,6,5,1,,4 2,0.5555555555555556,success,False,False,
pm_stb,697,6,5,1,,4 2,0.5555555555555556,success,False,False,
pm_stb,201,6,5,1,,5 1,0.7222222222222222,success,False,False,
pm_stb,94,6,5,1,,3 3,0.5,success,False,False,
pm_stb,89,7,0,7,,4 2 1,0.42857142857142855,success,False,False,
pm_stb,773,7,0,7,,4 2 1,0.42857142857142855,success,False,False,
pm_stb,654,7,0,7,,3 2 2,0.3469387755102041,success,False,False,
pm_stb,438,7,0,7,,4 2 1,0.42857142857142855,success,False,False,
pm_stb,433,7,0,7,,5 2,0.5918367346938775,success,False,False,
pm_stb,858,7,0,7,,6 1,0.7551020408163265,success,False,False,
pm_stb,85,7,0,7,,5 2,0.5918367346938775,success,False,False,
pm_stb,697,7,0,7,,4 2 1,0.42857142857142855,success,False,False,
pm_stb,201,7,0,7,,4 3,0.5102040816326531,success,False,False,
pm_stb,94,7,0,7,,4 3,0.5102040816326531,success,False,False,
pm_stb,89,7,2,5,,3 2 2,0.3469387755102041,success,False,False,
pm_stb,773,7,2,5,,2 2 1 1 1,0.22448979591836735,success,False,False,
pm_stb,654,7,2,5,,2 2 2 1,0.2653061224489796,success,False,False,
pm_stb,438,7,2,5,,2 1 1 1 1 1,0.1836734693877551,success,False,False,
pm_stb,433,7,2,5,,2 1 1 1 1 1,0.1836734693877551,success,False,False,
pm_stb,858,7,2,5,,4 2 1,0.42857142857142855,success,False,False,
pm_stb,85,7,2,5,,4 2 1,0.42857142857142855,success,False,False,
pm_stb,697,7,2,5,,4 2 1,0.42857142857142855,success,False,False,
pm_stb,201,7,2,5,,2 2 1 1 1,0.22448979591836735,success,False,False,
pm_stb,94,7,2,5,,2 2 2 1,0.2653061224489796,success,False,False,
pm_stb,89,7,4,3,,3 2 2,0.3469387755102041,success,False,False,
pm_stb,773,7,4,3,,2 2 2 1,0.2653061224489796,success,False,False,
pm_stb,654,7,4,3,,4 2 1,0.42857142857142855,success,False,False,
pm_stb,438,7,4,3,,4 2 1,0.42857142857142855,success,False,False,
pm_stb,433,7,4,3,,2 2 1 1 1,0.22448979591836735,success,False,False,
pm_stb,858,7,4,3,,2 2 2 1,0.2653061224489796,success,False,False,
pm_stb,85,7,4,3,,3 2 1 1,0.30612244897959184,success,False,False,
pm_stb,697,7,4,3,,2 1 1 1 1 1,0.1836734693877551,success,False,False,
pm_stb,201,7,4,3,,4 2 1,0.42857142857142855,success,False,False,
pm_stb,94,7,4,3,,2 2 2 1,0.2653061224489796,success,False,False,
pm_stb,89,7,6,1,,6 1,0.7551020408163265,success,False,False,
pm_stb,773,7,6,1,,6 1,0.7551020408163265,success,False,False,
pm_stb,654,7,6,1,,5 2,0.5918367346938775,success,False,False,
pm_stb,438,7,6,1,,4 3,0.5102040816326531,success,False,False,
pm_stb,433,7,6,1,,4 3,0.5102040816326531,success,False,False,
pm_stb,858,7,6,1,,4 3,0.5102040816326531,success,False,False,
pm_stb,85,7,6,1,,5 2,0.5918367346938775,success,False,False,
pm_stb,697,7,6,1,,5 2,0.5918367346938775,success,False,False,
pm_stb,201,7,6,1,,5 2,0.5918367346938775,success,False,False,
pm_stb,94,7,6,1,,7,1.0,success,False,False,
pm_stb,89,8,0,8,,4 2 1 1,0.34375,success,False,False,
pm_stb,773,8,0,8,,5 2 1,0.46875,success,False,False,
pm_stb,654,8,0,8,,2 2 2 1 1,0.21875,success,False,False,
pm_stb,438,8,0,8,,4 2 2,0.375,success,False,False,
pm_stb,433,8,0,8,,4 4,0.5,success,False,False,
pm_stb,858,8,0,8,,4 3 1,0.40625,success,False,False,
pm_stb,85,8,0,8,,4 2 1 1,0.34375,success,False,False,
pm_stb,697,8,0,8,,4 3 1,0.40625,success,False,False,
pm_stb,201,8,0,8,,4 2 2,0.375,success,False,False,
pm_stb,94,8,0,8,,6 2,0.625,success,False,False,
pm_stb,89,8,2,6,,2 2 1 1 1 1,0.1875,success,False,False,
pm_stb,773,8,2,6,,2 2 2 1 1,0.21875,success,False,False,
pm_stb,654,8,2,6,,2 2 1 1 1 1,0.1875,success,False,False,
pm_stb,438,8,2,6,,4 2 1 1,0.34375,success,False,False,
pm_stb,433,8,2,6,,2 2 1 1 1 1,0.1875,success,False,False,
pm_stb,858,8,2,6,,2 2 2 1 1,0.21875,success,False,False,
pm_stb,85,8,2,6,,2 1 1 1 1 1 1,0.15625,success,False,False,
pm_stb,697,8,2,6,,2 2 1 1 1 1,0.1875,success,False,False,
pm_stb,201,8,2,6,,2 2 2 1 1,0.21875,success,False,False,
pm_stb,94,8,2,6,,2 1 1 1 1 1 1,0.15625,success,False,False,
pm_stb,89,8,4,4,,2 2 2 1 1,0.21875,success,False,False,
pm_stb,773,8,4,4,,2 2 2 1 1,0.21875,success,False,False,
pm_stb,654,8,4,4,,1 1 1 1 1 1 1 1,0.125,success,False,False,
pm_stb,438,8,4,4,,2 1 1 1 1 1 1,0.15625,success,False,False,
pm_stb,433,8,4,4,,2 1 1 1 1 1 1,0.15625,success,False,False,
pm_stb,858,8,4,4,,4 2 1 1,0.34375,success,False,False,
pm_stb,85,8,4,4,,3 2 2 1,0.28125,success,False,False,
pm_stb,697,8,4,4,,2 2 1 1 1 1,0.1875,success,False,False,
pm_stb,201,8,4,4,,2 2 1 1 1 1,0.1875,success,False,False,
pm_stb,94,8,4,4,,4 3 1,0.40625,success,False,False,
pm_stb,89,8,6,2,,4 2 1 1,0.34375,success,False,False,
pm_stb,773,8,6,2,,6 2,0.625,success,False,False,
pm_stb,654,8,6,2,,3 2 2 1,0.28125,success,False,False,
pm_stb,438,8,6,2,,4 2 2,0.375,success,False,False,
pm_stb,433,8,6,2,,3 2 2 1,0.28125,success,False,False,
pm_stb,858,8,6,2,,4 2 2,0.375,success,False,False,
pm_stb,85,8,6,2,,3 2 2 1,0.28125,success,False,False,
pm_stb,697,8,6,2,,4 2 1 1,0.34375,success,False,False,
pm_stb,201,8,6,2,,3 2 2 1,0.28125,success,False,False,
pm_stb,94,8,6,2,,5 2 1,0.46875,success,False,False,
pm_stb,89,9,0,9,,6 3,0.5555555555555556,success,False,False,
pm_stb,773,9,0,9,,4 3 2,0.35802469135802467,success,False,False,
pm_stb,654,9,0,9,,4 2 2 1,0.30864197530864196,success,False,False,
pm_stb,438,9,0,9,,4 2 1 1 1,0.2839506172839506,success,False,False,
pm_stb,433,9,0,9,,4 4 1,0.4074074074074074,success,False,False,
pm_stb,858,9,0,9,,4 3 1 1,0.3333333333333333,success,False,False,
pm_stb,85,9,0,9,,2 2 2 2 1,0.20987654320987653,success,False,False,
pm_stb,697,9,0,9,,4 2 2 1,0.30864197530864196,success,False,False,
pm_stb,201,9,0,9,,3 2 2 1 1,0.2345679012345679,success,False,False,
pm_stb,94,9,0,9,,3 3 2 1,0.2839506172839506,success,False,False,
pm_stb,89,9,2,7,,3 2 1 1 1 1,0.20987654320987653,success,False,False,
pm_stb,773,9,2,7,,2 2 1 1 1 1 1,0.16049382716049382,success,False,False,
pm_stb,654,9,2,7,,2 2 2 2 1,0.20987654320987653,success,False,False,
pm_stb,438,9,2,7,,2 1 1 1 1 1 1 1,0.13580246913580246,success,False,False,
pm_stb,433,9,2,7,,2 2 1 1 1 1 1,0.16049382716049382,success,False,False,
pm_stb,858,9,2,7,,2 2 2 2 1,0.20987654320987653,success,False,False,
pm_stb,85,9,2,7,,3 2 1 1 1 1,0.20987654320987653,success,False,False,
pm_stb,697,9,2,7,,2 2 1 1 1 1 1,0.16049382716049382,success,False,False,
pm_stb,201,9,2,7,,2 1 1 1 1 1 1 1,0.13580246913580246,success,False,False,
pm_stb,94,9,2,7,,2 1 1 1 1 1 1 1,0.13580246913580246,success,False,False,
pm_stb,89,9,4,5,,2 1 1 1 1 1 1 1,0.13580246913580246,success,False,False,
pm_stb,773,9,4,5,,2 2 2 1 1 1,0.18518518518518517,success,False,False,
pm_stb,654,9,4,5,,2 2 1 1 1 1 1,0.16049382716049382,success,False,False,
pm_stb,438,9,4,5,,2 2 1 1 1 1 1,0.16049382716049382,success,False,False,
pm_stb,433,9,4,5,,3 2 2 1 1,0.2345679012345679,success,False,False,
pm_stb,858,9,4,5,,2 1 1 1 1 1 1 1,0.13580246913580246,success,False,False,
pm_stb,85,9,4,5,,2 2 2 2 1,0.20987654320987653,success,False,False,
pm_stb,697,9,4,5,,2 1 1 1 1 1 1 1,0.13580246913580246,success,False,False,
pm_stb,201,9,4,5,,4 2 2 1,0.30864197530864196,success,False,False,
pm_stb,94,9,4,5,,3 2 1 1 1 1,0.20987654320987653,success,False,False,
pm_stb,89,9,6,3,,6 2 1,0.5061728395061729,success,False,False,
pm_stb,773,9,6,3,,4 2 1 1 1,0.2839506172839506,success,False,False,
pm_stb,654,9,6,3,,4 3 1 1,0.3333333333333333,success,False,False,
pm_stb,438,9,6,3,,4 2 2 1,0.30864197530864196,success,False,False,
pm_stb,433,9,6,3,,2 2 2 2 1,0.20987654320987653,success,False,False,
pm_stb,858,9,6,3,,2 2 2 2 1,0.20987654320987653,success,False,False,
pm_stb,85,9,6,3,,4 2 2 1,0.30864197530864196,success,False,False,
pm_stb,697,9,6,3,,4 2 1 1 1,0.2839506172839506,success,False,False,
pm_stb,201,9,6,3,,4 3 2,0.35802469135802467,success,False,False,
pm_stb,94,9,6,3,,4 4 1,0.4074074074074074,success,False,False,
pm_stb,89,9,8,1,,6 3,0.5555555555555556,success,False,False,
pm_stb,773,9,8,1,,7 2,0.654320987654321,success,False,False,
pm_stb,654,9,8,1,,8 1,0.8024691358024691,success,False,False,
pm_stb,438,9,8,1,,7 2,0.654320987654321,success,False,False,
pm_stb,433,9,8,1,,7 2,0.654320987654321,success,False,False,
pm_stb,858,9,8,1,,7 2,0.654320987654321,success,False,False,
pm_stb,85,9,8,1,,6 3,0.5555555555555556,success,False,False,
pm_stb,697,9,8,1,,5 4,0.5061728395061729,success,False,False,
pm_stb,201,9,8,1,,5 4,0.5061728395061729,success,False,False,
pm_stb,94,9,8,1,,6 3,0.5555555555555556,success,False,False,
pm_stb,89,10,0,10,,2 2 2 2 1 1,0.18,success,False,False,
pm_stb,773,10,0,10,,4 4 2,0.36,success,False,False,
pm_stb,654,10,0,10,,3 3 2 1 1,0.24,success,False,False,
pm_stb,438,10,0,10,,5 2 2 1,0.34,success,False,False,
pm_stb,433,10,0,10,,4 2 2 2,0.28,success,False,False,
pm_stb,858,10,0,10,,4 4 2,0.36,success,False,False,
pm_stb,85,10,0,10,,3 2 1 1 1 1 1,0.18,success,False,False,
pm_stb,697,10,0,10,,3 3 2 1 1,0.24,success,False,False,
pm_stb,201,10,0,10,,5 2 2 1,0.34,success,False,False,
pm_stb,94,10,0,10,,3 3 2 1 1,0.24,success,False,False,
pm_stb,89,10,2,8,,2 2 2 1 1 1 1,0.16,success,False,False,
pm_stb,773,10,2,8,,2 2 1 1 1 1 1 1,0.14,success,False,False,
pm_stb,654,10,2,8,,2 2 1 1 1 1 1 1,0.14,success,False,False,
pm_stb,438,10,2,8,,2 1 1 1 1 1 1 1 1,0.12,success,False,False,
pm_stb,433,10,2,8,,2 2 2 1 1 1 1,0.16,success,False,False,
pm_stb,858,10,2,8,,2 1 1 1 1 1 1 1 1,0.12,success,False,False,
pm_stb,85,10,2,8,,2 1 1 1 1 1 1 1 1,0.12,success,False,False,
pm_stb,697,10,2,8,,2 2 2 2 1 1,0.18,success,False,False,
pm_stb,201,10,2,8,,1 1 1 1 1 1 1 1 1 1,0.1,success,False,False,
pm_stb,94,10,2,8,,3 2 2 1 1 1,0.2,success,False,False,
pm_stb,89,10,4,6,,2 2 1 1 1 1 1 1,0.14,success,False,False,
pm_stb,773,10,4,6,,2 1 1 1 1 1 1 1 1,0.12,success,False,False,
pm_stb,654,10,4,6,,2 1 1 1 1 1 1 1 1,0.12,success,False,False,
pm_stb,438,10,4,6,,2 2 2 1 1 1 1,0.16,success,False,False,
pm_stb,433,10,4,6,,2 2 1 1 1 1 1 1,0.14,success,False,False,
pm_stb,858,10,4,6,,3 2 2 1 1 1,0.2,success,False,False,
pm_stb,85,10,4,6,,2 2 1 1 1 1 1 1,0.14,success,False,False,
pm_stb,697,10,4,6,,2 2 2 2 1 1,0.18,success,False,False,
pm_stb,201,10,4,6,,2 2 2 1 1 1 1,0.16,success,False,False,
pm_stb,94,10,4,6,,2 2 1 1 1 1 1 1,0.14,success,False,False,
pm_stb,89,10,6,4,,3 2 2 2 1,0.22,success,False,False,
pm_stb,773,10,6,4,,3 2 1 1 1 1 1,0.18,success,False,False,
pm_stb,654,10,6,4,,3 2 2 1 1 1,0.2,success,False,False,
pm_stb,438,10,6,4,,3 2 2 2 1,0.22,success,False,False,
pm_stb,433,10,6,4,,2 2 2 2 1 1,0.18,success,False,False,
pm_stb,858,10,6,4,,3 2 2 2 1,0.22,success,False,False,
pm_stb,85,10,6,4,,2 2 2 2 1 1,0.18,success,False,False,
pm_stb,697,10,6,4,,2 2 2 1 1 1 1,0.16,success,False,False,
pm_stb,201,10,6,4,,2 2 1 1 1 1 1 1,0.14,success,False,False,
pm_stb,94,10,6,4,,3 2 1 1 1 1 1,0.18,success,False,False,
pm_stb,89,10,8,2,,5 4 1,0.42,success,False,False,
pm_stb,773,10,8,2,,3 3 2 2,0.26,success,False,False,
pm_stb,654,10,8,2,,5 3 2,0.38,success,False,False,
pm_stb,438,10,8,2,,8 1 1,0.66,success,False,False,
pm_stb,433,10,8,2,,8 1 1,0.66,success,False,False,
pm_stb,858,10,8,2,,4 2 2 2,0.28,success,False,False,
pm_stb,85,10,8,2,,8 1 1,0.66,success,False,False,
pm_stb,697,10,8,2,,4 2 2 2,0.28,success,False,False,
pm_stb,201,10,8,2,,4 3 2 1,0.3,success,False,False,
pm_stb,94,10,8,2,,4 3 2 1,0.3,success,False,False,
pm_stb,89,11,0,11,,4 2 1 1 1 1 1,0.2066115702479339,success,False,False,
pm_stb,773,11,0,11,,5 2 2 1 1,0.2892561983471074,success,False,False,
pm_stb,654,11,0,11,,6 5,0.5041322314049587,success,False,False,
pm_stb,438,11,0,11,,4 3 2 1 1,0.256198347107438,success,False,False,
pm_stb,433,11,0,11,,3 2 2 2 1 1,0.19008264462809918,success,False,False,
pm_stb,858,11,0,11,,6 2 1 1 1,0.35537190082644626,success,False,False,
pm_stb,85,11,0,11,,2 2 2 2 1 1 1,0.15702479338842976,success,False,False,
pm_stb,697,11,0,11,,3 2 2 1 1 1 1,0.17355371900826447,success,False,False,
pm_stb,201,11,0,11,,4 2 2 2 1,0.2396694214876033,success,False,False,
pm_stb,94,11,0,11,,3 2 2 2 2,0.2066115702479339,success,False,False,
pm_stb,89,11,2,9,,2 2 2 1 1 1 1 1,0.14049586776859505,success,False,False,
pm_stb,773,11,2,9,,2 2 2 2 1 1 1,0.15702479338842976,success,False,False,
pm_stb,654,11,2,9,,2 2 2 1 1 1 1 1,0.14049586776859505,success,False,False,
pm_stb,438,11,2,9,,2 1 1 1 1 1 1 1 1 1,0.10743801652892562,success,False,False,
pm_stb,433,11,2,9,,2 2 2 2 1 1 1,0.15702479338842976,success,False,False,
pm_stb,858,11,2,9,,2 1 1 1 1 1 1 1 1 1,0.10743801652892562,success,False,False,
pm_stb,85,11,2,9,,2 1 1 1 1 1 1 1 1 1,0.10743801652892562,success,False,False,
pm_stb,697,11,2,9,,2 2 2 2 1 1 1,0.15702479338842976,success,False,False,
pm_stb,201,11,2,9,,2 1 1 1 1 1 1 1 1 1,0.10743801652892562,success,False,False,
pm_stb,94,11,2,9,,2 2 1 1 1 1 1 1 1,0.12396694214876033,success,False,False,
pm_stb,89,11,4,7,,1 1 1 1 1 1 1 1 1 1 1,0.09090909090909091,success,False,False,
pm_stb,773,11,4,7,,2 2 1 1 1 1 1 1 1,0.12396694214876033,success,False,False,
pm_stb,654,11,4,7,,3 3 1 1 1 1 1,0.19008264462809918,success,False,False,
pm_stb,438,11,4,7,,2 2 1 1 1 1 1 1 1,0.12396694214876033,success,False,False,
pm_stb,433,11,4,7,,1 1 1 1 1 1 1 1 1 1 1,0.09090909090909091,success,False,False,
pm_stb,858,11,4,7,,3 2 2 2 1 1,0.19008264462809918,success,False,False,
pm_stb,85,11,4,7,,2 2 2 1 1 1 1 1,0.14049586776859505,success,False,False,
pm_stb,697,11,4,7,,1 1 1 1 1 1 1 1 1 1 1,0.09090909090909091,success,False,False,
pm_stb,201,11,4,7,,2 2 1 1 1 1 1 1 1,0.12396694214876033,success,False,False,
pm_stb,94,11,4,7,,2 2 1 1 1 1 1 1 1,0.12396694214876033,success,False,False,
pm_stb,89,11,6,5,,3 2 1 1 1 1 1 1,0.15702479338842976,success,False,False,
pm_stb,773,11,6,5,,2 2 1 1 1 1 1 1 1,0.12396694214876033,success,False,False,
pm_stb,654,11,6,5,,4 2 2 1 1 1,0.2231404958677686,success,False,False,
pm_stb,438,11,6,5,,2 1 1 1 1 1 1 1 1 1,0.10743801652892562,success,False,False,
pm_stb,433,11,6,5,,2 2 2 2 1 1 1,0.15702479338842976,success,False,False,
pm_stb,858,11,6,5,,2 2 1 1 1 1 1 1 1,0.12396694214876033,success,False,False,
pm_stb,85,11,6,5,,2 2 2 2 1 1 1,0.15702479338842976,success,False,False,
pm_stb,697,11,6,5,,2 1 1 1 1 1 1 1 1 1,0.10743801652892562,success,False,False,
pm_stb,201,11,6,5,,4 2 2 2 1,0.2396694214876033,success,False,False,
pm_stb,94,11,6,5,,4 4 2 1,0.30578512396694213,success,False,False,
pm_stb,89,11,8,3,,3 3 2 2 1,0.2231404958677686,success,False,False,
pm_stb,773,11,8,3,,5 2 2 1 1,0.2892561983471074,success,False,False,
pm_stb,654,11,8,3,,4 3 2 1 1,0.256198347107438,success,False,False,
pm_stb,438,11,8,3,,5 2 2 1 1,0.2892561983471074,success,False,False,
pm_stb,433,11,8,3,,3 2 1 1 1 1 1 1,0.15702479338842976,success,False,False,
pm_stb,858,11,8,3,,4 2 2 2 1,0.2396694214876033,success,False,False,
pm_stb,85,11,8,3,,5 2 2 1 1,0.2892561983471074,success,False,False,
pm_stb,697,11,8,3,,6 4 1,0.4380165289256198,success,False,False,
pm_stb,201,11,8,3,,3 3 1 1 1 1 1,0.19008264462809918,success,False,False,
pm_stb,94,11,8,3,,3 3 2 1 1 1,0.2066115702479339,success,False,False,
pm_stb,89,11,10,1,,7 4,0.5371900826446281,success,False,False,
pm_stb,773,11,10,1,,6 5,0.5041322314049587,success,False,False,
pm_stb,654,11,10,1,,6 5,0.5041322314049587,success,False,False,
pm_stb,438,11,10,1,,7 4,0.5371900826446281,success,False,False,
pm_stb,433,11,10,1,,6 5,0.5041322314049587,success,False,False,
pm_stb,858,11,10,1,,10 1,0.8347107438016529,success,False,False,
pm_stb,85,11,10,1,,6 5,0.5041322314049587,success,False,False,
pm_stb,697,11,10,1,,8 3,0.6033057851239669,success,False,False,
pm_stb,201,11,10,1,,6 5,0.5041322314049587,success,False,False,
pm_stb,94,11,10,1,,6 5,0.5041322314049587,success,False,False,
pm_stb,89,12,0,12,,3 2 2 1 1 1 1 1,0.1527777777777778,success,False,False,
pm_stb,773,12,0,12,,2 2 2 2 2 1 1,0.1527777777777778,success,False,False,
pm_stb,654,12,0,12,,4 2 1 1 1 1 1 1,0.18055555555555555,success,False,False,
pm_stb,438,12,0,12,,4 3 3 2,0.2638888888888889,success,False,False,
pm_stb,433,12,0,12,,2 2 2 1 1 1 1 1 1,0.125,success,False,False,
pm_stb,858,12,0,12,,4 2 1 1 1 1 1 1,0.18055555555555555,success,False,False,
pm_stb,85,12,0,12,,4 3 3 2,0.2638888888888889,success,False,False,
pm_stb,697,12,0,12,,2 2 2 2 1 1 1 1,0.1388888888888889,success,False,False,
pm_stb,201,12,0,12,,4 2 2 1 1 1 1,0.19444444444444445,success,False,False,
pm_stb,94,12,0,12,,4 2 2 1 1 1 1,0.19444444444444445,success,False,False,
pm_stb,89,12,2,10,,1 1 1 1 1 1 1 1 1 1 1 1,0.08333333333333333,success,False,False,
pm_stb,773,12,2,10,,1 1 1 1 1 1 1 1 1 1 1 1,0.08333333333333333,success,False,False,
pm_stb,654,12,2,10,,2 2 2 1 1 1 1 1 1,0.125,success,False,False,
pm_stb,438,12,2,10,,2 2 2 2 1 1 1 1,0.1388888888888889,success,False,False,
pm_stb,433,12,2,10,,2 1 1 1 1 1 1 1 1 1 1,0.09722222222222222,success,False,False,
pm_stb,858,12,2,10,,2 2 1 1 1 1 1 1 1 1,0.1111111111111111,success,False,False,
pm_stb,85,12,2,10,,2 1 1 1 1 1 1 1 1 1 1,0.09722222222222222,success,False,False,
pm_stb,697,12,2,10,,2 2 2 1 1 1 1 1 1,0.125,success,False,False,
pm_stb,201,12,2,10,,2 2 2 1 1 1 1 1 1,0.125,success,False,False,
pm_stb,94,12,2,10,,4 3 2 1 1 1,0.2222222222222222,success,False,False,
pm_stb,89,12,4,8,,1 1 1 1 1 1 1 1 1 1 1 1,0.08333333333333333,success,False,False,
pm_stb,773,12,4,8,,2 2 2 1 1 1 1 1 1,0.125,success,False,False,
pm_stb,654,12,4,8,,3 2 2 1 1 1 1 1,0.1527777777777778,success,False,False,
pm_stb,438,12,4,8,,1 1 1 1 1 1 1 1 1 1 1 1,0.08333333333333333,success,False,False,
pm_stb,433,12,4,8,,1 1 1 1 1 1 1 1 1 1 1 1,0.08333333333333333,success,False,False,
pm_stb,858,12,4,8,,2 2 1 1 1 1 1 1 1 1,0.1111111111111111,success,False,False,
pm_stb,85,12,4,8,,2 1 1 1 1 1 1 1 1 1 1,0.09722222222222222,success,False,False,
pm_stb,697,12,4,8,,2 1 1 1 1 1 1 1 1 1 1,0.09722222222222222,success,False,False,
pm_stb,201,12,4,8,,1 1 1 1 1 1 1 1 1 1 1 1,0.08333333333333333,success,False,False,
pm_stb,94,12,4,8,,1 1 1 1 1 1 1 1 1 1 1 1,0.08333333333333333,success,False,False,
pm_stb,89,12,6,6,,3 2 2 1 1 1 1 1,0.1527777777777778,success,False,False,
pm_stb,773,12,6,6,,3 2 2 2 1 1 1,0.16666666666666666,success,False,False,
pm_stb,654,12,6,6,,2 2 2 1 1 1 1 1 1,0.125,success,False,False,
pm_stb,438,12,6,6,,2 2 2 1 1 1 1 1 1,0.125,success,False,False,
pm_stb,433,12,6,6,,2 1 1 1 1 1 1 1 1 1 1,0.09722222222222222,success,False,False,
pm_stb,858,12,6,6,,2 1 1 1 1 1 1 1 1 1 1,0.09722222222222222,success,False,False,
pm_stb,85,12,6,6,,2 1 1 1 1 1 1 1 1 1 1,0.09722222222222222,success,False,False,
pm_stb,697,12,6,6,,2 2 1 1 1 1 1 1 1 1,0.1111111111111111,success,False,False,
pm_stb,201,12,6,6,,2 1 1 1 1 1 1 1 1 1 1,0.09722222222222222,success,False,False,
pm_stb,94,12,6,6,,2 2 1 1 1 1 1 1 1 1,0.1111111111111111,success,False,False,
pm_stb,89,12,8,4,,3 2 2 2 2 1,0.18055555555555555,success,False,False,
pm_stb,773,12,8,4,,3 2 2 2 1 1 1,0.16666666666666666,success,False,False,
pm_stb,654,12,8,4,,4 3 2 1 1 1,0.2222222222222222,success,False,False,
pm_stb,438,12,8,4,,2 2 2 1 1 1 1 1 1,0.125,success,False,False,
pm_stb,433,12,8,4,,4 2 2 2 1 1,0.20833333333333334,success,False,False,
pm_stb,858,12,8,4,,4 3 2 1 1 1,0.2222222222222222,success,False,False,
pm_stb,85,12,8,4,,3 3 2 1 1 1 1,0.18055555555555555,success,False,False,
pm_stb,697,12,8,4,,2 2 2 2 2 1 1,0.1527777777777778,success,False,False,
pm_stb,201,12,8,4,,3 2 2 1 1 1 1 1,0.1527777777777778,success,False,False,
pm_stb,94,12,8,4,,2 2 2 2 2 1 1,0.1527777777777778,success,False,False,
pm_stb,89,12,10,2,,5 3 2 2,0.2916666666666667,success,False,False,
pm_stb,773,12,10,2,,6 3 2 1,0.3472222222222222,success,False,False,
pm_stb,654,12,10,2,,5 4 2 1,0.3194444444444444,success,False,False,
pm_stb,438,12,10,2,,8 2 1 1,0.4861111111111111,success,False,False,
pm_stb,433,12,10,2,,5 3 2 2,0.2916666666666667,success,False,False,
pm_stb,858,12,10,2,,6 4 2,0.3888888888888889,success,False,False,
pm_stb,85,12,10,2,,4 4 3 1,0.2916666666666667,success,False,False,
pm_stb,697,12,10,2,,4 4 2 2,0.2777777777777778,success,False,False,
pm_stb,201,12,10,2,,4 4 2 2,0.2777777777777778,success,False,False,
pm_stb,94,12,10,2,,5 3 2 2,0.2916666666666667,success,False,False,
pm_stb,89,13,0,13,,4 4 3 2,0.26627218934911245,success,False,False,
pm_stb,773,13,0,13,,4 4 3 2,0.26627218934911245,success,False,False,
pm_stb,654,13,0,13,,2 2 2 1 1 1 1 1 1 1,0.11242603550295859,success,False,False,
pm_stb,438,13,0,13,,2 2 1 1 1 1 1 1 1 1 1,0.10059171597633136,success,False,False,
pm_stb,433,13,0,13,,4 2 2 2 1 1 1,0.1834319526627219,success,False,False,
pm_stb,858,13,0,13,,3 2 2 1 1 1 1 1 1,0.13609467455621302,success,False,False,
pm_stb,85,13,0,13,,4 3 2 2 1 1,0.20710059171597633,success,False,False,
pm_stb,697,13,0,13,,3 2 2 1 1 1 1 1 1,0.13609467455621302,success,False,False,
pm_stb,201,13,0,13,,2 2 2 1 1 1 1 1 1 1,0.11242603550295859,success,False,False,
pm_stb,94,13,0,13,,4 4 2 1 1 1,0.23076923076923078,success,False,False,
pm_stb,89,13,2,11,,2 2 1 1 1 1 1 1 1 1 1,0.10059171597633136,success,False,False,
pm_stb,773,13,2,11,,1 1 1 1 1 1 1 1 1 1 1 1 1,0.07692307692307693,success,False,False,
pm_stb,654,13,2,11,,2 2 2 2 2 1 1 1,0.13609467455621302,success,False,False,
pm_stb,438,13,2,11,,2 2 1 1 1 1 1 1 1 1 1,0.10059171597633136,success,False,False,
pm_stb,433,13,2,11,,2 1 1 1 1 1 1 1 1 1 1 1,0.08875739644970414,success,False,False,
pm_stb,858,13,2,11,,2 2 2 2 1 1 1 1 1,0.1242603550295858,success,False,False,
pm_stb,85,13,2,11,,2 2 2 1 1 1 1 1 1 1,0.11242603550295859,success,False,False,
pm_stb,697,13,2,11,,1 1 1 1 1 1 1 1 1 1 1 1 1,0.07692307692307693,success,False,False,
pm_stb,201,13,2,11,,2 1 1 1 1 1 1 1 1 1 1 1,0.08875739644970414,success,False,False,
pm_stb,94,13,2,11,,3 1 1 1 1 1 1 1 1 1 1,0.11242603550295859,success,False,False,
pm_stb,89,13,4,9,,2 2 2 1 1 1 1 1 1 1,0.11242603550295859,success,False,False,
pm_stb,773,13,4,9,,2 1 1 1 1 1 1 1 1 1 1 1,0.08875739644970414,success,False,False,
pm_stb,654,13,4,9,,2 2 1 1 1 1 1 1 1 1 1,0.10059171597633136,success,False,False,
pm_stb,438,13,4,9,,2 2 2 1 1 1 1 1 1 1,0.11242603550295859,success,False,False,
pm_stb,433,13,4,9,,2 2 1 1 1 1 1 1 1 1 1,0.10059171597633136,success,False,False,
pm_stb,858,13,4,9,,4 2 2 1 1 1 1 1,0.17159763313609466,success,False,False,
pm_stb,85,13,4,9,,2 1 1 1 1 1 1 1 1 1 1 1,0.08875739644970414,success,False,False,
pm_stb,697,13,4,9,,2 2 2 1 1 1 1 1 1 1,0.11242603550295859,success,False,False,
pm_stb,201,13,4,9,,2 2 2 2 1 1 1 1 1,0.1242603550295858,success,False,False,
pm_stb,94,13,4,9,,2 2 1 1 1 1 1 1 1 1 1,0.10059171597633136,success,False,False,
pm_stb,89,13,6,7,,2 2 2 2 1 1 1 1 1,0.1242603550295858,success,False,False,
pm_stb,773,13,6,7,,2 2 1 1 1 1 1 1 1 1 1,0.10059171597633136,success,False,False,
pm_stb,654,13,6,7,,1 1 1 1 1 1 1 1 1 1 1 1 1,0.07692307692307693,success,False,False,
pm_stb,438,13,6,7,,2 2 1 1 1 1 1 1 1 1 1,0.10059171597633136,success,False,False,
pm_stb,433,13,6,7,,2 2 1 1 1 1 1 1 1 1 1,0.10059171597633136,success,False,False,
pm_stb,858,13,6,7,,2 2 2 1 1 1 1 1 1 1,0.11242603550295859,success,False,False,
pm_stb,85,13,6,7,,1 1 1 1 1 1 1 1 1 1 1 1 1,0.07692307692307693,success,False,False,
pm_stb,697,13,6,7,,2 1 1 1 1 1 1 1 1 1 1 1,0.08875739644970414,success,False,False,
pm_stb,201,13,6,7,,2 2 2 1 1 1 1 1 1 1,0.11242603550295859,success,False,False,
pm_stb,94,13,6,7,,2 2 2 2 1 1 1 1 1,0.1242603550295858,success,False,False,
pm_stb,89,13,8,5,,2 2 2 2 1 1 1 1 1,0.1242603550295858,success,False,False,
pm_stb,773,13,8,5,,2 2 1 1 1 1 1 1 1 1 1,0.10059171597633136,success,False,False,
pm_stb,654,13,8,5,,3 2 1 1 1 1 1 1 1 1,0.1242603550295858,success,False,False,
pm_stb,438,13,8,5,,4 4 2 2 1,0.24260355029585798,success,False,False,
pm_stb,433,13,8,5,,2 2 1 1 1 1 1 1 1 1 1,0.10059171597633136,success,False,False,
pm_stb,858,13,8,5,,2 2 1 1 1 1 1 1 1 1 1,0.10059171597633136,success,False,False,
pm_stb,85,13,8,5,,2 2 1 1 1 1 1 1 1 1 1,0.10059171597633136,success,False,False,
pm_stb,697,13,8,5,,3 2 2 1 1 1 1 1 1,0.13609467455621302,success,False,False,
pm_stb,201,13,8,5,,3 2 2 2 2 1 1,0.15976331360946747,success,False,False,
pm_stb,94,13,8,5,,2 1 1 1 1 1 1 1 1 1 1 1,0.08875739644970414,success,False,False,
pm_stb,89,13,10,3,,4 2 2 2 2 1,0.1952662721893491,success,False,False,
pm_stb,773,13,10,3,,8 2 2 1,0.4319526627218935,success,False,False,
pm_stb,654,13,10,3,,4 4 3 2,0.26627218934911245,success,False,False,
pm_stb,438,13,10,3,,5 3 2 2 1,0.25443786982248523,success,False,False,
pm_stb,433,13,10,3,,3 3 2 2 1 1 1,0.17159763313609466,success,False,False,
pm_stb,858,13,10,3,,6 2 2 2 1,0.28994082840236685,success,False,False,
pm_stb,85,13,10,3,,6 3 2 2,0.3136094674556213,success,False,False,
pm_stb,697,13,10,3,,3 3 2 2 1 1 1,0.17159763313609466,success,False,False,
pm_stb,201,13,10,3,,4 2 2 2 1 1 1,0.1834319526627219,success,False,False,
pm_stb,94,13,10,3,,4 3 3 2 1,0.23076923076923078,success,False,False,
pm_stb,89,13,12,1,,7 6,0.5029585798816568,success,False,False,
pm_stb,773,13,12,1,,8 5,0.5266272189349113,success,False,False,
pm_stb,654,13,12,1,,7 6,0.5029585798816568,success,False,False,
pm_stb,438,13,12,1,,8 5,0.5266272189349113,success,False,False,
pm_stb,433,13,12,1,,7 6,0.5029585798816568,success,False,False,
pm_stb,858,13,12,1,,7 6,0.5029585798816568,success,False,False,
pm_stb,85,13,12,1,,9 4,0.5739644970414202,success,False,False,
pm_stb,697,13,12,1,,9 4,0.5739644970414202,success,False,False,
pm_stb,201,13,12,1,,7 6,0.5029585798816568,success,False,False,
pm_stb,94,13,12,1,,7 6,0.5029585798816568,success,False,False,
pm_stb,89,14,0,14,,2 2 2 1 1 1 1 1 1 1 1,0.10204081632653061,success,False,False,
pm_stb,773,14,0,14,,2 1 1 1 1 1 1 1 1 1 1 1 1,0.08163265306122448,success,False,False,
pm_stb,654,14,0,14,,4 2 2 2 2 1 1,0.17346938775510204,success,False,False,
pm_stb,438,14,0,14,,2 2 1 1 1 1 1 1 1 1 1 1,0.09183673469387756,success,False,False,
pm_stb,433,14,0,14,,2 2 2 2 1 1 1 1 1 1,0.11224489795918367,success,False,False,
pm_stb,858,14,0,14,,3 2 2 2 1 1 1 1 1,0.1326530612244898,success,False,False,
pm_stb,85,14,0,14,,2 2 2 1 1 1 1 1 1 1 1,0.10204081632653061,success,False,False,
pm_stb,697,14,0,14,,3 2 2 2 2 1 1 1,0.14285714285714285,success,False,False,
pm_stb,201,14,0,14,,2 2 2 2 1 1 1 1 1 1,0.11224489795918367,success,False,False,
pm_stb,94,14,0,14,,2 2 1 1 1 1 1 1 1 1 1 1,0.09183673469387756,success,False,False,
pm_stb,89,14,2,12,,2 2 2 2 2 1 1 1 1,0.12244897959183673,success,False,False,
pm_stb,773,14,2,12,,3 2 2 2 1 1 1 1 1,0.1326530612244898,success,False,False,
pm_stb,654,14,2,12,,3 2 1 1 1 1 1 1 1 1 1,0.11224489795918367,success,False,False,
pm_stb,438,14,2,12,,2 2 2 1 1 1 1 1 1 1 1,0.10204081632653061,success,False,False,
pm_stb,433,14,2,12,,2 1 1 1 1 1 1 1 1 1 1 1 1,0.08163265306122448,success,False,False,
pm_stb,858,14,2,12,,2 2 1 1 1 1 1 1 1 1 1 1,0.09183673469387756,success,False,False,
pm_stb,85,14,2,12,,3 2 2 1 1 1 1 1 1 1,0.12244897959183673,success,False,False,
pm_stb,697,14,2,12,,2 2 2 1 1 1 1 1 1 1 1,0.10204081632653061,success,False,False,
pm_stb,201,14,2,12,,2 1 1 1 1 1 1 1 1 1 1 1 1,0.08163265306122448,success,False,False,
pm_stb,94,14,2,12,,2 1 1 1 1 1 1 1 1 1 1 1 1,0.08163265306122448,success,False,False,
pm_stb,89,14,4,10,,2 2 1 1 1 1 1 1 1 1 1 1,0.09183673469387756,success,False,False,
pm_stb,773,14,4,10,,2 1 1 1 1 1 1 1 1 1 1 1 1,0.08163265306122448,success,False,False,
pm_stb,654,14,4,10,,2 2 2 1 1 1 1 1 1 1 1,0.10204081632653061,success,False,False,
pm_stb,438,14,4,10,,2 2 1 1 1 1 1 1 1 1 1 1,0.09183673469387756,success,False,False,
pm_stb,433,14,4,10,,2 1 1 1 1 1 1 1 1 1 1 1 1,0.08163265306122448,success,False,False,
pm_stb,858,14,4,10,,1 1 1 1 1 1 1 1 1 1 1 1 1 1,0.07142857142857142,success,False,False,
pm_stb,85,14,4,10,,3 2 2 1 1 1 1 1 1 1,0.12244897959183673,success,False,False,
pm_stb,697,14,4,10,,2 1 1 1 1 1 1 1 1 1 1 1 1,0.08163265306122448,success,False,False,
pm_stb,201,14,4,10,,1 1 1 1 1 1 1 1 1 1 1 1 1 1,0.07142857142857142,success,False,False,
pm_stb,94,14,4,10,,2 1 1 1 1 1 1 1 1 1 1 1 1,0.08163265306122448,success,False,False,
pm_stb,89,14,6,8,,1 1 1 1 1 1 1 1 1 1 1 1 1 1,0.07142857142857142,success,False,False,
pm_stb,773,14,6,8,,2 1 1 1 1 1 1 1 1 1 1 1 1,0.08163265306122448,success,False,False,
pm_stb,654,14,6,8,,3 2 2 2 1 1 1 1 1,0.1326530612244898,success,False,False,
pm_stb,438,14,6,8,,1 1 1 1 1 1 1 1 1 1 1 1 1 1,0.07142857142857142,success,False,False,
pm_stb,433,14,6,8,,2 1 1 1 1 1 1 1 1 1 1 1 1,0.08163265306122448,success,False,False,
pm_stb,858,14,6,8,,2 2 1 1 1 1 1 1 1 1 1 1,0.09183673469387756,success,False,False,
pm_stb,85,14,6,8,,2 1 1 1 1 1 1 1 1 1 1 1 1,0.08163265306122448,success,False,False,
pm_stb,697,14,6,8,,2 1 1 1 1 1 1 1 1 1 1 1 1,0.08163265306122448,success,False,False,
pm_stb,201,14,6,8,,2 1 1 1 1 1 1 1 1 1 1 1 1,0.08163265306122448,success,False,False,
pm_stb,94,14,6,8,,2 2 2 1 1 1 1 1 1 1 1,0.10204081632653061,success,False,False,
pm_stb,89,14,8,6,,2 2 2 2 1 1 1 1 1 1,0.11224489795918367,success,False,False,
pm_stb,773,14,8,6,,4 2 2 2 2 1 1,0.17346938775510204,success,False,False,
pm_stb,654,14,8,6,,3 2 2 1 1 1 1 1 1 1,0.12244897959183673,success,False,False,
pm_stb,438,14,8,6,,4 3 2 2 1 1 1,0.1836734693877551,success,False,False,
pm_stb,433,14,8,6,,3 2 2 2 2 1 1 1,0.14285714285714285,success,False,False,
pm_stb,858,14,8,6,,3 2 1 1 1 1 1 1 1 1 1,0.11224489795918367,success,False,False,
pm_stb,85,14,8,6,,1 1 1 1 1 1 1 1 1 1 1 1 1 1,0.07142857142857142,success,False,False,
pm_stb,697,14,8,6,,2 1 1 1 1 1 1 1 1 1 1 1 1,0.08163265306122448,success,False,False,
pm_stb,201,14,8,6,,2 2 1 1 1 1 1 1 1 1 1 1,0.09183673469387756,success,False,False,
pm_stb,94,14,8,6,,2 2 2 1 1 1 1 1 1 1 1,0.10204081632653061,success,False,False,
pm_stb,89,14,10,4,,5 3 2 2 1 1,0.22448979591836735,success,False,False,
pm_stb,773,14,10,4,,4 3 3 2 1 1,0.20408163265306123,success,False,False,
pm_stb,654,14,10,4,,3 3 2 2 1 1 1 1,0.15306122448979592,success,False,False,
pm_stb,438,14,10,4,,3 3 2 2 1 1 1 1,0.15306122448979592,success,False,False,
pm_stb,433,14,10,4,,4 2 2 2 2 1 1,0.17346938775510204,success,False,False,
pm_stb,858,14,10,4,,4 2 2 1 1 1 1 1 1,0.15306122448979592,success,False,False,
pm_stb,85,14,10,4,,4 2 2 2 1 1 1 1,0.16326530612244897,success,False,False,
pm_stb,697,14,10,4,,3 2 2 1 1 1 1 1 1 1,0.12244897959183673,success,False,False,
pm_stb,201,14,10,4,,2 2 2 2 2 1 1 1 1,0.12244897959183673,success,False,False,
pm_stb,94,14,10,4,,6 3 2 1 1 1,0.2653061224489796,success,False,False,
pm_stb,89,14,12,2,,5 4 2 2 1,0.25510204081632654,success,False,False,
pm_stb,773,14,12,2,,5 4 3 2,0.2755102040816326,success,False,False,
pm_stb,654,14,12,2,,6 4 2 2,0.30612244897959184,success,False,False,
pm_stb,438,14,12,2,,5 4 4 1,0.29591836734693877,success,False,False,
pm_stb,433,14,12,2,,9 3 2,0.47959183673469385,success,False,False,
pm_stb,858,14,12,2,,6 4 2 2,0.30612244897959184,success,False,False,
pm_stb,85,14,12,2,,8 4 2,0.42857142857142855,success,False,False,
pm_stb,697,14,12,2,,6 3 2 2 1,0.2755102040816326,success,False,False,
pm_stb,201,14,12,2,,5 4 4 1,0.29591836734693877,success,False,False,
pm_stb,94,14,12,2,,6 3 2 2 1,0.2755102040816326,success,False,False,
pm_stb,89,15,0,15,,3 2 1 1 1 1 1 1 1 1 1 1,0.10222222222222223,success,False,False,
pm_stb,773,15,0,15,,3 2 2 2 2 1 1 1 1,0.1288888888888889,success,False,False,
pm_stb,654,15,0,15,,3 2 2 2 1 1 1 1 1 1,0.12,success,False,False,
pm_stb,438,15,0,15,,3 1 1 1 1 1 1 1 1 1 1 1 1,0.09333333333333334,success,False,False,
pm_stb,433,15,0,15,,2 2 1 1 1 1 1 1 1 1 1 1 1,0.08444444444444445,success,False,False,
pm_stb,858,15,0,15,,6 4 3 2,0.28888888888888886,success,False,False,
pm_stb,85,15,0,15,,2 2 2 2 2 2 1 1 1,0.12,success,False,False,
pm_stb,697,15,0,15,,2 2 2 1 1 1 1 1 1 1 1 1,0.09333333333333334,success,False,False,
pm_stb,201,15,0,15,,2 2 2 1 1 1 1 1 1 1 1 1,0.09333333333333334,success,False,False,
pm_stb,94,15,0,15,,2 2 1 1 1 1 1 1 1 1 1 1 1,0.08444444444444445,success,False,False,
pm_stb,89,15,4,11,,2 2 1 1 1 1 1 1 1 1 1 1 1,0.08444444444444445,success,False,False,
pm_stb,773,15,4,11,,2 1 1 1 1 1 1 1 1 1 1 1 1 1,0.07555555555555556,success,False,False,
pm_stb,654,15,4,11,,2 1 1 1 1 1 1 1 1 1 1 1 1 1,0.07555555555555556,success,False,False,
pm_stb,438,15,4,11,,2 1 1 1 1 1 1 1 1 1 1 1 1 1,0.07555555555555556,success,False,False,
pm_stb,433,15,4,11,,2 1 1 1 1 1 1 1 1 1 1 1 1 1,0.07555555555555556,success,False,False,
pm_stb,858,15,4,11,,2 2 1 1 1 1 1 1 1 1 1 1 1,0.08444444444444445,success,False,False,
pm_stb,85,15,4,11,,2 2 1 1 1 1 1 1 1 1 1 1 1,0.08444444444444445,success,False,False,
pm_stb,697,15,4,11,,2 2 2 1 1 1 1 1 1 1 1 1,0.09333333333333334,success,False,False,
pm_stb,201,15,4,11,,1 1 1 1 1 1 1 1 1 1 1 1 1 1 1,0.06666666666666667,success,False,False,
pm_stb,94,15,4,11,,2 2 2 1 1 1 1 1 1 1 1 1,0.09333333333333334,success,False,False,
pm_stb,89,15,8,7,,2 2 2 1 1 1 1 1 1 1 1 1,0.09333333333333334,success,False,False,
pm_stb,773,15,8,7,,3 1 1 1 1 1 1 1 1 1 1 1 1,0.09333333333333334,success,False,False,
pm_stb,654,15,8,7,,2 2 2 1 1 1 1 1 1 1 1 1,0.09333333333333334,success,False,False,
pm_stb,438,15,8,7,,1 1 1 1 1 1 1 1 1 1 1 1 1 1 1,0.06666666666666667,success,False,False,
pm_stb,433,15,8,7,,2 1 1 1 1 1 1 1 1 1 1 1 1 1,0.07555555555555556,success,False,False,
pm_stb,858,15,8,7,,4 2 1 1 1 1 1 1 1 1 1,0.1288888888888889,success,False,False,
pm_stb,85,15,8,7,,2 2 2 2 1 1 1 1 1 1 1,0.10222222222222223,success,False,False,
pm_stb,697,15,8,7,,2 1 1 1 1 1 1 1 1 1 1 1 1 1,0.07555555555555556,success,False,False,
pm_stb,201,15,8,7,,2 2 2 2 2 1 1 1 1 1,0.1111111111111111,success,False,False,
pm_stb,94,15,8,7,,3 2 2 2 1 1 1 1 1 1,0.12,success,False,False,
pm_stb,89,15,12,3,,5 4 2 2 2,0.23555555555555555,success,False,False,
pm_stb,773,15,12,3,,5 3 2 2 1 1 1,0.2,success,False,False,
pm_stb,654,15,12,3,,3 3 2 2 2 1 1 1,0.14666666666666667,success,False,False,
pm_stb,438,15,12,3,,5 4 3 2 1,0.24444444444444444,success,False,False,
pm_stb,433,15,12,3,,5 4 4 1 1,0.26222222222222225,success,False,False,
pm_stb,858,15,12,3,,7 4 2 2,0.3244444444444444,success,False,False,
pm_stb,85,15,12,3,,4 4 3 2 2,0.21777777777777776,success,False,False,
pm_stb,697,15,12,3,,8 4 2 1,0.37777777777777777,success,False,False,
pm_stb,201,15,12,3,,4 4 3 2 2,0.21777777777777776,success,False,False,
pm_stb,94,15,12,3,,4 4 4 3,0.25333333333333335,success,False,False,
pm_stb,89,16,0,16,,4 2 1 1 1 1 1 1 1 1 1 1,0.1171875,success,False,False,
pm_stb,773,16,0,16,,3 1 1 1 1 1 1 1 1 1 1 1 1 1,0.0859375,success,False,False,
pm_stb,654,16,0,16,,2 2 2 2 2 1 1 1 1 1 1,0.1015625,success,False,False,
pm_stb,438,16,0,16,,2 2 2 2 1 1 1 1 1 1 1 1,0.09375,success,False,False,
pm_stb,433,16,0,16,,2 2 2 1 1 1 1 1 1 1 1 1 1,0.0859375,success,False,False,
pm_stb,858,16,0,16,,3 2 2 2 2 1 1 1 1 1,0.1171875,success,False,False,
pm_stb,85,16,0,16,,3 2 2 2 2 1 1 1 1 1,0.1171875,success,False,False,
pm_stb,697,16,0,16,,2 2 2 2 1 1 1 1 1 1 1 1,0.09375,success,False,False,
pm_stb,201,16,0,16,,2 2 2 1 1 1 1 1 1 1 1 1 1,0.0859375,success,False,False,
pm_stb,94,16,0,16,,4 2 2 2 1 1 1 1 1 1,0.1328125,success,False,False,
pm_stb,89,16,4,12,,2 2 2 1 1 1 1 1 1 1 1 1 1,0.0859375,success,False,False,
pm_stb,773,16,4,12,,1 1 1 1 1 1 1 1 1 1 1 1 1 1 1 1,0.0625,success,False,False,
pm_stb,654,16,4,12,,1 1 1 1 1 1 1 1 1 1 1 1 1 1 1 1,0.0625,success,False,False,
pm_stb,438,16,4,12,,2 1 1 1 1 1 1 1 1 1 1 1 1 1 1,0.0703125,success,False,False,
pm_stb,433,16,4,12,,2 1 1 1 1 1 1 1 1 1 1 1 1 1 1,0.0703125,success,False,False,
pm_stb,858,16,4,12,,2 1 1 1 1 1 1 1 1 1 1 1 1 1 1,0.0703125,success,False,False,
pm_stb,85,16,4,12,,2 1 1 1 1 1 1 1 1 1 1 1 1 1 1,0.0703125,success,False,False,
pm_stb,697,16,4,12,,2 1 1 1 1 1 1 1 1 1 1 1 1 1 1,0.0703125,success,False,False,
pm_stb,201,16,4,12,,4 2 1 1 1 1 1 1 1 1 1 1,0.1171875,success,False,False,
pm_stb,94,16,4,12,,2 2 1 1 1 1 1 1 1 1 1 1 1 1,0.078125,success,False,False,
pm_stb,89,16,8,8,,2 1 1 1 1 1 1 1 1 1 1 1 1 1 1,0.0703125,success,False,False,
pm_stb,773,16,8,8,,2 2 1 1 1 1 1 1 1 1 1 1 1 1,0.078125,success,False,False,
pm_stb,654,16,8,8,,3 2 2 2 2 1 1 1 1 1,0.1171875,success,False,False,
pm_stb,438,16,8,8,,2 1 1 1 1 1 1 1 1 1 1 1 1 1 1,0.0703125,success,False,False,
pm_stb,433,16,8,8,,2 2 1 1 1 1 1 1 1 1 1 1 1 1,0.078125,success,False,False,
pm_stb,858,16,8,8,,2 2 1 1 1 1 1 1 1 1 1 1 1 1,0.078125,success,False,False,
pm_stb,85,16,8,8,,2 1 1 1 1 1 1 1 1 1 1 1 1 1 1,0.0703125,success,False,False,
pm_stb,697,16,8,8,,2 1 1 1 1 1 1 1 1 1 1 1 1 1 1,0.0703125,success,False,False,
pm_stb,201,16,8,8,,2 2 2 1 1 1 1 1 1 1 1 1 1,0.0859375,success,False,False,
pm_stb,94,16,8,8,,1 1 1 1 1 1 1 1 1 1 1 1 1 1 1 1,0.0625,success,False,False,
pm_stb,89,16,12,4,,5 3 2 2 1 1 1 1,0.1796875,success,False,False,
pm_stb,773,16,12,4,,4 4 3 3 2,0.2109375,success,False,False,
pm_stb,654,16,12,4,,4 2 2 2 2 1 1 1 1,0.140625,success,False,False,
pm_stb,438,16,12,4,,2 2 2 2 2 2 1 1 1 1,0.109375,success,False,False,
pm_stb,433,16,12,4,,5 2 2 2 1 1 1 1 1,0.1640625,success,False,False,
pm_stb,858,16,12,4,,4 4 3 2 2 1,0.1953125,success,False,False,
pm_stb,85,16,12,4,,6 5 2 2 1,0.2734375,success,False,False,
pm_stb,697,16,12,4,,4 2 2 1 1 1 1 1 1 1 1,0.125,success,False,False,
pm_stb,201,16,12,4,,5 2 2 2 2 2 1,0.1796875,success,False,False,
pm_stb,94,16,12,4,,4 2 2 2 1 1 1 1 1 1,0.1328125,success,False,False,
pm_stb,89,17,0,17,,2 2 2 1 1 1 1 1 1 1 1 1 1 1,0.07958477508650519,success,False,False,
pm_stb,773,17,0,17,,2 2 2 1 1 1 1 1 1 1 1 1 1 1,0.07958477508650519,success,False,False,
pm_stb,654,17,0,17,,4 3 2 2 2 2 1 1,0.14878892733564014,success,False,False,
pm_stb,438,17,0,17,,2 1 1 1 1 1 1 1 1 1 1 1 1 1 1 1,0.0657439446366782,success,False,False,
pm_stb,433,17,0,17,,3 2 2 1 1 1 1 1 1 1 1 1 1,0.09342560553633218,success,False,False,
pm_stb,858,17,0,17,,4 4 2 2 2 2 1,0.1695501730103806,success,False,False,
pm_stb,85,17,0,17,,2 2 1 1 1 1 1 1 1 1 1 1 1 1 1,0.0726643598615917,success,False,False,
pm_stb,697,17,0,17,,3 2 1 1 1 1 1 1 1 1 1 1 1 1,0.08650519031141868,success,False,False,
pm_stb,201,17,0,17,,2 1 1 1 1 1 1 1 1 1 1 1 1 1 1 1,0.0657439446366782,success,False,False,
pm_stb,94,17,0,17,,2 2 1 1 1 1 1 1 1 1 1 1 1 1 1,0.0726643598615917,success,False,False,
pm_stb,89,17,4,13,,2 2 2 1 1 1 1 1 1 1 1 1 1 1,0.07958477508650519,success,False,False,
pm_stb,773,17,4,13,,1 1 1 1 1 1 1 1 1 1 1 1 1 1 1 1 1,0.058823529411764705,success,False,False,
pm_stb,654,17,4,13,,2 2 2 2 2 1 1 1 1 1 1 1,0.09342560553633218,success,False,False,
pm_stb,438,17,4,13,,2 2 2 1 1 1 1 1 1 1 1 1 1 1,0.07958477508650519,success,False,False,
pm_stb,433,17,4,13,,2 1 1 1 1 1 1 1 1 1 1 1 1 1 1 1,0.0657439446366782,success,False,False,
pm_stb,858,17,4,13,,3 2 2 2 1 1 1 1 1 1 1 1,0.10034602076124567,success,False,False,
pm_stb,85,17,4,13,,2 2 1 1 1 1 1 1 1 1 1 1 1 1 1,0.0726643598615917,success,False,False,
pm_stb,697,17,4,13,,3 1 1 1 1 1 1 1 1 1 1 1 1 1 1,0.07958477508650519,success,False,False,
pm_stb,201,17,4,13,,3 2 1 1 1 1 1 1 1 1 1 1 1 1,0.08650519031141868,success,False,False,
pm_stb,94,17,4,13,,1 1 1 1 1 1 1 1 1 1 1 1 1 1 1 1 1,0.058823529411764705,success,False,False,
pm_stb,89,17,8,9,,2 2 1 1 1 1 1 1 1 1 1 1 1 1 1,0.0726643598615917,success,False,False,
pm_stb,773,17,8,9,,3 2 1 1 1 1 1 1 1 1 1 1 1 1,0.08650519031141868,success,False,False,
pm_stb,654,17,8,9,,2 1 1 1 1 1 1 1 1 1 1 1 1 1 1 1,0.0657439446366782,success,False,False,
pm_stb,438,17,8,9,,2 2 1 1 1 1 1 1 1 1 1 1 1 1 1,0.0726643598615917,success,False,False,
pm_stb,433,17,8,9,,2 1 1 1 1 1 1 1 1 1 1 1 1 1 1 1,0.0657439446366782,success,False,False,
pm_stb,858,17,8,9,,4 2 1 1 1 1 1 1 1 1 1 1 1,0.10726643598615918,success,False,False,
pm_stb,85,17,8,9,,2 2 1 1 1 1 1 1 1 1 1 1 1 1 1,0.0726643598615917,success,False,False,
pm_stb,697,17,8,9,,2 1 1 1 1 1 1 1 1 1 1 1 1 1 1 1,0.0657439446366782,success,False,False,
pm_stb,201,17,8,9,,2 2 1 1 1 1 1 1 1 1 1 1 1 1 1,0.0726643598615917,success,False,False,
pm_stb,94,17,8,9,,2 1 1 1 1 1 1 1 1 1 1 1 1 1 1 1,0.0657439446366782,success,False,False,
pm_stb,89,17,12,5,,4 2 2 2 2 1 1 1 1 1,0.12802768166089964,success,False,False,
pm_stb,773,17,12,5,,3 2 2 1 1 1 1 1 1 1 1 1 1,0.09342560553633218,success,False,False,
pm_stb,654,17,12,5,,3 3 3 2 2 2 1 1,0.14186851211072665,success,False,False,
pm_stb,438,17,12,5,,3 2 2 1 1 1 1 1 1 1 1 1 1,0.09342560553633218,success,False,False,
pm_stb,433,17,12,5,,3 3 1 1 1 1 1 1 1 1 1 1 1,0.10034602076124567,success,False,False,
pm_stb,858,17,12,5,,4 4 2 2 2 2 1,0.1695501730103806,success,False,False,
pm_stb,85,17,12,5,,2 2 2 2 2 1 1 1 1 1 1 1,0.09342560553633218,success,False,False,
pm_stb,697,17,12,5,,3 3 2 2 2 1 1 1 1 1,0.12110726643598616,success,False,False,
pm_stb,201,17,12,5,,2 2 2 2 2 2 2 2 1,0.11418685121107267,success,False,False,
pm_stb,94,17,12,5,,2 2 2 2 2 2 1 1 1 1 1,0.10034602076124567,success,False,False,
pm_stb,89,17,16,1,,11 6,0.5432525951557093,success,False,False,
pm_stb,773,17,16,1,,11 6,0.5432525951557093,success,False,False,
pm_stb,654,17,16,1,,16 1,0.889273356401384,success,False,False,
pm_stb,438,17,16,1,,10 7,0.5155709342560554,success,False,False,
pm_stb,433,17,16,1,,13 4,0.6401384083044983,success,False,False,
pm_stb,858,17,16,1,,10 7,0.5155709342560554,success,False,False,
pm_stb,85,17,16,1,,9 8,0.5017301038062284,success,False,False,
pm_stb,697,17,16,1,,9 8,0.5017301038062284,success,False,False,
pm_stb,201,17,16,1,,13 4,0.6401384083044983,success,False,False,
pm_stb,94,17,16,1,,13 4,0.6401384083044983,success,False,False,
pm_stb,89,18,0,18,,2 2 1 1 1 1 1 1 1 1 1 1 1 1 1 1,0.06790123456790123,success,False,False,
pm_stb,773,18,0,18,,2 2 2 1 1 1 1 1 1 1 1 1 1 1 1,0.07407407407407407,success,False,False,
pm_stb,654,18,0,18,,2 2 2 2 1 1 1 1 1 1 1 1 1 1,0.08024691358024691,success,False,False,
pm_stb,438,18,0,18,,3 2 2 2 1 1 1 1 1 1 1 1 1,0.09259259259259259,success,False,False,
pm_stb,433,18,0,18,,2 2 2 2 2 1 1 1 1 1 1 1 1,0.08641975308641975,success,False,False,
pm_stb,858,18,0,18,,2 2 2 2 1 1 1 1 1 1 1 1 1 1,0.08024691358024691,success,False,False,
pm_stb,85,18,0,18,,2 1 1 1 1 1 1 1 1 1 1 1 1 1 1 1 1,0.06172839506172839,success,False,False,
pm_stb,697,18,0,18,,2 2 1 1 1 1 1 1 1 1 1 1 1 1 1 1,0.06790123456790123,success,False,False,
pm_stb,201,18,0,18,,2 1 1 1 1 1 1 1 1 1 1 1 1 1 1 1 1,0.06172839506172839,success,False,False,
pm_stb,94,18,0,18,,2 2 2 2 1 1 1 1 1 1 1 1 1 1,0.08024691358024691,success,False,False,
pm_stb,89,18,4,14,,1 1 1 1 1 1 1 1 1 1 1 1 1 1 1 1 1 1,0.05555555555555555,success,False,False,
pm_stb,773,18,4,14,,1 1 1 1 1 1 1 1 1 1 1 1 1 1 1 1 1 1,0.05555555555555555,success,False,False,
pm_stb,654,18,4,14,,2 2 1 1 1 1 1 1 1 1 1 1 1 1 1 1,0.06790123456790123,success,False,False,
pm_stb,438,18,4,14,,2 1 1 1 1 1 1 1 1 1 1 1 1 1 1 1 1,0.06172839506172839,success,False,False,
pm_stb,433,18,4,14,,2 1 1 1 1 1 1 1 1 1 1 1 1 1 1 1 1,0.06172839506172839,success,False,False,
pm_stb,858,18,4,14,,2 1 1 1 1 1 1 1 1 1 1 1 1 1 1 1 1,0.06172839506172839,success,False,False,
pm_stb,85,18,4,14,,4 3 2 2 2 1 1 1 1 1,0.12962962962962962,success,False,False,
pm_stb,697,18,4,14,,2 1 1 1 1 1 1 1 1 1 1 1 1 1 1 1 1,0.06172839506172839,success,False,False,
pm_stb,201,18,4,14,,2 2 2 2 1 1 1 1 1 1 1 1 1 1,0.08024691358024691,success,False,False,
pm_stb,94,18,4,14,,2 1 1 1 1 1 1 1 1 1 1 1 1 1 1 1 1,0.06172839506172839,success,False,False,
pm_stb,89,18,8,10,,2 2 2 1 1 1 1 1 1 1 1 1 1 1 1,0.07407407407407407,success,False,False,
pm_stb,773,18,8,10,,1 1 1 1 1 1 1 1 1 1 1 1 1 1 1 1 1 1,0.05555555555555555,success,False,False,
pm_stb,654,18,8,10,,1 1 1 1 1 1 1 1 1 1 1 1 1 1 1 1 1 1,0.05555555555555555,success,False,False,
pm_stb,438,18,8,10,,2 1 1 1 1 1 1 1 1 1 1 1 1 1 1 1 1,0.06172839506172839,success,False,False,
pm_stb,433,18,8,10,,2 2 2 1 1 1 1 1 1 1 1 1 1 1 1,0.07407407407407407,success,False,False,
pm_stb,858,18,8,10,,2 1 1 1 1 1 1 1 1 1 1 1 1 1 1 1 1,0.06172839506172839,success,False,False,
pm_stb,85,18,8,10,,2 2 2 1 1 1 1 1 1 1 1 1 1 1 1,0.07407407407407407,success,False,False,
pm_stb,697,18,8,10,,3 2 2 1 1 1 1 1 1 1 1 1 1 1,0.08641975308641975,success,False,False,
pm_stb,201,18,8,10,,2 2 1 1 1 1 1 1 1 1 1 1 1 1 1 1,0.06790123456790123,success,False,False,
pm_stb,94,18,8,10,,2 2 1 1 1 1 1 1 1 1 1 1 1 1 1 1,0.06790123456790123,success,False,False,
pm_stb,89,18,12,6,,2 2 2 1 1 1 1 1 1 1 1 1 1 1 1,0.07407407407407407,success,False,False,
pm_stb,773,18,12,6,,2 2 2 2 1 1 1 1 1 1 1 1 1 1,0.08024691358024691,success,False,False,
pm_stb,654,18,12,6,,2 2 2 1 1 1 1 1 1 1 1 1 1 1 1,0.07407407407407407,success,False,False,
pm_stb,438,18,12,6,,3 2 2 2 2 2 1 1 1 1 1,0.10493827160493827,success,False,False,
pm_stb,433,18,12,6,,4 3 2 2 1 1 1 1 1 1 1,0.12345679012345678,success,False,False,
pm_stb,858,18,12,6,,3 2 2 2 1 1 1 1 1 1 1 1 1,0.09259259259259259,success,False,False,
pm_stb,85,18,12,6,,2 2 1 1 1 1 1 1 1 1 1 1 1 1 1 1,0.06790123456790123,success,False,False,
pm_stb,697,18,12,6,,2 2 2 2 2 1 1 1 1 1 1 1 1,0.08641975308641975,success,False,False,
pm_stb,201,18,12,6,,3 2 2 2 2 1 1 1 1 1 1 1,0.09876543209876543,success,False,False,
pm_stb,94,18,12,6,,2 2 2 1 1 1 1 1 1 1 1 1 1 1 1,0.07407407407407407,success,False,False,
pm_stb,89,18,16,2,,6 5 3 2 2,0.24074074074074073,success,False,False,
pm_stb,773,18,16,2,,6 5 4 2 1,0.25308641975308643,success,False,False,
pm_stb,654,18,16,2,,13 3 2,0.5617283950617284,success,False,False,
pm_stb,438,18,16,2,,10 4 2 2,0.38271604938271603,success,False,False,
pm_stb,433,18,16,2,,8 6 2 2,0.3333333333333333,success,False,False,
pm_stb,858,18,16,2,,9 6 2 1,0.3765432098765432,success,False,False,
pm_stb,85,18,16,2,,6 6 3 2 1,0.2654320987654321,success,False,False,
pm_stb,697,18,16,2,,9 5 3 1,0.35802469135802467,success,False,False,
pm_stb,201,18,16,2,,7 6 2 2 1,0.29012345679012347,success,False,False,
pm_stb,94,18,16,2,,7 6 5,0.3395061728395062,success,False,False,
pm_stb,89,19,0,19,,2 1 1 1 1 1 1 1 1 1 1 1 1 1 1 1 1 1,0.05817174515235457,success,False,False,
pm_stb,773,19,0,19,,2 2 1 1 1 1 1 1 1 1 1 1 1 1 1 1 1,0.06371191135734072,success,False,False,
pm_stb,654,19,0,19,,3 2 2 2 2 1 1 1 1 1 1 1 1,0.09141274238227147,success,False,False,
pm_stb,438,19,0,19,,5 2 2 2 1 1 1 1 1 1 1 1,0.12465373961218837,success,False,False,
pm_stb,433,19,0,19,,2 2 1 1 1 1 1 1 1 1 1 1 1 1 1 1 1,0.06371191135734072,success,False,False,
pm_stb,858,19,0,19,,4 3 2 2 1 1 1 1 1 1 1 1,0.11357340720221606,success,False,False,
pm_stb,85,19,0,19,,2 1 1 1 1 1 1 1 1 1 1 1 1 1 1 1 1 1,0.05817174515235457,success,False,False,
pm_stb,697,19,0,19,,3 3 2 1 1 1 1 1 1 1 1 1 1 1,0.09141274238227147,success,False,False,
pm_stb,201,19,0,19,,2 1 1 1 1 1 1 1 1 1 1 1 1 1 1 1 1 1,0.05817174515235457,success,False,False,
pm_stb,94,19,0,19,,2 2 1 1 1 1 1 1 1 1 1 1 1 1 1 1 1,0.06371191135734072,success,False,False,
pm_stb,89,19,4,15,,1 1 1 1 1 1 1 1 1 1 1 1 1 1 1 1 1 1 1,0.05263157894736842,success,False,False,
pm_stb,773,19,4,15,,2 1 1 1 1 1 1 1 1 1 1 1 1 1 1 1 1 1,0.05817174515235457,success,False,False,
pm_stb,654,19,4,15,,3 2 2 2 2 2 1 1 1 1 1 1,0.09695290858725762,success,False,False,
pm_stb,438,19,4,15,,2 1 1 1 1 1 1 1 1 1 1 1 1 1 1 1 1 1,0.05817174515235457,success,False,False,
pm_stb,433,19,4,15,,2 2 1 1 1 1 1 1 1 1 1 1 1 1 1 1 1,0.06371191135734072,success,False,False,
pm_stb,858,19,4,15,,3 2 2 2 2 1 1 1 1 1 1 1 1,0.09141274238227147,success,False,False,
pm_stb,85,19,4,15,,2 2 2 2 1 1 1 1 1 1 1 1 1 1 1,0.07479224376731301,success,False,False,
pm_stb,697,19,4,15,,2 1 1 1 1 1 1 1 1 1 1 1 1 1 1 1 1 1,0.05817174515235457,success,False,False,
pm_stb,201,19,4,15,,2 2 1 1 1 1 1 1 1 1 1 1 1 1 1 1 1,0.06371191135734072,success,False,False,
pm_stb,94,19,4,15,,4 2 1 1 1 1 1 1 1 1 1 1 1 1 1,0.09141274238227147,success,False,False,
pm_stb,89,19,8,11,,4 2 2 2 2 1 1 1 1 1 1 1,0.10803324099722991,success,False,False,
pm_stb,773,19,8,11,,2 1 1 1 1 1 1 1 1 1 1 1 1 1 1 1 1 1,0.05817174515235457,success,False,False,
pm_stb,654,19,8,11,,2 2 1 1 1 1 1 1 1 1 1 1 1 1 1 1 1,0.06371191135734072,success,False,False,
pm_stb,438,19,8,11,,2 2 1 1 1 1 1 1 1 1 1 1 1 1 1 1 1,0.06371191135734072,success,False,False,
pm_stb,433,19,8,11,,2 1 1 1 1 1 1 1 1 1 1 1 1 1 1 1 1 1,0.05817174515235457,success,False,False,
pm_stb,858,19,8,11,,2 2 1 1 1 1 1 1 1 1 1 1 1 1 1 1 1,0.06371191135734072,success,False,False,
pm_stb,85,19,8,11,,2 2 2 2 2 2 1 1 1 1 1 1 1,0.08587257617728532,success,False,False,
pm_stb,697,19,8,11,,3 1 1 1 1 1 1 1 1 1 1 1 1 1 1 1 1,0.06925207756232687,success,False,False,
pm_stb,201,19,8,11,,2 1 1 1 1 1 1 1 1 1 1 1 1 1 1 1 1 1,0.05817174515235457,success,False,False,
pm_stb,94,19,8,11,,2 2 1 1 1 1 1 1 1 1 1 1 1 1 1 1 1,0.06371191135734072,success,False,False,
pm_stb,89,19,12,7,,2 2 2 2 1 1 1 1 1 1 1 1 1 1 1,0.07479224376731301,success,False,False,
pm_stb,773,19,12,7,,5 4 4 2 1 1 1 1,0.18005540166204986,success,False,False,
pm_stb,654,19,12,7,,3 2 1 1 1 1 1 1 1 1 1 1 1 1 1 1,0.07479224376731301,success,False,False,
pm_stb,438,19,12,7,,3 2 2 1 1 1 1 1 1 1 1 1 1 1 1,0.08033240997229917,success,False,False,
pm_stb,433,19,12,7,,2 2 2 2 2 1 1 1 1 1 1 1 1 1,0.08033240997229917,success,False,False,
pm_stb,858,19,12,7,,3 2 2 2 2 2 1 1 1 1 1 1,0.09695290858725762,success,False,False,
pm_stb,85,19,12,7,,4 4 4 2 2 1 1 1,0.1634349030470914,success,False,False,
pm_stb,697,19,12,7,,5 3 2 2 2 1 1 1 1 1,0.14127423822714683,success,False,False,
pm_stb,201,19,12,7,,2 2 2 2 1 1 1 1 1 1 1 1 1 1 1,0.07479224376731301,success,False,False,
pm_stb,94,19,12,7,,5 2 2 2 2 1 1 1 1 1 1,0.13019390581717452,success,False,False,
pm_stb,89,19,16,3,,11 4 2 1 1,0.3961218836565097,success,False,False,
pm_stb,773,19,16,3,,5 4 4 3 2 1,0.19667590027700832,success,False,False,
pm_stb,654,19,16,3,,8 6 4 1,0.32409972299168976,success,False,False,
pm_stb,438,19,16,3,,10 4 3 2,0.3573407202216066,success,False,False,
pm_stb,433,19,16,3,,8 3 3 2 1 1 1,0.24653739612188366,success,False,False,
pm_stb,858,19,16,3,,6 6 5 2,0.27977839335180055,success,False,False,
pm_stb,85,19,16,3,,8 3 2 2 1 1 1 1,0.23545706371191136,success,False,False,
pm_stb,697,19,16,3,,5 5 4 2 2 1,0.2077562326869806,success,False,False,
pm_stb,201,19,16,3,,6 5 5 2 1,0.2520775623268698,success,False,False,
pm_stb,94,19,16,3,,7 3 3 2 2 2,0.2188365650969529,success,False,False,
pm_stb,89,20,0,20,,1 1 1 1 1 1 1 1 1 1 1 1 1 1 1 1 1 1 1 1,0.05,success,False,False,
pm_stb,773,20,0,20,,2 1 1 1 1 1 1 1 1 1 1 1 1 1 1 1 1 1 1,0.055,success,False,False,
pm_stb,654,20,0,20,,2 1 1 1 1 1 1 1 1 1 1 1 1 1 1 1 1 1 1,0.055,success,False,False,
pm_stb,438,20,0,20,,2 2 2 2 1 1 1 1 1 1 1 1 1 1 1 1,0.07,success,False,False,
pm_stb,433,20,0,20,,4 2 2 2 2 2 2 1 1 1 1,0.11,success,False,False,
pm_stb,858,20,0,20,,2 1 1 1 1 1 1 1 1 1 1 1 1 1 1 1 1 1 1,0.055,success,False,False,
pm_stb,85,20,0,20,,4 4 3 2 2 2 2 1,0.145,success,False,False,
pm_stb,697,20,0,20,,4 3 2 2 2 2 1 1 1 1 1,0.115,success,False,False,
pm_stb,201,20,0,20,,2 1 1 1 1 1 1 1 1 1 1 1 1 1 1 1 1 1 1,0.055,success,False,False,
pm_stb,94,20,0,20,,2 2 2 2 2 2 1 1 1 1 1 1 1 1,0.08,success,False,False,
pm_stb,89,20,4,16,,2 2 2 1 1 1 1 1 1 1 1 1 1 1 1 1 1,0.065,success,False,False,
pm_stb,773,20,4,16,,2 1 1 1 1 1 1 1 1 1 1 1 1 1 1 1 1 1 1,0.055,success,False,False,
pm_stb,654,20,4,16,,4 2 2 2 1 1 1 1 1 1 1 1 1 1,0.095,success,False,False,
pm_stb,438,20,4,16,,2 1 1 1 1 1 1 1 1 1 1 1 1 1 1 1 1 1 1,0.055,success,False,False,
pm_stb,433,20,4,16,,1 1 1 1 1 1 1 1 1 1 1 1 1 1 1 1 1 1 1 1,0.05,success,False,False,
pm_stb,858,20,4,16,,3 2 1 1 1 1 1 1 1 1 1 1 1 1 1 1 1,0.07,success,False,False,
pm_stb,85,20,4,16,,2 1 1 1 1 1 1 1 1 1 1 1 1 1 1 1 1 1 1,0.055,success,False,False,
pm_stb,697,20,4,16,,1 1 1 1 1 1 1 1 1 1 1 1 1 1 1 1 1 1 1 1,0.05,success,False,False,
pm_stb,201,20,4,16,,2 2 1 1 1 1 1 1 1 1 1 1 1 1 1 1 1 1,0.06,success,False,False,
pm_stb,94,20,4,16,,2 2 2 1 1 1 1 1 1 1 1 1 1 1 1 1 1,0.065,success,False,False,
pm_stb,89,20,8,12,,2 1 1 1 1 1 1 1 1 1 1 1 1 1 1 1 1 1 1,0.055,success,False,False,
pm_stb,773,20,8,12,,4 3 3 2 2 1 1 1 1 1 1,0.12,success,False,False,
pm_stb,654,20,8,12,,2 1 1 1 1 1 1 1 1 1 1 1 1 1 1 1 1 1 1,0.055,success,False,False,
pm_stb,438,20,8,12,,2 1 1 1 1 1 1 1 1 1 1 1 1 1 1 1 1 1 1,0.055,success,False,False,
pm_stb,433,20,8,12,,2 1 1 1 1 1 1 1 1 1 1 1 1 1 1 1 1 1 1,0.055,success,False,False,
pm_stb,858,20,8,12,,2 2 2 2 1 1 1 1 1 1 1 1 1 1 1 1,0.07,success,False,False,
pm_stb,85,20,8,12,,2 2 2 2 1 1 1 1 1 1 1 1 1 1 1 1,0.07,success,False,False,
pm_stb,697,20,8,12,,2 2 2 2 1 1 1 1 1 1 1 1 1 1 1 1,0.07,success,False,False,
pm_stb,201,20,8,12,,2 2 1 1 1 1 1 1 1 1 1 1 1 1 1 1 1 1,0.06,success,False,False,
pm_stb,94,20,8,12,,2 2 2 2 2 1 1 1 1 1 1 1 1 1 1,0.075,success,False,False,
pm_stb,89,20,12,8,,4 2 2 2 2 2 1 1 1 1 1 1,0.105,success,False,False,
pm_stb,773,20,12,8,,3 2 2 2 1 1 1 1 1 1 1 1 1 1 1,0.08,success,False,False,
pm_stb,654,20,12,8,,3 2 2 1 1 1 1 1 1 1 1 1 1 1 1 1,0.075,success,False,False,
pm_stb,438,20,12,8,,2 2 2 1 1 1 1 1 1 1 1 1 1 1 1 1 1,0.065,success,False,False,
pm_stb,433,20,12,8,,2 2 2 1 1 1 1 1 1 1 1 1 1 1 1 1 1,0.065,success,False,False,
pm_stb,858,20,12,8,,2 2 2 2 1 1 1 1 1 1 1 1 1 1 1 1,0.07,success,False,False,
pm_stb,85,20,12,8,,3 2 2 2 1 1 1 1 1 1 1 1 1 1 1,0.08,success,False,False,
pm_stb,697,20,12,8,,4 3 2 2 1 1 1 1 1 1 1 1 1,0.105,success,False,False,
pm_stb,201,20,12,8,,1 1 1 1 1 1 1 1 1 1 1 1 1 1 1 1 1 1 1 1,0.05,success,False,False,
pm_stb,94,20,12,8,,2 2 2 2 2 1 1 1 1 1 1 1 1 1 1,0.075,success,False,False,
pm_stb,89,20,16,4,,5 4 2 1 1 1 1 1 1 1 1 1,0.135,success,False,False,
pm_stb,773,20,16,4,,8 4 3 2 2 1,0.245,success,False,False,
pm_stb,654,20,16,4,,5 5 4 2 2 1 1,0.19,success,False,False,
pm_stb,438,20,16,4,,5 3 2 2 2 2 1 1 1 1,0.135,success,False,False,
pm_stb,433,20,16,4,,5 5 2 2 2 2 1 1,0.17,success,False,False,
pm_stb,858,20,16,4,,7 4 3 2 2 1 1,0.21,success,False,False,
pm_stb,85,20,16,4,,4 4 3 2 1 1 1 1 1 1 1,0.13,success,False,False,
pm_stb,697,20,16,4,,5 4 3 2 1 1 1 1 1 1,0.15,success,False,False,
pm_stb,201,20,16,4,,5 5 3 2 1 1 1 1 1,0.17,success,False,False,
pm_stb,94,20,16,4,,7 3 2 2 2 2 1 1,0.19,success,False,False,
pm_stb,89,21,0,21,,2 2 2 1 1 1 1 1 1 1 1 1 1 1 1 1 1 1,0.061224489795918366,success,False,False,
pm_stb,773,21,0,21,,2 2 2 1 1 1 1 1 1 1 1 1 1 1 1 1 1 1,0.061224489795918366,success,False,False,
pm_stb,654,21,0,21,,1 1 1 1 1 1 1 1 1 1 1 1 1 1 1 1 1 1 1 1 1,0.047619047619047616,success,False,False,
pm_stb,438,21,0,21,,2 2 1 1 1 1 1 1 1 1 1 1 1 1 1 1 1 1 1,0.05668934240362812,success,False,False,
pm_stb,433,21,0,21,,3 2 2 2 1 1 1 1 1 1 1 1 1 1 1 1,0.07482993197278912,success,False,False,
pm_stb,858,21,0,21,,2 2 2 2 1 1 1 1 1 1 1 1 1 1 1 1 1,0.06575963718820861,success,False,False,
pm_stb,85,21,0,21,,2 2 2 2 1 1 1 1 1 1 1 1 1 1 1 1 1,0.06575963718820861,success,False,False,
pm_stb,697,21,0,21,,4 3 2 2 1 1 1 1 1 1 1 1 1 1,0.09750566893424037,success,False,False,
pm_stb,201,21,0,21,,2 2 2 2 2 1 1 1 1 1 1 1 1 1 1 1,0.07029478458049887,success,False,False,
pm_stb,94,21,0,21,,4 2 2 1 1 1 1 1 1 1 1 1 1 1 1 1,0.08390022675736962,success,False,False,
pm_stb,89,21,4,17,,2 2 2 2 1 1 1 1 1 1 1 1 1 1 1 1 1,0.06575963718820861,success,False,False,
pm_stb,773,21,4,17,,2 2 2 1 1 1 1 1 1 1 1 1 1 1 1 1 1 1,0.061224489795918366,success,False,False,
pm_stb,654,21,4,17,,4 2 2 2 1 1 1 1 1 1 1 1 1 1 1,0.08843537414965986,success,False,False,
pm_stb,438,21,4,17,,2 2 1 1 1 1 1 1 1 1 1 1 1 1 1 1 1 1 1,0.05668934240362812,success,False,False,
pm_stb,433,21,4,17,,2 2 2 2 1 1 1 1 1 1 1 1 1 1 1 1 1,0.06575963718820861,success,False,False,
pm_stb,858,21,4,17,,2 2 2 2 1 1 1 1 1 1 1 1 1 1 1 1 1,0.06575963718820861,success,False,False,
pm_stb,85,21,4,17,,2 1 1 1 1 1 1 1 1 1 1 1 1 1 1 1 1 1 1 1,0.05215419501133787,success,False,False,
pm_stb,697,21,4,17,,2 2 1 1 1 1 1 1 1 1 1 1 1 1 1 1 1 1 1,0.05668934240362812,success,False,False,
pm_stb,201,21,4,17,,2 1 1 1 1 1 1 1 1 1 1 1 1 1 1 1 1 1 1 1,0.05215419501133787,success,False,False,
pm_stb,94,21,4,17,,2 1 1 1 1 1 1 1 1 1 1 1 1 1 1 1 1 1 1 1,0.05215419501133787,success,False,False,
pm_stb,89,21,8,13,,2 2 1 1 1 1 1 1 1 1 1 1 1 1 1 1 1 1 1,0.05668934240362812,success,False,False,
pm_stb,773,21,8,13,,2 1 1 1 1 1 1 1 1 1 1 1 1 1 1 1 1 1 1 1,0.05215419501133787,success,False,False,
pm_stb,654,21,8,13,,4 3 3 3 3 2 2 1,0.1383219954648526,success,False,False,
pm_stb,438,21,8,13,,1 1 1 1 1 1 1 1 1 1 1 1 1 1 1 1 1 1 1 1 1,0.047619047619047616,success,False,False,
pm_stb,433,21,8,13,,2 2 1 1 1 1 1 1 1 1 1 1 1 1 1 1 1 1 1,0.05668934240362812,success,False,False,
pm_stb,858,21,8,13,,3 2 1 1 1 1 1 1 1 1 1 1 1 1 1 1 1 1,0.06575963718820861,success,False,False,
pm_stb,85,21,8,13,,2 2 1 1 1 1 1 1 1 1 1 1 1 1 1 1 1 1 1,0.05668934240362812,success,False,False,
pm_stb,697,21,8,13,,3 2 2 2 2 1 1 1 1 1 1 1 1 1 1,0.07936507936507936,success,False,False,
pm_stb,201,21,8,13,,2 2 2 1 1 1 1 1 1 1 1 1 1 1 1 1 1 1,0.061224489795918366,success,False,False,
pm_stb,94,21,8,13,,2 2 1 1 1 1 1 1 1 1 1 1 1 1 1 1 1 1 1,0.05668934240362812,success,False,False,
pm_stb,89,21,12,9,,2 2 2 2 1 1 1 1 1 1 1 1 1 1 1 1 1,0.06575963718820861,success,False,False,
pm_stb,773,21,12,9,,3 2 2 1 1 1 1 1 1 1 1 1 1 1 1 1 1,0.07029478458049887,success,False,False,
pm_stb,654,21,12,9,,2 1 1 1 1 1 1 1 1 1 1 1 1 1 1 1 1 1 1 1,0.05215419501133787,success,False,False,
pm_stb,438,21,12,9,,2 2 1 1 1 1 1 1 1 1 1 1 1 1 1 1 1 1 1,0.05668934240362812,success,False,False,
pm_stb,433,21,12,9,,2 2 2 1 1 1 1 1 1 1 1 1 1 1 1 1 1 1,0.061224489795918366,success,False,False,
pm_stb,858,21,12,9,,2 2 2 2 1 1 1 1 1 1 1 1 1 1 1 1 1,0.06575963718820861,success,False,False,
pm_stb,85,21,12,9,,4 2 2 2 2 1 1 1 1 1 1 1 1 1,0.09297052154195011,success,False,False,
pm_stb,697,21,12,9,,2 2 2 2 2 1 1 1 1 1 1 1 1 1 1 1,0.07029478458049887,success,False,False,
pm_stb,201,21,12,9,,2 2 2 1 1 1 1 1 1 1 1 1 1 1 1 1 1 1,0.061224489795918366,success,False,False,
pm_stb,94,21,12,9,,2 2 1 1 1 1 1 1 1 1 1 1 1 1 1 1 1 1 1,0.05668934240362812,success,False,False,
pm_stb,89,21,16,5,,5 3 2 2 2 1 1 1 1 1 1 1,0.12018140589569161,success,False,False,
pm_stb,773,21,16,5,,4 3 3 3 2 2 1 1 1 1,0.12471655328798185,success,False,False,
pm_stb,654,21,16,5,,5 3 3 2 2 2 2 1 1,0.1383219954648526,success,False,False,
pm_stb,438,21,16,5,,5 2 2 2 1 1 1 1 1 1 1 1 1 1,0.10657596371882086,success,False,False,
pm_stb,433,21,16,5,,7 3 2 2 2 2 1 1 1,0.1746031746031746,success,False,False,
pm_stb,858,21,16,5,,5 5 3 3 2 1 1 1,0.17006802721088435,success,False,False,
pm_stb,85,21,16,5,,6 4 3 2 2 2 2,0.1746031746031746,success,False,False,
pm_stb,697,21,16,5,,5 4 4 2 2 2 1 1,0.16099773242630386,success,False,False,
pm_stb,201,21,16,5,,4 3 2 2 2 2 2 2 1 1,0.11564625850340136,success,False,False,
pm_stb,94,21,16,5,,5 5 2 2 2 1 1 1 1 1,0.15192743764172337,success,False,False,
pm_stb,89,21,20,1,,16 5,0.63718820861678,success,False,False,
pm_stb,773,21,20,1,,15 6,0.5918367346938775,success,False,False,
pm_stb,654,21,20,1,,18 3,0.7551020408163265,success,False,False,
pm_stb,438,21,20,1,,16 5,0.63718820861678,success,False,False,
pm_stb,433,21,20,1,,15 6,0.5918367346938775,success,False,False,
pm_stb,858,21,20,1,,12 9,0.5102040816326531,success,False,False,
pm_stb,85,21,20,1,,16 5,0.63718820861678,success,False,False,
pm_stb,697,21,20,1,,17 4,0.691609977324263,success,False,False,
pm_stb,201,21,20,1,,19 2,0.8276643990929705,success,False,False,
pm_stb,94,21,20,1,,16 5,0.63718820861678,success,False,False,
pm_stb,89,22,0,22,,2 2 2 2 1 1 1 1 1 1 1 1 1 1 1 1 1 1,0.06198347107438017,success,False,False,
pm_stb,773,22,0,22,,2 2 1 1 1 1 1 1 1 1 1 1 1 1 1 1 1 1 1 1,0.05371900826446281,success,False,False,
pm_stb,654,22,0,22,,4 2 2 2 2 1 1 1 1 1 1 1 1 1 1,0.08677685950413223,success,False,False,
pm_stb,438,22,0,22,,2 1 1 1 1 1 1 1 1 1 1 1 1 1 1 1 1 1 1 1 1,0.049586776859504134,success,False,False,
pm_stb,433,22,0,22,,2 2 2 1 1 1 1 1 1 1 1 1 1 1 1 1 1 1 1,0.05785123966942149,success,False,False,
pm_stb,858,22,0,22,,2 2 2 1 1 1 1 1 1 1 1 1 1 1 1 1 1 1 1,0.05785123966942149,success,False,False,
pm_stb,85,22,0,22,,1 1 1 1 1 1 1 1 1 1 1 1 1 1 1 1 1 1 1 1 1 1,0.045454545454545456,success,False,False,
pm_stb,697,22,0,22,,3 2 2 2 1 1 1 1 1 1 1 1 1 1 1 1 1,0.07024793388429752,success,False,False,
pm_stb,201,22,0,22,,2 2 2 2 1 1 1 1 1 1 1 1 1 1 1 1 1 1,0.06198347107438017,success,False,False,
pm_stb,94,22,0,22,,3 2 2 1 1 1 1 1 1 1 1 1 1 1 1 1 1 1,0.06611570247933884,success,False,False,
pm_stb,89,22,4,18,,1 1 1 1 1 1 1 1 1 1 1 1 1 1 1 1 1 1 1 1 1 1,0.045454545454545456,success,False,False,
pm_stb,773,22,4,18,,2 2 2 1 1 1 1 1 1 1 1 1 1 1 1 1 1 1 1,0.05785123966942149,success,False,False,
pm_stb,654,22,4,18,,2 2 2 2 1 1 1 1 1 1 1 1 1 1 1 1 1 1,0.06198347107438017,success,False,False,
pm_stb,438,22,4,18,,2 2 1 1 1 1 1 1 1 1 1 1 1 1 1 1 1 1 1 1,0.05371900826446281,success,False,False,
pm_stb,433,22,4,18,,2 2 1 1 1 1 1 1 1 1 1 1 1 1 1 1 1 1 1 1,0.05371900826446281,success,False,False,
pm_stb,858,22,4,18,,4 2 2 2 1 1 1 1 1 1 1 1 1 1 1 1,0.08264462809917356,success,False,False,
pm_stb,85,22,4,18,,2 1 1 1 1 1 1 1 1 1 1 1 1 1 1 1 1 1 1 1 1,0.049586776859504134,success,False,False,
pm_stb,697,22,4,18,,2 2 1 1 1 1 1 1 1 1 1 1 1 1 1 1 1 1 1 1,0.05371900826446281,success,False,False,
pm_stb,201,22,4,18,,2 1 1 1 1 1 1 1 1 1 1 1 1 1 1 1 1 1 1 1 1,0.049586776859504134,success,False,False,
pm_stb,94,22,4,18,,2 1 1 1 1 1 1 1 1 1 1 1 1 1 1 1 1 1 1 1 1,0.049586776859504134,success,False,False,
pm_stb,89,22,8,14,,2 2 1 1 1 1 1 1 1 1 1 1 1 1 1 1 1 1 1 1,0.05371900826446281,success,False,False,
pm_stb,773,22,8,14,,2 2 1 1 1 1 1 1 1 1 1 1 1 1 1 1 1 1 1 1,0.05371900826446281,success,False,False,
pm_stb,654,22,8,14,,3 2 2 1 1 1 1 1 1 1 1 1 1 1 1 1 1 1,0.06611570247933884,success,False,False,
pm_stb,438,22,8,14,,2 2 1 1 1 1 1 1 1 1 1 1 1 1 1 1 1 1 1 1,0.05371900826446281,success,False,False,
pm_stb,433,22,8,14,,1 1 1 1 1 1 1 1 1 1 1 1 1 1 1 1 1 1 1 1 1 1,0.045454545454545456,success,False,False,
pm_stb,858,22,8,14,,3 3 2 2 1 1 1 1 1 1 1 1 1 1 1 1,0.07851239669421488,success,False,False,
pm_stb,85,22,8,14,,1 1 1 1 1 1 1 1 1 1 1 1 1 1 1 1 1 1 1 1 1 1,0.045454545454545456,success,False,False,
pm_stb,697,22,8,14,,2 1 1 1 1 1 1 1 1 1 1 1 1 1 1 1 1 1 1 1 1,0.049586776859504134,success,False,False,
pm_stb,201,22,8,14,,2 2 1 1 1 1 1 1 1 1 1 1 1 1 1 1 1 1 1 1,0.05371900826446281,success,False,False,
pm_stb,94,22,8,14,,1 1 1 1 1 1 1 1 1 1 1 1 1 1 1 1 1 1 1 1 1 1,0.045454545454545456,success,False,False,
pm_stb,89,22,12,10,,3 2 2 2 2 2 1 1 1 1 1 1 1 1 1,0.07851239669421488,success,False,False,
pm_stb,773,22,12,10,,2 2 1 1 1 1 1 1 1 1 1 1 1 1 1 1 1 1 1 1,0.05371900826446281,success,False,False,
pm_stb,654,22,12,10,,2 2 1 1 1 1 1 1 1 1 1 1 1 1 1 1 1 1 1 1,0.05371900826446281,success,False,False,
pm_stb,438,22,12,10,,2 1 1 1 1 1 1 1 1 1 1 1 1 1 1 1 1 1 1 1 1,0.049586776859504134,success,False,False,
pm_stb,433,22,12,10,,2 2 2 1 1 1 1 1 1 1 1 1 1 1 1 1 1 1 1,0.05785123966942149,success,False,False,
pm_stb,858,22,12,10,,2 2 1 1 1 1 1 1 1 1 1 1 1 1 1 1 1 1 1 1,0.05371900826446281,success,False,False,
pm_stb,85,22,12,10,,2 2 2 2 1 1 1 1 1 1 1 1 1 1 1 1 1 1,0.06198347107438017,success,False,False,
pm_stb,697,22,12,10,,2 2 1 1 1 1 1 1 1 1 1 1 1 1 1 1 1 1 1 1,0.05371900826446281,success,False,False,
pm_stb,201,22,12,10,,2 2 2 2 2 2 1 1 1 1 1 1 1 1 1 1,0.07024793388429752,success,False,False,
pm_stb,94,22,12,10,,3 2 1 1 1 1 1 1 1 1 1 1 1 1 1 1 1 1 1,0.06198347107438017,success,False,False,
pm_stb,89,22,16,6,,7 2 2 2 2 1 1 1 1 1 1 1,0.1487603305785124,success,False,False,
pm_stb,773,22,16,6,,6 2 2 2 2 2 2 2 1 1,0.13636363636363635,success,False,False,
pm_stb,654,22,16,6,,4 3 3 2 2 2 2 1 1 1 1,0.1115702479338843,success,False,False,
pm_stb,438,22,16,6,,4 2 2 2 1 1 1 1 1 1 1 1 1 1 1 1,0.08264462809917356,success,False,False,
pm_stb,433,22,16,6,,5 4 2 2 2 2 1 1 1 1 1,0.128099173553719,success,False,False,
pm_stb,858,22,16,6,,6 2 2 2 1 1 1 1 1 1 1 1 1 1,0.11983471074380166,success,False,False,
pm_stb,85,22,16,6,,3 2 2 2 2 2 1 1 1 1 1 1 1 1 1,0.07851239669421488,success,False,False,
pm_stb,697,22,16,6,,4 3 3 2 2 1 1 1 1 1 1 1 1,0.10330578512396695,success,False,False,
pm_stb,201,22,16,6,,3 3 2 2 2 2 1 1 1 1 1 1 1 1,0.08677685950413223,success,False,False,
pm_stb,94,22,16,6,,4 2 2 2 2 1 1 1 1 1 1 1 1 1 1,0.08677685950413223,success,False,False,
pm_stb,89,22,20,2,,16 4 2,0.5702479338842975,success,False,False,
pm_stb,773,22,20,2,,13 6 3,0.44214876033057854,success,False,False,
pm_stb,654,22,20,2,,11 7 4,0.384297520661157,success,False,False,
pm_stb,438,22,20,2,,9 6 4 3,0.29338842975206614,success,False,False,
pm_stb,433,22,20,2,,10 6 3 2 1,0.30991735537190085,success,False,False,
pm_stb,858,22,20,2,,14 8,0.5371900826446281,success,False,False,
pm_stb,85,22,20,2,,9 8 5,0.3512396694214876,success,False,False,
pm_stb,697,22,20,2,,11 6 4 1,0.359504132231405,success,False,False,
pm_stb,201,22,20,2,,8 6 5 3,0.2768595041322314,success,False,False,
pm_stb,94,22,20,2,,11 6 3 2,0.3512396694214876,success,False,False,
pm_stb,89,23,0,23,,3 3 2 2 2 2 1 1 1 1 1 1 1 1 1,0.08128544423440454,success,False,False,
pm_stb,773,23,0,23,,2 2 2 2 1 1 1 1 1 1 1 1 1 1 1 1 1 1 1,0.05860113421550094,success,False,False,
pm_stb,654,23,0,23,,2 2 2 1 1 1 1 1 1 1 1 1 1 1 1 1 1 1 1 1,0.054820415879017016,success,False,False,
pm_stb,438,23,0,23,,3 2 2 2 1 1 1 1 1 1 1 1 1 1 1 1 1 1,0.0661625708884688,success,False,False,
pm_stb,433,23,0,23,,2 2 2 2 2 1 1 1 1 1 1 1 1 1 1 1 1 1,0.062381852551984876,success,False,False,
pm_stb,858,23,0,23,,4 2 2 2 2 2 1 1 1 1 1 1 1 1 1,0.08506616257088846,success,False,False,
pm_stb,85,23,0,23,,4 3 3 2 1 1 1 1 1 1 1 1 1 1 1,0.09262759924385633,success,False,False,
pm_stb,697,23,0,23,,2 2 1 1 1 1 1 1 1 1 1 1 1 1 1 1 1 1 1 1 1,0.05103969754253308,success,False,False,
pm_stb,201,23,0,23,,3 2 2 2 1 1 1 1 1 1 1 1 1 1 1 1 1 1,0.0661625708884688,success,False,False,
pm_stb,94,23,0,23,,2 2 2 2 2 2 1 1 1 1 1 1 1 1 1 1 1,0.0661625708884688,success,False,False,
pm_stb,89,23,4,19,,2 2 2 2 1 1 1 1 1 1 1 1 1 1 1 1 1 1 1,0.05860113421550094,success,False,False,
pm_stb,773,23,4,19,,1 1 1 1 1 1 1 1 1 1 1 1 1 1 1 1 1 1 1 1 1 1 1,0.043478260869565216,success,False,False,
pm_stb,654,23,4,19,,2 2 1 1 1 1 1 1 1 1 1 1 1 1 1 1 1 1 1 1 1,0.05103969754253308,success,False,False,
pm_stb,438,23,4,19,,2 1 1 1 1 1 1 1 1 1 1 1 1 1 1 1 1 1 1 1 1 1,0.04725897920604915,success,False,False,
pm_stb,433,23,4,19,,2 1 1 1 1 1 1 1 1 1 1 1 1 1 1 1 1 1 1 1 1 1,0.04725897920604915,success,False,False,
pm_stb,858,23,4,19,,2 2 2 2 2 1 1 1 1 1 1 1 1 1 1 1 1 1,0.062381852551984876,success,False,False,
pm_stb,85,23,4,19,,2 2 2 2 1 1 1 1 1 1 1 1 1 1 1 1 1 1 1,0.05860113421550094,success,False,False,
pm_stb,697,23,4,19,,2 1 1 1 1 1 1 1 1 1 1 1 1 1 1 1 1 1 1 1 1 1,0.04725897920604915,success,False,False,
pm_stb,201,23,4,19,,2 1 1 1 1 1 1 1 1 1 1 1 1 1 1 1 1 1 1 1 1 1,0.04725897920604915,success,False,False,
pm_stb,94,23,4,19,,3 3 2 2 2 1 1 1 1 1 1 1 1 1 1 1,0.07750472589792061,success,False,False,
pm_stb,89,23,8,15,,3 2 2 2 2 2 1 1 1 1 1 1 1 1 1 1,0.07372400756143667,success,False,False,
pm_stb,773,23,8,15,,2 2 1 1 1 1 1 1 1 1 1 1 1 1 1 1 1 1 1 1 1,0.05103969754253308,success,False,False,
pm_stb,654,23,8,15,,2 2 1 1 1 1 1 1 1 1 1 1 1 1 1 1 1 1 1 1 1,0.05103969754253308,success,False,False,
pm_stb,438,23,8,15,,2 1 1 1 1 1 1 1 1 1 1 1 1 1 1 1 1 1 1 1 1 1,0.04725897920604915,success,False,False,
pm_stb,433,23,8,15,,3 2 2 2 2 2 1 1 1 1 1 1 1 1 1 1,0.07372400756143667,success,False,False,
pm_stb,858,23,8,15,,2 2 2 1 1 1 1 1 1 1 1 1 1 1 1 1 1 1 1 1,0.054820415879017016,success,False,False,
pm_stb,85,23,8,15,,2 2 2 2 1 1 1 1 1 1 1 1 1 1 1 1 1 1 1,0.05860113421550094,success,False,False,
pm_stb,697,23,8,15,,2 1 1 1 1 1 1 1 1 1 1 1 1 1 1 1 1 1 1 1 1 1,0.04725897920604915,success,False,False,
pm_stb,201,23,8,15,,3 2 2 2 2 1 1 1 1 1 1 1 1 1 1 1 1,0.06994328922495274,success,False,False,
pm_stb,94,23,8,15,,1 1 1 1 1 1 1 1 1 1 1 1 1 1 1 1 1 1 1 1 1 1 1,0.043478260869565216,success,False,False,
pm_stb,89,23,12,11,,2 2 1 1 1 1 1 1 1 1 1 1 1 1 1 1 1 1 1 1 1,0.05103969754253308,success,False,False,
pm_stb,773,23,12,11,,2 2 2 1 1 1 1 1 1 1 1 1 1 1 1 1 1 1 1 1,0.054820415879017016,success,False,False,
pm_stb,654,23,12,11,,2 2 1 1 1 1 1 1 1 1 1 1 1 1 1 1 1 1 1 1 1,0.05103969754253308,success,False,False,
pm_stb,438,23,12,11,,2 2 1 1 1 1 1 1 1 1 1 1 1 1 1 1 1 1 1 1 1,0.05103969754253308,success,False,False,
pm_stb,433,23,12,11,,2 2 2 2 1 1 1 1 1 1 1 1 1 1 1 1 1 1 1,0.05860113421550094,success,False,False,
pm_stb,858,23,12,11,,2 1 1 1 1 1 1 1 1 1 1 1 1 1 1 1 1 1 1 1 1 1,0.04725897920604915,success,False,False,
pm_stb,85,23,12,11,,3 3 2 1 1 1 1 1 1 1 1 1 1 1 1 1 1 1,0.06994328922495274,success,False,False,
pm_stb,697,23,12,11,,2 2 2 1 1 1 1 1 1 1 1 1 1 1 1 1 1 1 1 1,0.054820415879017016,success,False,False,
pm_stb,201,23,12,11,,2 2 1 1 1 1 1 1 1 1 1 1 1 1 1 1 1 1 1 1 1,0.05103969754253308,success,False,False,
pm_stb,94,23,12,11,,2 1 1 1 1 1 1 1 1 1 1 1 1 1 1 1 1 1 1 1 1 1,0.04725897920604915,success,False,False,
pm_stb,89,23,16,7,,5 2 2 2 2 2 1 1 1 1 1 1 1 1,0.1001890359168242,success,False,False,
pm_stb,773,23,16,7,,4 3 2 2 2 2 2 2 1 1 1 1,0.1001890359168242,success,False,False,
pm_stb,654,23,16,7,,2 2 2 2 2 2 1 1 1 1 1 1 1 1 1 1 1,0.0661625708884688,success,False,False,
pm_stb,438,23,16,7,,6 2 2 1 1 1 1 1 1 1 1 1 1 1 1 1,0.10775047258979206,success,False,False,
pm_stb,433,23,16,7,,6 2 2 2 2 1 1 1 1 1 1 1 1 1,0.11531190926275993,success,False,False,
pm_stb,858,23,16,7,,3 3 2 2 2 2 2 2 1 1 1 1 1,0.0888468809073724,success,False,False,
pm_stb,85,23,16,7,,4 3 2 2 2 2 1 1 1 1 1 1 1 1,0.09262759924385633,success,False,False,
pm_stb,697,23,16,7,,4 2 2 2 2 1 1 1 1 1 1 1 1 1 1 1,0.08128544423440454,success,False,False,
pm_stb,201,23,16,7,,4 3 3 1 1 1 1 1 1 1 1 1 1 1 1 1,0.0888468809073724,success,False,False,
pm_stb,94,23,16,7,,3 3 2 1 1 1 1 1 1 1 1 1 1 1 1 1 1 1,0.06994328922495274,success,False,False,
pm_stb,89,23,20,3,,10 4 3 2 2 2,0.2589792060491493,success,False,False,
pm_stb,773,23,20,3,,8 8 4 2 1,0.28166351606805295,success,False,False,
pm_stb,654,23,20,3,,7 4 4 3 2 2 1,0.18714555765595464,success,False,False,
pm_stb,438,23,20,3,,7 6 4 3 2 1,0.21739130434782608,success,False,False,
pm_stb,433,23,20,3,,10 4 3 2 1 1 1 1,0.2514177693761815,success,False,False,
pm_stb,858,23,20,3,,10 7 2 2 1 1,0.3005671077504726,success,False,False,
pm_stb,85,23,20,3,,8 6 4 3 2,0.2438563327032136,success,False,False,
pm_stb,697,23,20,3,,11 4 3 2 2 1,0.29300567107750475,success,False,False,
pm_stb,201,23,20,3,,10 3 3 2 2 2 1,0.24763705103969755,success,False,False,
pm_stb,94,23,20,3,,7 5 4 2 2 2 1,0.1947069943289225,success,False,False,
pm_stb,89,24,0,24,,2 2 2 1 1 1 1 1 1 1 1 1 1 1 1 1 1 1 1 1 1,0.052083333333333336,success,False,False,
pm_stb,773,24,0,24,,2 2 1 1 1 1 1 1 1 1 1 1 1 1 1 1 1 1 1 1 1 1,0.04861111111111111,success,False,False,
pm_stb,654,24,0,24,,2 2 2 1 1 1 1 1 1 1 1 1 1 1 1 1 1 1 1 1 1,0.052083333333333336,success,False,False,
pm_stb,438,24,0,24,,3 2 2 2 2 2 1 1 1 1 1 1 1 1 1 1 1,0.06944444444444445,success,False,False,
pm_stb,433,24,0,24,,3 2 2 2 2 1 1 1 1 1 1 1 1 1 1 1 1 1,0.06597222222222222,success,False,False,
pm_stb,858,24,0,24,,3 3 2 2 2 2 1 1 1 1 1 1 1 1 1 1,0.0763888888888889,success,False,False,
pm_stb,85,24,0,24,,3 2 2 2 1 1 1 1 1 1 1 1 1 1 1 1 1 1 1,0.0625,success,False,False,
pm_stb,697,24,0,24,,4 3 3 2 2 2 2 2 1 1 1 1,0.10069444444444445,success,False,False,
pm_stb,201,24,0,24,,3 2 2 2 2 2 1 1 1 1 1 1 1 1 1 1 1,0.06944444444444445,success,False,False,
pm_stb,94,24,0,24,,5 2 2 2 2 1 1 1 1 1 1 1 1 1 1 1,0.09027777777777778,success,False,False,
pm_stb,89,24,4,20,,1 1 1 1 1 1 1 1 1 1 1 1 1 1 1 1 1 1 1 1 1 1 1 1,0.041666666666666664,success,False,False,
pm_stb,773,24,4,20,,2 2 2 2 2 2 1 1 1 1 1 1 1 1 1 1 1 1,0.0625,success,False,False,
pm_stb,654,24,4,20,,2 2 2 2 2 1 1 1 1 1 1 1 1 1 1 1 1 1 1,0.059027777777777776,success,False,False,
pm_stb,438,24,4,20,,2 2 2 1 1 1 1 1 1 1 1 1 1 1 1 1 1 1 1 1 1,0.052083333333333336,success,False,False,
pm_stb,433,24,4,20,,2 1 1 1 1 1 1 1 1 1 1 1 1 1 1 1 1 1 1 1 1 1 1,0.04513888888888889,success,False,False,
pm_stb,858,24,4,20,,3 2 1 1 1 1 1 1 1 1 1 1 1 1 1 1 1 1 1 1 1,0.05555555555555555,success,False,False,
pm_stb,85,24,4,20,,4 3 1 1 1 1 1 1 1 1 1 1 1 1 1 1 1 1 1,0.07291666666666667,success,False,False,
pm_stb,697,24,4,20,,3 2 2 2 2 1 1 1 1 1 1 1 1 1 1 1 1 1,0.06597222222222222,success,False,False,
pm_stb,201,24,4,20,,2 1 1 1 1 1 1 1 1 1 1 1 1 1 1 1 1 1 1 1 1 1 1,0.04513888888888889,success,False,False,
pm_stb,94,24,4,20,,2 2 2 2 1 1 1 1 1 1 1 1 1 1 1 1 1 1 1 1,0.05555555555555555,success,False,False,
pm_stb,89,24,8,16,,2 2 1 1 1 1 1 1 1 1 1 1 1 1 1 1 1 1 1 1 1 1,0.04861111111111111,success,False,False,
pm_stb,773,24,8,16,,2 2 2 1 1 1 1 1 1 1 1 1 1 1 1 1 1 1 1 1 1,0.052083333333333336,success,False,False,
pm_stb,654,24,8,16,,2 2 1 1 1 1 1 1 1 1 1 1 1 1 1 1 1 1 1 1 1 1,0.04861111111111111,success,False,False,
pm_stb,438,24,8,16,,2 2 1 1 1 1 1 1 1 1 1 1 1 1 1 1 1 1 1 1 1 1,0.04861111111111111,success,False,False,
pm_stb,433,24,8,16,,2 2 2 1 1 1 1 1 1 1 1 1 1 1 1 1 1 1 1 1 1,0.052083333333333336,success,False,False,
pm_stb,858,24,8,16,,2 2 2 1 1 1 1 1 1 1 1 1 1 1 1 1 1 1 1 1 1,0.052083333333333336,success,False,False,
pm_stb,85,24,8,16,,2 2 2 2 1 1 1 1 1 1 1 1 1 1 1 1 1 1 1 1,0.05555555555555555,success,False,False,
pm_stb,697,24,8,16,,2 2 1 1 1 1 1 1 1 1 1 1 1 1 1 1 1 1 1 1 1 1,0.04861111111111111,success,False,False,
pm_stb,201,24,8,16,,1 1 1 1 1 1 1 1 1 1 1 1 1 1 1 1 1 1 1 1 1 1 1 1,0.041666666666666664,success,False,False,
pm_stb,94,24,8,16,,2 2 2 2 2 2 2 1 1 1 1 1 1 1 1 1 1,0.06597222222222222,success,False,False,
pm_stb,89,24,12,12,,3 1 1 1 1 1 1 1 1 1 1 1 1 1 1 1 1 1 1 1 1 1,0.052083333333333336,success,False,False,
pm_stb,773,24,12,12,,4 2 2 2 2 2 2 1 1 1 1 1 1 1 1,0.08333333333333333,success,False,False,
pm_stb,654,24,12,12,,3 2 2 2 1 1 1 1 1 1 1 1 1 1 1 1 1 1 1,0.0625,success,False,False,
pm_stb,438,24,12,12,,2 2 2 2 2 1 1 1 1 1 1 1 1 1 1 1 1 1 1,0.059027777777777776,success,False,False,
pm_stb,433,24,12,12,,2 2 2 1 1 1 1 1 1 1 1 1 1 1 1 1 1 1 1 1 1,0.052083333333333336,success,False,False,
pm_stb,858,24,12,12,,2 2 2 1 1 1 1 1 1 1 1 1 1 1 1 1 1 1 1 1 1,0.052083333333333336,success,False,False,
pm_stb,85,24,12,12,,2 1 1 1 1 1 1 1 1 1 1 1 1 1 1 1 1 1 1 1 1 1 1,0.04513888888888889,success,False,False,
pm_stb,697,24,12,12,,2 2 2 1 1 1 1 1 1 1 1 1 1 1 1 1 1 1 1 1 1,0.052083333333333336,success,False,False,
pm_stb,201,24,12,12,,2 2 1 1 1 1 1 1 1 1 1 1 1 1 1 1 1 1 1 1 1 1,0.04861111111111111,success,False,False,
pm_stb,94,24,12,12,,2 2 2 2 2 1 1 1 1 1 1 1 1 1 1 1 1 1 1,0.059027777777777776,success,False,False,
pm_stb,89,24,16,8,,2 2 2 2 2 2 2 1 1 1 1 1 1 1 1 1 1,0.06597222222222222,success,False,False,
pm_stb,773,24,16,8,,2 2 2 2 1 1 1 1 1 1 1 1 1 1 1 1 1 1 1 1,0.05555555555555555,success,False,False,
pm_stb,654,24,16,8,,4 3 2 2 2 1 1 1 1 1 1 1 1 1 1 1,0.08333333333333333,success,False,False,
pm_stb,438,24,16,8,,2 2 2 2 1 1 1 1 1 1 1 1 1 1 1 1 1 1 1 1,0.05555555555555555,success,False,False,
pm_stb,433,24,16,8,,6 2 2 1 1 1 1 1 1 1 1 1 1 1 1 1 1,0.10069444444444445,success,False,False,
pm_stb,858,24,16,8,,3 3 3 2 2 2 2 2 1 1 1 1 1,0.09027777777777778,success,False,False,
pm_stb,85,24,16,8,,4 3 2 2 2 2 2 1 1 1 1 1 1 1,0.09027777777777778,success,False,False,
pm_stb,697,24,16,8,,2 2 2 2 2 1 1 1 1 1 1 1 1 1 1 1 1 1 1,0.059027777777777776,success,False,False,
pm_stb,201,24,16,8,,4 2 2 2 2 2 2 1 1 1 1 1 1 1 1,0.08333333333333333,success,False,False,
pm_stb,94,24,16,8,,2 2 1 1 1 1 1 1 1 1 1 1 1 1 1 1 1 1 1 1 1 1,0.04861111111111111,success,False,False,
pm_stb,89,24,20,4,,6 4 3 2 2 1 1 1 1 1 1 1,0.13194444444444445,success,False,False,
pm_stb,773,24,20,4,,7 6 3 2 2 2 1 1,0.1875,success,False,False,
pm_stb,654,24,20,4,,13 4 4 2 1,0.3576388888888889,success,False,False,
pm_stb,438,24,20,4,,5 4 4 3 2 2 2 2,0.1423611111111111,success,False,False,
pm_stb,433,24,20,4,,8 6 3 2 2 2 1,0.21180555555555555,success,False,False,
pm_stb,858,24,20,4,,9 3 2 2 1 1 1 1 1 1 1 1,0.1840277777777778,success,False,False,
pm_stb,85,24,20,4,,14 3 2 2 1 1 1,0.375,success,False,False,
pm_stb,697,24,20,4,,9 5 4 2 2 1 1,0.22916666666666666,success,False,False,
pm_stb,201,24,20,4,,7 3 3 2 2 2 1 1 1 1 1,0.14583333333333334,success,False,False,
pm_stb,94,24,20,4,,4 3 3 2 2 2 2 2 1 1 1 1,0.10069444444444445,success,False,False,
pm_stb,89,25,0,25,,3 2 2 2 1 1 1 1 1 1 1 1 1 1 1 1 1 1 1 1,0.0592,success,False,False,
pm_stb,773,25,0,25,,2 2 2 1 1 1 1 1 1 1 1 1 1 1 1 1 1 1 1 1 1 1,0.0496,success,False,False,
pm_stb,654,25,0,25,,2 2 1 1 1 1 1 1 1 1 1 1 1 1 1 1 1 1 1 1 1 1 1,0.0464,success,False,False,
pm_stb,438,25,0,25,,2 1 1 1 1 1 1 1 1 1 1 1 1 1 1 1 1 1 1 1 1 1 1 1,0.0432,success,False,False,
pm_stb,433,25,0,25,,3 2 2 2 2 1 1 1 1 1 1 1 1 1 1 1 1 1 1,0.0624,success,False,False,
pm_stb,858,25,0,25,,4 2 2 2 2 2 1 1 1 1 1 1 1 1 1 1 1,0.0752,success,False,False,
pm_stb,85,25,0,25,,2 1 1 1 1 1 1 1 1 1 1 1 1 1 1 1 1 1 1 1 1 1 1 1,0.0432,success,False,False,
pm_stb,697,25,0,25,,2 2 2 2 1 1 1 1 1 1 1 1 1 1 1 1 1 1 1 1 1,0.0528,success,False,False,
pm_stb,201,25,0,25,,2 2 1 1 1 1 1 1 1 1 1 1 1 1 1 1 1 1 1 1 1 1 1,0.0464,success,False,False,
pm_stb,94,25,0,25,,4 2 1 1 1 1 1 1 1 1 1 1 1 1 1 1 1 1 1 1 1,0.0624,success,False,False,
pm_stb,89,25,4,21,,2 2 1 1 1 1 1 1 1 1 1 1 1 1 1 1 1 1 1 1 1 1 1,0.0464,success,False,False,
pm_stb,773,25,4,21,,3 1 1 1 1 1 1 1 1 1 1 1 1 1 1 1 1 1 1 1 1 1 1,0.0496,success,False,False,
pm_stb,654,25,4,21,,3 2 2 2 1 1 1 1 1 1 1 1 1 1 1 1 1 1 1 1,0.0592,success,False,False,
pm_stb,438,25,4,21,,2 2 2 2 1 1 1 1 1 1 1 1 1 1 1 1 1 1 1 1 1,0.0528,success,False,False,
pm_stb,433,25,4,21,,3 2 2 2 2 1 1 1 1 1 1 1 1 1 1 1 1 1 1,0.0624,success,False,False,
pm_stb,858,25,4,21,,2 2 1 1 1 1 1 1 1 1 1 1 1 1 1 1 1 1 1 1 1 1 1,0.0464,success,False,False,
pm_stb,85,25,4,21,,2 1 1 1 1 1 1 1 1 1 1 1 1 1 1 1 1 1 1 1 1 1 1 1,0.0432,success,False,False,
pm_stb,697,25,4,21,,2 1 1 1 1 1 1 1 1 1 1 1 1 1 1 1 1 1 1 1 1 1 1 1,0.0432,success,False,False,
pm_stb,201,25,4,21,,2 1 1 1 1 1 1 1 1 1 1 1 1 1 1 1 1 1 1 1 1 1 1 1,0.0432,success,False,False,
pm_stb,94,25,4,21,,2 2 2 1 1 1 1 1 1 1 1 1 1 1 1 1 1 1 1 1 1 1,0.0496,success,False,False,
pm_stb,89,25,8,17,,1 1 1 1 1 1 1 1 1 1 1 1 1 1 1 1 1 1 1 1 1 1 1 1 1,0.04,success,False,False,
pm_stb,773,25,8,17,,2 2 1 1 1 1 1 1 1 1 1 1 1 1 1 1 1 1 1 1 1 1 1,0.0464,success,False,False,
pm_stb,654,25,8,17,,2 2 1 1 1 1 1 1 1 1 1 1 1 1 1 1 1 1 1 1 1 1 1,0.0464,success,False,False,
pm_stb,438,25,8,17,,1 1 1 1 1 1 1 1 1 1 1 1 1 1 1 1 1 1 1 1 1 1 1 1 1,0.04,success,False,False,
pm_stb,433,25,8,17,,2 2 2 2 1 1 1 1 1 1 1 1 1 1 1 1 1 1 1 1 1,0.0528,success,False,False,
pm_stb,858,25,8,17,,2 2 1 1 1 1 1 1 1 1 1 1 1 1 1 1 1 1 1 1 1 1 1,0.0464,success,False,False,
pm_stb,85,25,8,17,,2 1 1 1 1 1 1 1 1 1 1 1 1 1 1 1 1 1 1 1 1 1 1 1,0.0432,success,False,False,
pm_stb,697,25,8,17,,3 2 2 2 2 1 1 1 1 1 1 1 1 1 1 1 1 1 1,0.0624,success,False,False,
pm_stb,201,25,8,17,,2 1 1 1 1 1 1 1 1 1 1 1 1 1 1 1 1 1 1 1 1 1 1 1,0.0432,success,False,False,
pm_stb,94,25,8,17,,2 2 2 2 1 1 1 1 1 1 1 1 1 1 1 1 1 1 1 1 1,0.0528,success,False,False,
pm_stb,89,25,12,13,,2 1 1 1 1 1 1 1 1 1 1 1 1 1 1 1 1 1 1 1 1 1 1 1,0.0432,success,False,False,
pm_stb,773,25,12,13,,2 2 2 2 2 1 1 1 1 1 1 1 1 1 1 1 1 1 1 1,0.056,success,False,False,
pm_stb,654,25,12,13,,3 2 2 1 1 1 1 1 1 1 1 1 1 1 1 1 1 1 1 1 1,0.056,success,False,False,
pm_stb,438,25,12,13,,2 1 1 1 1 1 1 1 1 1 1 1 1 1 1 1 1 1 1 1 1 1 1 1,0.0432,success,False,False,
pm_stb,433,25,12,13,,2 2 2 1 1 1 1 1 1 1 1 1 1 1 1 1 1 1 1 1 1 1,0.0496,success,False,False,
pm_stb,858,25,12,13,,2 1 1 1 1 1 1 1 1 1 1 1 1 1 1 1 1 1 1 1 1 1 1 1,0.0432,success,False,False,
pm_stb,85,25,12,13,,2 1 1 1 1 1 1 1 1 1 1 1 1 1 1 1 1 1 1 1 1 1 1 1,0.0432,success,False,False,
pm_stb,697,25,12,13,,2 1 1 1 1 1 1 1 1 1 1 1 1 1 1 1 1 1 1 1 1 1 1 1,0.0432,success,False,False,
pm_stb,201,25,12,13,,3 3 2 2 2 1 1 1 1 1 1 1 1 1 1 1 1 1,0.0688,success,False,False,
pm_stb,94,25,12,13,,2 2 2 1 1 1 1 1 1 1 1 1 1 1 1 1 1 1 1 1 1 1,0.0496,success,False,False,
pm_stb,89,25,16,9,,3 2 2 2 2 2 2 2 1 1 1 1 1 1 1 1,0.072,success,False,False,
pm_stb,773,25,16,9,,8 2 2 1 1 1 1 1 1 1 1 1 1 1 1 1,0.136,success,False,False,
pm_stb,654,25,16,9,,3 3 2 2 2 2 2 2 2 1 1 1 1 1,0.0816,success,False,False,
pm_stb,438,25,16,9,,4 3 2 2 2 2 1 1 1 1 1 1 1 1 1 1,0.0816,success,False,False,
pm_stb,433,25,16,9,,2 2 2 2 2 2 2 1 1 1 1 1 1 1 1 1 1 1,0.0624,success,False,False,
pm_stb,858,25,16,9,,5 4 3 2 2 2 1 1 1 1 1 1 1,0.1104,success,False,False,
pm_stb,85,25,16,9,,2 2 2 2 2 2 2 2 1 1 1 1 1 1 1 1 1,0.0656,success,False,False,
pm_stb,697,25,16,9,,3 2 2 2 2 1 1 1 1 1 1 1 1 1 1 1 1 1 1,0.0624,success,False,False,
pm_stb,201,25,16,9,,5 2 2 2 2 2 1 1 1 1 1 1 1 1 1 1,0.088,success,False,False,
pm_stb,94,25,16,9,,7 4 2 2 2 2 2 1 1 1 1,0.1424,success,False,False,
pm_stb,89,25,20,5,,8 4 3 2 2 2 2 2,0.1744,success,False,False,
pm_stb,773,25,20,5,,5 5 4 3 3 2 1 1 1,0.1456,success,False,False,
pm_stb,654,25,20,5,,9 4 4 1 1 1 1 1 1 1 1,0.1936,success,False,False,
pm_stb,438,25,20,5,,6 4 3 2 2 2 2 1 1 1 1,0.1296,success,False,False,
pm_stb,433,25,20,5,,5 3 3 2 2 2 1 1 1 1 1 1 1 1,0.1008,success,False,False,
pm_stb,858,25,20,5,,6 4 3 3 2 2 2 1 1 1,0.136,success,False,False,
pm_stb,85,25,20,5,,4 3 3 3 3 1 1 1 1 1 1 1 1 1,0.0976,success,False,False,
pm_stb,697,25,20,5,,4 4 2 2 2 2 2 2 2 1 1 1,0.1008,success,False,False,
pm_stb,201,25,20,5,,4 4 3 2 2 2 2 1 1 1 1 1 1,0.1008,success,False,False,
pm_stb,94,25,20,5,,11 4 3 2 2 2 1,0.2544,success,False,False,
pm_stb,89,25,24,1,,17 8,0.5648,success,False,False,
pm_stb,773,25,24,1,,17 8,0.5648,success,False,False,
pm_stb,654,25,24,1,,22 3,0.7888,success,False,False,
pm_stb,438,25,24,1,,13 12,0.5008,success,False,False,
pm_stb,433,25,24,1,,16 9,0.5392,success,False,False,
pm_stb,858,25,24,1,,17 8,0.5648,success,False,False,
pm_stb,85,25,24,1,,14 11,0.5072,success,False,False,
pm_stb,697,25,24,1,,17 8,0.5648,success,False,False,
pm_stb,201,25,24,1,,22 3,0.7888,success,False,False,
pm_stb,94,25,24,1,,15 10,0.52,success,False,False,
pm_stb,89,26,0,26,,3 2 2 2 1 1 1 1 1 1 1 1 1 1 1 1 1 1 1 1 1,0.05621301775147929,success,False,False,
pm_stb,773,26,0,26,,3 2 1 1 1 1 1 1 1 1 1 1 1 1 1 1 1 1 1 1 1 1 1,0.05029585798816568,success,False,False,
pm_stb,654,26,0,26,,2 2 2 1 1 1 1 1 1 1 1 1 1 1 1 1 1 1 1 1 1 1 1,0.047337278106508875,success,False,False,
pm_stb,438,26,0,26,,3 2 2 2 2 1 1 1 1 1 1 1 1 1 1 1 1 1 1 1,0.05917159763313609,success,False,False,
pm_stb,433,26,0,26,,3 2 2 2 1 1 1 1 1 1 1 1 1 1 1 1 1 1 1 1 1,0.05621301775147929,success,False,False,
pm_stb,858,26,0,26,,7 4 4 4 3 2 2,0.16863905325443787,success,False,False,
pm_stb,85,26,0,26,,3 2 1 1 1 1 1 1 1 1 1 1 1 1 1 1 1 1 1 1 1 1 1,0.05029585798816568,success,False,False,
pm_stb,697,26,0,26,,2 2 1 1 1 1 1 1 1 1 1 1 1 1 1 1 1 1 1 1 1 1 1 1,0.04437869822485207,success,False,False,
pm_stb,201,26,0,26,,4 3 2 2 2 1 1 1 1 1 1 1 1 1 1 1 1 1,0.07396449704142012,success,False,False,
pm_stb,94,26,0,26,,1 1 1 1 1 1 1 1 1 1 1 1 1 1 1 1 1 1 1 1 1 1 1 1 1 1,0.038461538461538464,success,False,False,
pm_stb,89,26,4,22,,2 2 1 1 1 1 1 1 1 1 1 1 1 1 1 1 1 1 1 1 1 1 1 1,0.04437869822485207,success,False,False,
pm_stb,773,26,4,22,,2 1 1 1 1 1 1 1 1 1 1 1 1 1 1 1 1 1 1 1 1 1 1 1 1,0.04142011834319527,success,False,False,
pm_stb,654,26,4,22,,4 2 1 1 1 1 1 1 1 1 1 1 1 1 1 1 1 1 1 1 1 1,0.05917159763313609,success,False,False,
pm_stb,438,26,4,22,,2 2 2 2 2 2 1 1 1 1 1 1 1 1 1 1 1 1 1 1,0.05621301775147929,success,False,False,
pm_stb,433,26,4,22,,3 2 2 1 1 1 1 1 1 1 1 1 1 1 1 1 1 1 1 1 1 1,0.05325443786982249,success,False,False,
pm_stb,858,26,4,22,,2 2 2 2 2 1 1 1 1 1 1 1 1 1 1 1 1 1 1 1 1,0.05325443786982249,success,False,False,
pm_stb,85,26,4,22,,2 2 1 1 1 1 1 1 1 1 1 1 1 1 1 1 1 1 1 1 1 1 1 1,0.04437869822485207,success,False,False,
pm_stb,697,26,4,22,,2 2 2 1 1 1 1 1 1 1 1 1 1 1 1 1 1 1 1 1 1 1 1,0.047337278106508875,success,False,False,
pm_stb,201,26,4,22,,2 1 1 1 1 1 1 1 1 1 1 1 1 1 1 1 1 1 1 1 1 1 1 1 1,0.04142011834319527,success,False,False,
pm_stb,94,26,4,22,,2 1 1 1 1 1 1 1 1 1 1 1 1 1 1 1 1 1 1 1 1 1 1 1 1,0.04142011834319527,success,False,False,
pm_stb,89,26,8,18,,2 1 1 1 1 1 1 1 1 1 1 1 1 1 1 1 1 1 1 1 1 1 1 1 1,0.04142011834319527,success,False,False,
pm_stb,773,26,8,18,,2 2 2 1 1 1 1 1 1 1 1 1 1 1 1 1 1 1 1 1 1 1 1,0.047337278106508875,success,False,False,
pm_stb,654,26,8,18,,4 2 2 2 2 1 1 1 1 1 1 1 1 1 1 1 1 1 1,0.06804733727810651,success,False,False,
pm_stb,438,26,8,18,,2 2 2 1 1 1 1 1 1 1 1 1 1 1 1 1 1 1 1 1 1 1 1,0.047337278106508875,success,False,False,
pm_stb,433,26,8,18,,2 2 2 2 1 1 1 1 1 1 1 1 1 1 1 1 1 1 1 1 1 1,0.05029585798816568,success,False,False,
pm_stb,858,26,8,18,,2 1 1 1 1 1 1 1 1 1 1 1 1 1 1 1 1 1 1 1 1 1 1 1 1,0.04142011834319527,success,False,False,
pm_stb,85,26,8,18,,2 1 1 1 1 1 1 1 1 1 1 1 1 1 1 1 1 1 1 1 1 1 1 1 1,0.04142011834319527,success,False,False,
pm_stb,697,26,8,18,,2 1 1 1 1 1 1 1 1 1 1 1 1 1 1 1 1 1 1 1 1 1 1 1 1,0.04142011834319527,success,False,False,
pm_stb,201,26,8,18,,4 2 2 2 1 1 1 1 1 1 1 1 1 1 1 1 1 1 1 1,0.0650887573964497,success,False,False,
pm_stb,94,26,8,18,,2 1 1 1 1 1 1 1 1 1 1 1 1 1 1 1 1 1 1 1 1 1 1 1 1,0.04142011834319527,success,False,False,
pm_stb,89,26,12,14,,2 2 2 2 1 1 1 1 1 1 1 1 1 1 1 1 1 1 1 1 1 1,0.05029585798816568,success,False,False,
pm_stb,773,26,12,14,,2 2 2 1 1 1 1 1 1 1 1 1 1 1 1 1 1 1 1 1 1 1 1,0.047337278106508875,success,False,False,
pm_stb,654,26,12,14,,1 1 1 1 1 1 1 1 1 1 1 1 1 1 1 1 1 1 1 1 1 1 1 1 1 1,0.038461538461538464,success,False,False,
pm_stb,438,26,12,14,,2 2 2 2 2 2 1 1 1 1 1 1 1 1 1 1 1 1 1 1,0.05621301775147929,success,False,False,
pm_stb,433,26,12,14,,2 2 1 1 1 1 1 1 1 1 1 1 1 1 1 1 1 1 1 1 1 1 1 1,0.04437869822485207,success,False,False,
pm_stb,858,26,12,14,,1 1 1 1 1 1 1 1 1 1 1 1 1 1 1 1 1 1 1 1 1 1 1 1 1 1,0.038461538461538464,success,False,False,
pm_stb,85,26,12,14,,2 2 1 1 1 1 1 1 1 1 1 1 1 1 1 1 1 1 1 1 1 1 1 1,0.04437869822485207,success,False,False,
pm_stb,697,26,12,14,,3 2 2 1 1 1 1 1 1 1 1 1 1 1 1 1 1 1 1 1 1 1,0.05325443786982249,success,False,False,
pm_stb,201,26,12,14,,2 2 2 1 1 1 1 1 1 1 1 1 1 1 1 1 1 1 1 1 1 1 1,0.047337278106508875,success,False,False,
pm_stb,94,26,12,14,,2 2 2 1 1 1 1 1 1 1 1 1 1 1 1 1 1 1 1 1 1 1 1,0.047337278106508875,success,False,False,
pm_stb,89,26,16,10,,5 3 1 1 1 1 1 1 1 1 1 1 1 1 1 1 1 1 1 1,0.07692307692307693,success,False,False,
pm_stb,773,26,16,10,,2 2 1 1 1 1 1 1 1 1 1 1 1 1 1 1 1 1 1 1 1 1 1 1,0.04437869822485207,success,False,False,
pm_stb,654,26,16,10,,5 2 2 2 2 2 2 2 2 1 1 1 1 1,0.09171597633136094,success,False,False,
pm_stb,438,26,16,10,,2 2 2 2 1 1 1 1 1 1 1 1 1 1 1 1 1 1 1 1 1 1,0.05029585798816568,success,False,False,
pm_stb,433,26,16,10,,3 2 2 2 2 1 1 1 1 1 1 1 1 1 1 1 1 1 1 1,0.05917159763313609,success,False,False,
pm_stb,858,26,16,10,,3 2 2 2 1 1 1 1 1 1 1 1 1 1 1 1 1 1 1 1 1,0.05621301775147929,success,False,False,
pm_stb,85,26,16,10,,2 2 2 2 2 1 1 1 1 1 1 1 1 1 1 1 1 1 1 1 1,0.05325443786982249,success,False,False,
pm_stb,697,26,16,10,,4 3 2 2 2 1 1 1 1 1 1 1 1 1 1 1 1 1,0.07396449704142012,success,False,False,
pm_stb,201,26,16,10,,2 2 2 1 1 1 1 1 1 1 1 1 1 1 1 1 1 1 1 1 1 1 1,0.047337278106508875,success,False,False,
pm_stb,94,26,16,10,,4 2 2 2 1 1 1 1 1 1 1 1 1 1 1 1 1 1 1 1,0.0650887573964497,success,False,False,
pm_stb,89,26,20,6,,4 3 2 2 2 2 1 1 1 1 1 1 1 1 1 1 1,0.07692307692307693,success,False,False,
pm_stb,773,26,20,6,,5 3 2 2 1 1 1 1 1 1 1 1 1 1 1 1 1 1,0.08284023668639054,success,False,False,
pm_stb,654,26,20,6,,7 6 4 2 2 2 1 1 1,0.17159763313609466,success,False,False,
pm_stb,438,26,20,6,,3 3 2 2 2 2 2 1 1 1 1 1 1 1 1 1 1,0.07100591715976332,success,False,False,
pm_stb,433,26,20,6,,5 4 4 3 2 2 1 1 1 1 1 1,0.11834319526627218,success,False,False,
pm_stb,858,26,20,6,,6 3 3 3 2 2 2 2 2 1,0.1242603550295858,success,False,False,
pm_stb,85,26,20,6,,4 4 2 2 2 1 1 1 1 1 1 1 1 1 1 1 1,0.08284023668639054,success,False,False,
pm_stb,697,26,20,6,,5 4 2 2 2 2 1 1 1 1 1 1 1 1 1,0.09763313609467456,success,False,False,
pm_stb,201,26,20,6,,4 3 2 2 2 2 1 1 1 1 1 1 1 1 1 1 1,0.07692307692307693,success,False,False,
pm_stb,94,26,20,6,,6 3 3 2 2 2 2 1 1 1 1 1 1,0.11242603550295859,success,False,False,
pm_stb,89,26,24,2,,12 8 6,0.3609467455621302,success,False,False,
pm_stb,773,26,24,2,,13 5 4 4,0.3343195266272189,success,False,False,
pm_stb,654,26,24,2,,17 6 3,0.4940828402366864,success,False,False,
pm_stb,438,26,24,2,,11 8 7,0.34615384615384615,success,False,False,
pm_stb,433,26,24,2,,16 9 1,0.5,success,False,False,
pm_stb,858,26,24,2,,16 6 4,0.4556213017751479,success,False,False,
pm_stb,85,26,24,2,,19 4 3,0.5710059171597633,success,False,False,
pm_stb,697,26,24,2,,15 8 3,0.4408284023668639,success,False,False,
pm_stb,201,26,24,2,,11 8 7,0.34615384615384615,success,False,False,
pm_stb,94,26,24,2,,18 7 1,0.5532544378698225,success,False,False,
pm_stb,89,28,0,28,,2 1 1 1 1 1 1 1 1 1 1 1 1 1 1 1 1 1 1 1 1 1 1 1 1 1 1,0.03826530612244898,success,False,False,
pm_stb,773,28,0,28,,3 2 2 2 1 1 1 1 1 1 1 1 1 1 1 1 1 1 1 1 1 1 1,0.05102040816326531,success,False,False,
pm_stb,654,28,0,28,,2 2 1 1 1 1 1 1 1 1 1 1 1 1 1 1 1 1 1 1 1 1 1 1 1 1,0.04081632653061224,success,False,False,
pm_stb,438,28,0,28,,2 2 2 2 2 1 1 1 1 1 1 1 1 1 1 1 1 1 1 1 1 1 1,0.04846938775510204,success,False,False,
pm_stb,433,28,0,28,,2 2 2 2 2 2 2 1 1 1 1 1 1 1 1 1 1 1 1 1 1,0.05357142857142857,success,False,False,
pm_stb,858,28,0,28,,3 2 2 2 2 2 2 2 1 1 1 1 1 1 1 1 1 1 1,0.061224489795918366,success,False,False,
pm_stb,85,28,0,28,,2 2 1 1 1 1 1 1 1 1 1 1 1 1 1 1 1 1 1 1 1 1 1 1 1 1,0.04081632653061224,success,False,False,
pm_stb,697,28,0,28,,3 2 2 2 1 1 1 1 1 1 1 1 1 1 1 1 1 1 1 1 1 1 1,0.05102040816326531,success,False,False,
pm_stb,201,28,0,28,,3 2 2 1 1 1 1 1 1 1 1 1 1 1 1 1 1 1 1 1 1 1 1 1,0.04846938775510204,success,False,False,
pm_stb,94,28,0,28,,2 2 2 2 1 1 1 1 1 1 1 1 1 1 1 1 1 1 1 1 1 1 1 1,0.04591836734693878,success,False,False,
pm_stb,89,28,4,24,,2 1 1 1 1 1 1 1 1 1 1 1 1 1 1 1 1 1 1 1 1 1 1 1 1 1 1,0.03826530612244898,success,False,False,
pm_stb,773,28,4,24,,2 2 1 1 1 1 1 1 1 1 1 1 1 1 1 1 1 1 1 1 1 1 1 1 1 1,0.04081632653061224,success,False,False,
pm_stb,654,28,4,24,,2 1 1 1 1 1 1 1 1 1 1 1 1 1 1 1 1 1 1 1 1 1 1 1 1 1 1,0.03826530612244898,success,False,False,
pm_stb,438,28,4,24,,2 1 1 1 1 1 1 1 1 1 1 1 1 1 1 1 1 1 1 1 1 1 1 1 1 1 1,0.03826530612244898,success,False,False,
pm_stb,433,28,4,24,,2 1 1 1 1 1 1 1 1 1 1 1 1 1 1 1 1 1 1 1 1 1 1 1 1 1 1,0.03826530612244898,success,False,False,
pm_stb,858,28,4,24,,4 2 2 2 2 1 1 1 1 1 1 1 1 1 1 1 1 1 1 1 1,0.061224489795918366,success,False,False,
pm_stb,85,28,4,24,,2 2 1 1 1 1 1 1 1 1 1 1 1 1 1 1 1 1 1 1 1 1 1 1 1 1,0.04081632653061224,success,False,False,
pm_stb,697,28,4,24,,2 2 2 2 2 2 2 1 1 1 1 1 1 1 1 1 1 1 1 1 1,0.05357142857142857,success,False,False,
pm_stb,201,28,4,24,,2 2 2 2 2 2 2 2 1 1 1 1 1 1 1 1 1 1 1 1,0.05612244897959184,success,False,False,
pm_stb,94,28,4,24,,2 2 1 1 1 1 1 1 1 1 1 1 1 1 1 1 1 1 1 1 1 1 1 1 1 1,0.04081632653061224,success,False,False,
pm_stb,89,28,8,20,,2 2 2 2 1 1 1 1 1 1 1 1 1 1 1 1 1 1 1 1 1 1 1 1,0.04591836734693878,success,False,False,
pm_stb,773,28,8,20,,2 2 1 1 1 1 1 1 1 1 1 1 1 1 1 1 1 1 1 1 1 1 1 1 1 1,0.04081632653061224,success,False,False,
pm_stb,654,28,8,20,,2 1 1 1 1 1 1 1 1 1 1 1 1 1 1 1 1 1 1 1 1 1 1 1 1 1 1,0.03826530612244898,success,False,False,
pm_stb,438,28,8,20,,1 1 1 1 1 1 1 1 1 1 1 1 1 1 1 1 1 1 1 1 1 1 1 1 1 1 1 1,0.03571428571428571,success,False,False,
pm_stb,433,28,8,20,,2 2 2 2 2 2 2 1 1 1 1 1 1 1 1 1 1 1 1 1 1,0.05357142857142857,success,False,False,
pm_stb,858,28,8,20,,2 2 2 1 1 1 1 1 1 1 1 1 1 1 1 1 1 1 1 1 1 1 1 1 1,0.04336734693877551,success,False,False,
pm_stb,85,28,8,20,,2 1 1 1 1 1 1 1 1 1 1 1 1 1 1 1 1 1 1 1 1 1 1 1 1 1 1,0.03826530612244898,success,False,False,
pm_stb,697,28,8,20,,2 2 2 1 1 1 1 1 1 1 1 1 1 1 1 1 1 1 1 1 1 1 1 1 1,0.04336734693877551,success,False,False,
pm_stb,201,28,8,20,,2 1 1 1 1 1 1 1 1 1 1 1 1 1 1 1 1 1 1 1 1 1 1 1 1 1 1,0.03826530612244898,success,False,False,
pm_stb,94,28,8,20,,1 1 1 1 1 1 1 1 1 1 1 1 1 1 1 1 1 1 1 1 1 1 1 1 1 1 1 1,0.03571428571428571,success,False,False,
pm_stb,89,28,12,16,,1 1 1 1 1 1 1 1 1 1 1 1 1 1 1 1 1 1 1 1 1 1 1 1 1 1 1 1,0.03571428571428571,success,False,False,
pm_stb,773,28,12,16,,3 2 1 1 1 1 1 1 1 1 1 1 1 1 1 1 1 1 1 1 1 1 1 1 1,0.04591836734693878,success,False,False,
pm_stb,654,28,12,16,,2 2 1 1 1 1 1 1 1 1 1 1 1 1 1 1 1 1 1 1 1 1 1 1 1 1,0.04081632653061224,success,False,False,
pm_stb,438,28,12,16,,2 2 2 1 1 1 1 1 1 1 1 1 1 1 1 1 1 1 1 1 1 1 1 1 1,0.04336734693877551,success,False,False,
pm_stb,433,28,12,16,,2 2 2 1 1 1 1 1 1 1 1 1 1 1 1 1 1 1 1 1 1 1 1 1 1,0.04336734693877551,success,False,False,
pm_stb,858,28,12,16,,2 2 1 1 1 1 1 1 1 1 1 1 1 1 1 1 1 1 1 1 1 1 1 1 1 1,0.04081632653061224,success,False,False,
pm_stb,85,28,12,16,,2 2 1 1 1 1 1 1 1 1 1 1 1 1 1 1 1 1 1 1 1 1 1 1 1 1,0.04081632653061224,success,False,False,
pm_stb,697,28,12,16,,2 2 2 2 1 1 1 1 1 1 1 1 1 1 1 1 1 1 1 1 1 1 1 1,0.04591836734693878,success,False,False,
pm_stb,201,28,12,16,,1 1 1 1 1 1 1 1 1 1 1 1 1 1 1 1 1 1 1 1 1 1 1 1 1 1 1 1,0.03571428571428571,success,False,False,
pm_stb,94,28,12,16,,2 2 2 2 2 1 1 1 1 1 1 1 1 1 1 1 1 1 1 1 1 1 1,0.04846938775510204,success,False,False,
pm_stb,89,28,16,12,,2 2 2 2 2 1 1 1 1 1 1 1 1 1 1 1 1 1 1 1 1 1 1,0.04846938775510204,success,False,False,
pm_stb,773,28,16,12,,2 2 1 1 1 1 1 1 1 1 1 1 1 1 1 1 1 1 1 1 1 1 1 1 1 1,0.04081632653061224,success,False,False,
pm_stb,654,28,16,12,,2 2 2 2 1 1 1 1 1 1 1 1 1 1 1 1 1 1 1 1 1 1 1 1,0.04591836734693878,success,False,False,
pm_stb,438,28,16,12,,2 2 2 2 2 1 1 1 1 1 1 1 1 1 1 1 1 1 1 1 1 1 1,0.04846938775510204,success,False,False,
pm_stb,433,28,16,12,,4 2 2 2 1 1 1 1 1 1 1 1 1 1 1 1 1 1 1 1 1 1,0.058673469387755105,success,False,False,
pm_stb,858,28,16,12,,2 2 2 2 2 2 1 1 1 1 1 1 1 1 1 1 1 1 1 1 1 1,0.05102040816326531,success,False,False,
pm_stb,85,28,16,12,,3 2 2 2 2 2 2 2 1 1 1 1 1 1 1 1 1 1 1,0.061224489795918366,success,False,False,
pm_stb,697,28,16,12,,2 2 2 2 2 2 2 2 2 1 1 1 1 1 1 1 1 1 1,0.058673469387755105,success,False,False,
pm_stb,201,28,16,12,,3 2 2 1 1 1 1 1 1 1 1 1 1 1 1 1 1 1 1 1 1 1 1 1,0.04846938775510204,success,False,False,
pm_stb,94,28,16,12,,3 2 2 2 2 2 2 1 1 1 1 1 1 1 1 1 1 1 1 1,0.058673469387755105,success,False,False,
pm_stb,89,28,20,8,,3 2 2 2 2 2 1 1 1 1 1 1 1 1 1 1 1 1 1 1 1,0.05612244897959184,success,False,False,
pm_stb,773,28,20,8,,5 2 2 2 2 1 1 1 1 1 1 1 1 1 1 1 1 1 1 1,0.07142857142857142,success,False,False,
pm_stb,654,28,20,8,,4 3 2 2 2 1 1 1 1 1 1 1 1 1 1 1 1 1 1 1,0.0663265306122449,success,False,False,
pm_stb,438,28,20,8,,4 3 2 2 2 1 1 1 1 1 1 1 1 1 1 1 1 1 1 1,0.0663265306122449,success,False,False,
pm_stb,433,28,20,8,,3 3 3 3 2 2 2 2 2 2 1 1 1 1,0.08163265306122448,success,False,False,
pm_stb,858,28,20,8,,4 2 2 2 2 1 1 1 1 1 1 1 1 1 1 1 1 1 1 1 1,0.061224489795918366,success,False,False,
pm_stb,85,28,20,8,,5 2 2 1 1 1 1 1 1 1 1 1 1 1 1 1 1 1 1 1 1 1,0.0663265306122449,success,False,False,
pm_stb,697,28,20,8,,5 3 2 2 2 2 2 1 1 1 1 1 1 1 1 1 1,0.08163265306122448,success,False,False,
pm_stb,201,28,20,8,,2 2 2 2 2 2 2 2 2 1 1 1 1 1 1 1 1 1 1,0.058673469387755105,success,False,False,
pm_stb,94,28,20,8,,5 4 4 2 2 2 2 1 1 1 1 1 1 1,0.10204081632653061,success,False,False,
pm_stb,89,28,24,4,,10 5 5 4 1 1 1 1,0.21683673469387754,success,False,False,
pm_stb,773,28,24,4,,16 5 3 2 1 1,0.37755102040816324,success,False,False,
pm_stb,654,28,24,4,,15 3 3 2 2 1 1 1,0.3239795918367347,success,False,False,
pm_stb,438,28,24,4,,6 4 4 3 3 3 2 1 1 1,0.13010204081632654,success,False,False,
pm_stb,433,28,24,4,,14 4 2 2 1 1 1 1 1 1,0.288265306122449,success,False,False,
pm_stb,858,28,24,4,,12 8 4 3 1,0.29846938775510207,success,False,False,
pm_stb,85,28,24,4,,9 7 4 3 2 2 1,0.20918367346938777,success,False,False,
pm_stb,697,28,24,4,,15 5 2 2 2 1 1,0.336734693877551,success,False,False,
pm_stb,201,28,24,4,,13 4 3 2 2 2 1 1,0.2653061224489796,success,False,False,
pm_stb,94,28,24,4,,14 4 3 2 2 2 1,0.29846938775510207,success,False,False,
pm_stb,89,30,0,30,,,,timeout,True,False,
pm_stb,773,30,0,30,,,,timeout,True,False,
pm_stb,654,30,0,30,,,,timeout,True,False,
pm_stb,89,30,15,15,,2 2 2 2 2 2 2 1 1 1 1 1 1 1 1 1 1 1 1 1 1 1 1,0.04888888888888889,success,False,False,
pm_stb,773,30,15,15,,2 2 2 1 1 1 1 1 1 1 1 1 1 1 1 1 1 1 1 1 1 1 1 1 1 1 1,0.04,success,False,False,
pm_stb,654,30,15,15,,3 2 2 2 2 1 1 1 1 1 1 1 1 1 1 1 1 1 1 1 1 1 1 1,0.04888888888888889,success,False,False,
pm_stb,438,30,15,15,,2 2 2 2 2 1 1 1 1 1 1 1 1 1 1 1 1 1 1 1 1 1 1 1 1,0.044444444444444446,success,False,False,
pm_stb,433,30,15,15,,1 1 1 1 1 1 1 1 1 1 1 1 1 1 1 1 1 1 1 1 1 1 1 1 1 1 1 1 1 1,0.03333333333333333,success,False,False,
pm_stb,858,30,15,15,,2 1 1 1 1 1 1 1 1 1 1 1 1 1 1 1 1 1 1 1 1 1 1 1 1 1 1 1 1,0.035555555555555556,success,False,False,
pm_stb,85,30,15,15,,2 1 1 1 1 1 1 1 1 1 1 1 1 1 1 1 1 1 1 1 1 1 1 1 1 1 1 1 1,0.035555555555555556,success,False,False,
pm_stb,697,30,15,15,,2 2 2 2 2 1 1 1 1 1 1 1 1 1 1 1 1 1 1 1 1 1 1 1 1,0.044444444444444446,success,False,False,
pm_stb,201,30,15,15,,2 2 2 2 1 1 1 1 1 1 1 1 1 1 1 1 1 1 1 1 1 1 1 1 1 1,0.042222222222222223,success,False,False,
pm_stb,94,30,15,15,,4 3 2 2 2 2 2 2 1 1 1 1 1 1 1 1 1 1 1,0.06666666666666667,success,False,False,
pm_stb,89,30,20,10,,6 2 2 2 2 2 1 1 1 1 1 1 1 1 1 1 1 1 1 1,0.07777777777777778,success,False,False,
pm_stb,773,30,20,10,,3 2 2 2 2 2 1 1 1 1 1 1 1 1 1 1 1 1 1 1 1 1 1,0.051111111111111114,success,False,False,
pm_stb,654,30,20,10,,5 3 3 2 1 1 1 1 1 1 1 1 1 1 1 1 1 1 1 1 1,0.07111111111111111,success,False,False,
pm_stb,438,30,20,10,,3 2 2 2 2 2 1 1 1 1 1 1 1 1 1 1 1 1 1 1 1 1 1,0.051111111111111114,success,False,False,
pm_stb,433,30,20,10,,2 2 2 1 1 1 1 1 1 1 1 1 1 1 1 1 1 1 1 1 1 1 1 1 1 1 1,0.04,success,False,False,
pm_stb,858,30,20,10,,4 2 2 2 1 1 1 1 1 1 1 1 1 1 1 1 1 1 1 1 1 1 1 1,0.05333333333333334,success,False,False,
pm_stb,85,30,20,10,,3 3 3 2 2 2 1 1 1 1 1 1 1 1 1 1 1 1 1 1 1,0.06,success,False,False,
pm_stb,697,30,20,10,,4 2 2 2 2 2 2 2 1 1 1 1 1 1 1 1 1 1 1 1,0.06222222222222222,success,False,False,
pm_stb,201,30,20,10,,4 4 3 2 2 2 2 1 1 1 1 1 1 1 1 1 1 1,0.07555555555555556,success,False,False,
pm_stb,94,30,20,10,,3 2 2 2 2 2 2 2 2 1 1 1 1 1 1 1 1 1 1 1,0.057777777777777775,success,False,False,
pm_stb,89,30,25,5,,7 7 3 3 3 2 2 2 1,0.15333333333333332,success,False,False,
pm_stb,773,30,25,5,,5 5 2 2 2 2 2 2 2 1 1 1 1 1 1,0.09333333333333334,success,False,False,
pm_stb,654,30,25,5,,8 6 4 3 3 2 2 1 1,0.16,success,False,False,
pm_stb,438,30,25,5,,6 4 4 3 2 2 2 1 1 1 1 1 1 1,0.10666666666666667,success,False,False,
pm_stb,433,30,25,5,,13 7 2 2 2 1 1 1 1,0.26,success,False,False,
pm_stb,858,30,25,5,,12 7 3 3 2 2 1,0.24444444444444444,success,False,False,
pm_stb,85,30,25,5,,12 5 2 2 2 2 1 1 1 1 1,0.2111111111111111,success,False,False,
pm_stb,697,30,25,5,,14 3 2 2 2 1 1 1 1 1 1 1,0.24888888888888888,success,False,False,
pm_stb,201,30,25,5,,6 5 4 3 2 2 1 1 1 1 1 1 1 1,0.11333333333333333,success,False,False,
pm_stb,94,30,25,5,,8 4 4 3 3 2 2 2 2,0.14444444444444443,success,False,False,
pm_stb,89,32,20,12,,2 2 2 2 2 2 1 1 1 1 1 1 1 1 1 1 1 1 1 1 1 1 1 1 1 1,0.04296875,success,False,False,
pm_stb,773,32,20,12,,3 2 2 2 1 1 1 1 1 1 1 1 1 1 1 1 1 1 1 1 1 1 1 1 1 1 1,0.04296875,success,False,False,
pm_stb,654,32,20,12,,7 2 2 2 2 1 1 1 1 1 1 1 1 1 1 1 1 1 1 1 1 1,0.080078125,success,False,False,
pm_stb,438,32,20,12,,2 2 2 2 1 1 1 1 1 1 1 1 1 1 1 1 1 1 1 1 1 1 1 1 1 1 1 1,0.0390625,success,False,False,
pm_stb,433,32,20,12,,2 2 2 2 2 1 1 1 1 1 1 1 1 1 1 1 1 1 1 1 1 1 1 1 1 1 1,0.041015625,success,False,False,
pm_stb,858,32,20,12,,2 2 2 1 1 1 1 1 1 1 1 1 1 1 1 1 1 1 1 1 1 1 1 1 1 1 1 1 1,0.037109375,success,False,False,
pm_stb,85,32,20,12,,2 2 2 1 1 1 1 1 1 1 1 1 1 1 1 1 1 1 1 1 1 1 1 1 1 1 1 1 1,0.037109375,success,False,False,
pm_stb,697,32,20,12,,2 2 2 2 2 1 1 1 1 1 1 1 1 1 1 1 1 1 1 1 1 1 1 1 1 1 1,0.041015625,success,False,False,
pm_stb,201,32,20,12,,2 2 2 2 2 2 2 2 1 1 1 1 1 1 1 1 1 1 1 1 1 1 1 1,0.046875,success,False,False,
pm_stb,94,32,20,12,,2 2 2 2 1 1 1 1 1 1 1 1 1 1 1 1 1 1 1 1 1 1 1 1 1 1 1 1,0.0390625,success,False,False,
pm_stb,89,32,25,7,,5 4 4 2 2 2 2 2 2 1 1 1 1 1 1 1,0.0859375,success,False,False,
pm_stb,773,32,25,7,,8 5 3 2 2 2 2 2 1 1 1 1 1 1,0.12109375,success,False,False,
pm_stb,654,32,25,7,,10 5 2 2 2 1 1 1 1 1 1 1 1 1 1 1,0.14453125,success,False,False,
pm_stb,438,32,25,7,,6 3 2 1 1 1 1 1 1 1 1 1 1 1 1 1 1 1 1 1 1 1 1 1,0.068359375,success,False,False,
pm_stb,433,32,25,7,,4 4 3 3 2 2 2 2 1 1 1 1 1 1 1 1 1 1,0.07421875,success,False,False,
pm_stb,858,32,25,7,,10 5 3 3 2 2 1 1 1 1 1 1 1,0.154296875,success,False,False,
pm_stb,85,32,25,7,,13 6 4 2 2 2 1 1 1,0.23046875,success,False,False,
pm_stb,697,32,25,7,,5 3 3 3 3 2 2 1 1 1 1 1 1 1 1 1 1 1,0.078125,success,False,False,
pm_stb,201,32,25,7,,6 3 3 3 2 2 2 2 2 2 2 1 1 1,0.091796875,success,False,False,
pm_stb,94,32,25,7,,9 5 5 2 2 1 1 1 1 1 1 1 1 1,0.14453125,success,False,False,
pm_stb,89,32,30,2,,23 5 3 1,0.55078125,success,False,False,
pm_stb,773,32,30,2,,23 5 4,0.556640625,success,False,False,
pm_stb,654,32,30,2,,21 10 1,0.529296875,success,False,False,
pm_stb,438,32,30,2,,20 7 2 2 1,0.447265625,success,False,False,
pm_stb,433,32,30,2,,14 11 6 1,0.345703125,success,False,False,
pm_stb,858,32,30,2,,20 10 2,0.4921875,success,False,False,
pm_stb,85,32,30,2,,24 6 2,0.6015625,success,False,False,
pm_stb,697,32,30,2,,18 9 5,0.419921875,success,False,False,
pm_stb,201,32,30,2,,18 10 2 2,0.421875,success,False,False,
pm_stb,94,32,30,2,,18 12 2,0.4609375,success,False,False,
pm_stb,89,37,25,12,,2 2 2 2 2 1 1 1 1 1 1 1 1 1 1 1 1 1 1 1 1 1 1 1 1 1 1 1 1 1 1 1,0.03433162892622352,success,False,False,
pm_stb,773,37,25,12,,4 2 2 2 2 2 1 1 1 1 1 1 1 1 1 1 1 1 1 1 1 1 1 1 1 1 1 1 1,0.04309715120525932,success,False,False,
pm_stb,654,37,25,12,,4 3 3 2 2 2 1 1 1 1 1 1 1 1 1 1 1 1 1 1 1 1 1 1 1 1 1,0.04894083272461651,success,False,False,
pm_stb,438,37,25,12,,3 3 2 2 2 2 1 1 1 1 1 1 1 1 1 1 1 1 1 1 1 1 1 1 1 1 1 1 1,0.04163623082542001,success,False,False,
pm_stb,433,37,25,12,,4 3 2 2 2 2 2 2 2 1 1 1 1 1 1 1 1 1 1 1 1 1 1 1 1,0.050401753104455806,success,False,False,
pm_stb,858,37,25,12,,3 2 2 2 2 2 2 2 2 1 1 1 1 1 1 1 1 1 1 1 1 1 1 1 1 1 1,0.04309715120525932,success,False,False,
pm_stb,85,37,25,12,,3 3 2 2 2 2 1 1 1 1 1 1 1 1 1 1 1 1 1 1 1 1 1 1 1 1 1 1 1,0.04163623082542001,success,False,False,
pm_stb,697,37,25,12,,2 2 2 2 2 1 1 1 1 1 1 1 1 1 1 1 1 1 1 1 1 1 1 1 1 1 1 1 1 1 1 1,0.03433162892622352,success,False,False,
pm_stb,201,37,25,12,,2 2 2 1 1 1 1 1 1 1 1 1 1 1 1 1 1 1 1 1 1 1 1 1 1 1 1 1 1 1 1 1 1 1,0.031409788166544925,success,False,False,
pm_stb,94,37,25,12,,4 4 4 3 3 2 2 2 2 2 2 1 1 1 1 1 1 1,0.07085463842220599,success,False,False,
pm_stb,89,37,30,7,,17 5 4 2 2 2 2 2 1,0.25639152666179693,success,False,False,
pm_stb,773,37,30,7,,10 5 4 3 2 2 2 1 1 1 1 1 1 1 1 1,0.12490869247626005,success,False,False,
pm_stb,654,37,30,7,,10 5 4 3 2 2 2 2 2 2 1 1 1,0.12929145361577793,success,False,False,
pm_stb,438,37,30,7,,10 4 3 2 2 2 2 2 2 1 1 1 1 1 1 1 1,0.11468224981738495,success,False,False,
pm_stb,433,37,30,7,,7 4 4 2 2 2 2 2 2 2 2 1 1 1 1 1 1,0.08692476260043827,success,False,False,
pm_stb,858,37,30,7,,5 5 4 3 3 3 2 2 2 1 1 1 1 1 1 1 1,0.08254200146092038,success,False,False,
pm_stb,85,37,30,7,,6 5 3 2 2 2 2 2 2 2 2 1 1 1 1 1 1 1,0.07962016070124178,success,False,False,
pm_stb,697,37,30,7,,6 6 3 3 3 2 2 2 1 1 1 1 1 1 1 1 1 1,0.08838568298027757,success,False,False,
pm_stb,201,37,30,7,,5 5 4 4 3 2 2 2 1 1 1 1 1 1 1 1 1 1,0.08254200146092038,success,False,False,
pm_stb,94,37,30,7,,8 4 3 3 2 2 2 2 2 2 1 1 1 1 1 1 1,0.09422936449963477,success,False,False,
pm_stb,89,37,35,2,,24 6 5 2,0.46822498173849525,success,False,False,
pm_stb,773,37,35,2,,25 6 5 1,0.5018261504747992,success,False,False,
pm_stb,654,37,35,2,,32 3 2,0.7574872169466764,success,False,False,
pm_stb,438,37,35,2,,23 8 4 2,0.44777209642074506,success,False,False,
pm_stb,433,37,35,2,,26 8 3,0.5471146822498174,success,False,False,
pm_stb,858,37,35,2,,27 6 2 2,0.5646457268078889,success,False,False,
pm_stb,85,37,35,2,,29 4 2 2,0.6318480642804967,success,False,False,
pm_stb,697,37,35,2,,25 7 3 2,0.5018261504747992,success,False,False,
pm_stb,201,37,35,2,,24 9 3 1,0.48721694667640614,success,False,False,
pm_stb,94,37,35,2,,19 18,0.5003652300949598,success,False,False,
pm_stb,89,42,30,12,,4 3 3 2 2 2 2 2 2 2 2 2 1 1 1 1 1 1 1 1 1 1 1 1 1 1,0.047619047619047616,success,False,False,
pm_stb,773,42,30,12,,8 3 3 3 2 1 1 1 1 1 1 1 1 1 1 1 1 1 1 1 1 1 1 1 1 1 1 1,0.06689342403628118,success,False,False,
pm_stb,654,42,30,12,,6 4 3 3 2 2 2 2 2 1 1 1 1 1 1 1 1 1 1 1 1 1 1 1 1,0.060090702947845805,success,False,False,
pm_stb,438,42,30,12,,3 3 2 2 2 2 2 2 1 1 1 1 1 1 1 1 1 1 1 1 1 1 1 1 1 1 1 1 1 1 1 1,0.03741496598639456,success,False,False,
pm_stb,433,42,30,12,,6 4 3 2 2 2 2 1 1 1 1 1 1 1 1 1 1 1 1 1 1 1 1 1 1 1 1 1,0.05555555555555555,success,False,False,
pm_stb,858,42,30,12,,7 6 3 2 2 2 2 2 2 1 1 1 1 1 1 1 1 1 1 1 1 1 1,0.07482993197278912,success,False,False,
pm_stb,85,42,30,12,,4 3 2 2 2 2 2 2 2 2 2 2 1 1 1 1 1 1 1 1 1 1 1 1 1 1 1,0.045351473922902494,success,False,False,
pm_stb,697,42,30,12,,8 2 2 2 2 1 1 1 1 1 1 1 1 1 1 1 1 1 1 1 1 1 1 1 1 1 1 1 1 1 1,0.060090702947845805,success,False,False,
pm_stb,201,42,30,12,,5 4 3 2 2 2 2 2 2 1 1 1 1 1 1 1 1 1 1 1 1 1 1 1 1 1 1,0.05215419501133787,success,False,False,
pm_stb,94,42,30,12,,4 3 2 2 2 2 2 2 2 2 2 1 1 1 1 1 1 1 1 1 1 1 1 1 1 1 1 1,0.04421768707482993,success,False,False,
pm_stb,89,42,35,7,,9 4 4 3 2 2 2 2 2 2 2 1 1 1 1 1 1 1 1,0.08956916099773243,success,False,False,
pm_stb,773,42,35,7,,12 4 4 4 3 2 2 2 2 2 1 1 1 1 1,0.12811791383219956,success,False,False,
pm_stb,654,42,35,7,,8 8 4 4 2 2 2 2 2 2 2 1 1 1 1,0.10884353741496598,success,False,False,
pm_stb,438,42,35,7,,9 5 5 4 4 3 2 2 2 1 1 1 1 1 1,0.10770975056689343,success,False,False,
pm_stb,433,42,35,7,,7 5 4 4 4 2 2 2 2 2 2 1 1 1 1 1 1,0.08616780045351474,success,False,False,
pm_stb,858,42,35,7,,15 4 3 3 2 2 2 2 2 2 1 1 1 1 1,0.16326530612244897,success,False,False,
pm_stb,85,42,35,7,,7 6 4 4 4 2 2 2 2 2 1 1 1 1 1 1 1,0.09070294784580499,success,False,False,
pm_stb,697,42,35,7,,12 6 3 2 2 2 2 2 2 2 2 2 1 1 1,0.1292517006802721,success,False,False,
pm_stb,201,42,35,7,,12 4 3 2 2 2 2 2 2 2 2 2 1 1 1 1 1,0.11904761904761904,success,False,False,
pm_stb,94,42,35,7,,9 5 4 4 3 3 2 2 2 1 1 1 1 1 1 1 1,0.09977324263038549,success,False,False,
pm_stb,89,42,40,2,,34 6 2,0.6780045351473923,success,False,False,
pm_stb,773,42,40,2,,25 12 5,0.4501133786848073,success,False,False,
pm_stb,654,42,40,2,,35 5 2,0.7108843537414966,success,False,False,
pm_stb,438,42,40,2,,32 6 4,0.6099773242630385,success,False,False,
pm_stb,433,42,40,2,,35 5 2,0.7108843537414966,success,False,False,
pm_stb,858,42,40,2,,26 9 7,0.45691609977324266,success,False,False,
pm_stb,85,42,40,2,,29 7 6,0.5249433106575964,success,False,False,
pm_stb,697,42,40,2,,31 5 3 2 1,0.5668934240362812,success,False,False,
pm_stb,201,42,40,2,,30 9 2 1,0.5589569160997733,success,False,False,
pm_stb,94,42,40,2,,32 10,0.63718820861678,success,False,False,
pm_stb,89,47,35,12,,5 4 3 2 2 2 2 2 2 2 2 2 1 1 1 1 1 1 1 1 1 1 1 1 1 1 1 1 1,0.046627433227704844,success,False,False,
pm_stb,773,47,35,12,,6 5 2 2 2 2 2 2 2 2 1 1 1 1 1 1 1 1 1 1 1 1 1 1 1 1 1 1 1 1,0.05115436849253056,success,False,False,
pm_stb,654,47,35,12,,4 4 3 3 2 2 2 2 2 2 1 1 1 1 1 1 1 1 1 1 1 1 1 1 1 1 1 1 1 1 1,0.04300588501584427,success,False,False,
pm_stb,438,47,35,12,,3 3 3 3 3 3 2 2 2 2 2 2 2 2 2 1 1 1 1 1 1 1 1 1 1 1,0.045722046174739704,success,False,False,
pm_stb,433,47,35,12,,12 3 2 2 2 2 2 2 2 2 1 1 1 1 1 1 1 1 1 1 1 1 1 1 1 1,0.09099139882299682,success,False,False,
pm_stb,858,47,35,12,,9 4 4 3 2 2 2 2 2 1 1 1 1 1 1 1 1 1 1 1 1 1 1 1 1 1,0.07197827071072883,success,False,False,
pm_stb,85,47,35,12,,11 4 2 2 2 2 2 2 1 1 1 1 1 1 1 1 1 1 1 1 1 1 1 1 1 1 1 1,0.0819375282933454,success,False,False,
pm_stb,697,47,35,12,,7 3 3 2 2 2 2 2 1 1 1 1 1 1 1 1 1 1 1 1 1 1 1 1 1 1 1 1 1 1 1 1,0.05024898143956542,success,False,False,
pm_stb,201,47,35,12,,6 4 3 2 2 2 1 1 1 1 1 1 1 1 1 1 1 1 1 1 1 1 1 1 1 1 1 1 1 1 1 1 1 1,0.045722046174739704,success,False,False,
pm_stb,94,47,35,12,,11 5 4 3 3 2 2 2 2 2 2 1 1 1 1 1 1 1 1 1,0.09642372114078769,success,False,False,
pm_stb,89,47,40,7,,14 10 5 3 2 2 2 2 1 1 1 1 1 1 1,0.15980081484834766,success,False,False,
pm_stb,773,47,40,7,,16 5 5 3 2 2 2 2 1 1 1 1 1 1 1 1 1 1,0.15436849253055682,success,False,False,
pm_stb,654,47,40,7,,14 6 3 3 3 2 2 2 2 2 1 1 1 1 1 1 1 1,0.12992304210049796,success,False,False,
pm_stb,438,47,40,7,,8 8 7 6 2 2 2 1 1 1 1 1 1 1 1 1 1 1 1,0.1072883657763694,success,False,False,
pm_stb,433,47,40,7,,12 7 6 5 4 2 2 2 2 2 1 1 1,0.13263920325939338,success,False,False,
pm_stb,858,47,40,7,,16 5 5 3 3 2 2 2 2 2 1 1 1 1 1,0.15799004074241738,success,False,False,
pm_stb,85,47,40,7,,14 6 3 3 2 2 2 2 2 2 1 1 1 1 1 1 1 1 1,0.12811226799456768,success,False,False,
pm_stb,697,47,40,7,,20 6 6 3 3 2 2 2 2 1,0.22951561792666364,success,False,False,
pm_stb,201,47,40,7,,12 6 6 4 3 2 2 2 2 1 1 1 1 1 1 1 1,0.1199637845178814,success,False,False,
pm_stb,94,47,40,7,,10 6 5 4 3 3 2 2 2 2 2 1 1 1 1 1 1,0.10004526935264826,success,False,False,
pm_stb,89,47,45,2,,29 16 2,0.498415572657311,success,False,False,
pm_stb,773,47,45,2,,38 8 1,0.6831145314622001,success,False,False,
pm_stb,654,47,45,2,,35 12,0.6197374377546401,success,False,False,
pm_stb,438,47,45,2,,35 10 2,0.6016296966953373,success,False,False,
pm_stb,433,47,45,2,,39 5 3,0.7039384336803983,success,False,False,
pm_stb,858,47,45,2,,31 11 5,0.5011317338162065,success,False,False,
pm_stb,85,47,45,2,,26 12 7 2,0.39520144861928475,success,False,False,
pm_stb,697,47,45,2,,31 10 5 1,0.492077863286555,success,False,False,
pm_stb,201,47,45,2,,32 8 7,0.5147125396106835,success,False,False,
pm_stb,94,47,45,2,,34 8 5,0.5636034404708012,success,False,False,
pm_stb,89,32,15,17,,2 2 2 2 2 1 1 1 1 1 1 1 1 1 1 1 1 1 1 1 1 1 1 1 1 1 1,0.041015625,success,False,False,
pm_stb,773,32,15,17,,3 2 2 2 1 1 1 1 1 1 1 1 1 1 1 1 1 1 1 1 1 1 1 1 1 1 1,0.04296875,success,False,False,
pm_stb,654,32,15,17,,2 2 2 2 1 1 1 1 1 1 1 1 1 1 1 1 1 1 1 1 1 1 1 1 1 1 1 1,0.0390625,success,False,False,
pm_stb,438,32,15,17,,2 2 2 1 1 1 1 1 1 1 1 1 1 1 1 1 1 1 1 1 1 1 1 1 1 1 1 1 1,0.037109375,success,False,False,
pm_stb,433,32,15,17,,3 2 2 2 2 1 1 1 1 1 1 1 1 1 1 1 1 1 1 1 1 1 1 1 1 1,0.044921875,success,False,False,
pm_stb,858,32,15,17,,2 2 2 2 1 1 1 1 1 1 1 1 1 1 1 1 1 1 1 1 1 1 1 1 1 1 1 1,0.0390625,success,False,False,
pm_stb,85,32,15,17,,2 1 1 1 1 1 1 1 1 1 1 1 1 1 1 1 1 1 1 1 1 1 1 1 1 1 1 1 1 1 1,0.033203125,success,False,False,
pm_stb,697,32,15,17,,4 2 2 2 2 2 2 2 1 1 1 1 1 1 1 1 1 1 1 1 1 1,0.056640625,success,False,False,
pm_stb,201,32,15,17,,2 2 1 1 1 1 1 1 1 1 1 1 1 1 1 1 1 1 1 1 1 1 1 1 1 1 1 1 1 1,0.03515625,success,False,False,
pm_stb,94,32,15,17,,2 2 2 2 2 1 1 1 1 1 1 1 1 1 1 1 1 1 1 1 1 1 1 1 1 1 1,0.041015625,success,False,False,
pm_stb,89,37,20,17,,2 2 2 2 1 1 1 1 1 1 1 1 1 1 1 1 1 1 1 1 1 1 1 1 1 1 1 1 1 1 1 1 1,0.03287070854638422,success,False,False,
pm_stb,773,37,20,17,,2 2 2 1 1 1 1 1 1 1 1 1 1 1 1 1 1 1 1 1 1 1 1 1 1 1 1 1 1 1 1 1 1 1,0.031409788166544925,success,False,False,
pm_stb,654,37,20,17,,4 2 2 2 1 1 1 1 1 1 1 1 1 1 1 1 1 1 1 1 1 1 1 1 1 1 1 1 1 1 1,0.04017531044558072,success,False,False,
pm_stb,438,37,20,17,,2 2 2 2 1 1 1 1 1 1 1 1 1 1 1 1 1 1 1 1 1 1 1 1 1 1 1 1 1 1 1 1 1,0.03287070854638422,success,False,False,
pm_stb,433,37,20,17,,3 2 2 2 2 1 1 1 1 1 1 1 1 1 1 1 1 1 1 1 1 1 1 1 1 1 1 1 1 1 1,0.03725346968590212,success,False,False,
pm_stb,858,37,20,17,,2 2 2 1 1 1 1 1 1 1 1 1 1 1 1 1 1 1 1 1 1 1 1 1 1 1 1 1 1 1 1 1 1 1,0.031409788166544925,success,False,False,
pm_stb,85,37,20,17,,4 2 2 2 2 2 1 1 1 1 1 1 1 1 1 1 1 1 1 1 1 1 1 1 1 1 1 1 1,0.04309715120525932,success,False,False,
pm_stb,697,37,20,17,,2 2 2 2 2 1 1 1 1 1 1 1 1 1 1 1 1 1 1 1 1 1 1 1 1 1 1 1 1 1 1 1,0.03433162892622352,success,False,False,
pm_stb,201,37,20,17,,2 2 2 2 2 1 1 1 1 1 1 1 1 1 1 1 1 1 1 1 1 1 1 1 1 1 1 1 1 1 1 1,0.03433162892622352,success,False,False,
pm_stb,94,37,20,17,,2 2 2 2 2 1 1 1 1 1 1 1 1 1 1 1 1 1 1 1 1 1 1 1 1 1 1 1 1 1 1 1,0.03433162892622352,success,False,False,
pm_stb,89,42,25,17,,2 2 1 1 1 1 1 1 1 1 1 1 1 1 1 1 1 1 1 1 1 1 1 1 1 1 1 1 1 1 1 1 1 1 1 1 1 1 1 1,0.026077097505668934,success,False,False,
pm_stb,773,42,25,17,,2 2 2 2 2 2 2 1 1 1 1 1 1 1 1 1 1 1 1 1 1 1 1 1 1 1 1 1 1 1 1 1 1 1 1,0.031746031746031744,success,False,False,
pm_stb,654,42,25,17,,3 2 2 2 2 2 2 2 1 1 1 1 1 1 1 1 1 1 1 1 1 1 1 1 1 1 1 1 1 1 1 1 1,0.035147392290249435,success,False,False,
pm_stb,438,42,25,17,,2 2 2 2 1 1 1 1 1 1 1 1 1 1 1 1 1 1 1 1 1 1 1 1 1 1 1 1 1 1 1 1 1 1 1 1 1 1,0.02834467120181406,success,False,False,
pm_stb,433,42,25,17,,3 2 2 2 2 2 2 1 1 1 1 1 1 1 1 1 1 1 1 1 1 1 1 1 1 1 1 1 1 1 1 1 1 1,0.034013605442176874,success,False,False,
pm_stb,858,42,25,17,,2 2 2 1 1 1 1 1 1 1 1 1 1 1 1 1 1 1 1 1 1 1 1 1 1 1 1 1 1 1 1 1 1 1 1 1 1 1 1,0.027210884353741496,success,False,False,
pm_stb,85,42,25,17,,2 2 2 2 2 2 2 2 2 2 2 1 1 1 1 1 1 1 1 1 1 1 1 1 1 1 1 1 1 1 1,0.036281179138321996,success,False,False,
pm_stb,697,42,25,17,,2 2 2 2 2 2 2 2 2 1 1 1 1 1 1 1 1 1 1 1 1 1 1 1 1 1 1 1 1 1 1 1 1,0.034013605442176874,success,False,False,
pm_stb,201,42,25,17,,3 2 2 2 2 2 2 2 1 1 1 1 1 1 1 1 1 1 1 1 1 1 1 1 1 1 1 1 1 1 1 1 1,0.035147392290249435,success,False,False,
pm_stb,94,42,25,17,,2 2 2 2 1 1 1 1 1 1 1 1 1 1 1 1 1 1 1 1 1 1 1 1 1 1 1 1 1 1 1 1 1 1 1 1 1 1,0.02834467120181406,success,False,False,
pm_stb,89,47,30,17,,3 2 2 2 2 2 1 1 1 1 1 1 1 1 1 1 1 1 1 1 1 1 1 1 1 1 1 1 1 1 1 1 1 1 1 1 1 1 1 1,0.028519692168401993,success,False,False,
pm_stb,773,47,30,17,,2 2 2 2 2 2 2 2 2 2 1 1 1 1 1 1 1 1 1 1 1 1 1 1 1 1 1 1 1 1 1 1 1 1 1 1 1,0.030330466274332276,success,False,False,
pm_stb,654,47,30,17,,5 4 3 2 2 2 1 1 1 1 1 1 1 1 1 1 1 1 1 1 1 1 1 1 1 1 1 1 1 1 1 1 1 1 1,0.04119511090991399,success,False,False,
pm_stb,438,47,30,17,,3 2 2 2 2 2 2 1 1 1 1 1 1 1 1 1 1 1 1 1 1 1 1 1 1 1 1 1 1 1 1 1 1 1 1 1 1 1 1,0.029425079221367133,success,False,False,
pm_stb,433,47,30,17,,2 2 2 2 2 2 2 2 1 1 1 1 1 1 1 1 1 1 1 1 1 1 1 1 1 1 1 1 1 1 1 1 1 1 1 1 1 1 1,0.028519692168401993,success,False,False,
pm_stb,858,47,30,17,,2 2 2 2 2 2 2 2 1 1 1 1 1 1 1 1 1 1 1 1 1 1 1 1 1 1 1 1 1 1 1 1 1 1 1 1 1 1 1,0.028519692168401993,success,False,False,
pm_stb,85,47,30,17,,6 3 2 2 2 2 1 1 1 1 1 1 1 1 1 1 1 1 1 1 1 1 1 1 1 1 1 1 1 1 1 1 1 1 1 1,0.04119511090991399,success,False,False,
pm_stb,697,47,30,17,,4 3 2 2 2 2 2 1 1 1 1 1 1 1 1 1 1 1 1 1 1 1 1 1 1 1 1 1 1 1 1 1 1 1 1 1 1,0.033952014486192846,success,False,False,
pm_stb,201,47,30,17,,4 4 3 2 2 2 2 2 2 2 2 2 1 1 1 1 1 1 1 1 1 1 1 1 1 1 1 1 1 1,0.04300588501584427,success,False,False,
pm_stb,94,47,30,17,,5 2 2 2 2 2 2 2 2 1 1 1 1 1 1 1 1 1 1 1 1 1 1 1 1 1 1 1 1 1 1 1 1 1 1,0.03757356269805342,success,False,False,
pm_stb,89,30,10,20,,2 1 1 1 1 1 1 1 1 1 1 1 1 1 1 1 1 1 1 1 1 1 1 1 1 1 1 1 1,0.035555555555555556,success,False,False,
pm_stb,773,30,10,20,,2 2 2 2 2 2 2 1 1 1 1 1 1 1 1 1 1 1 1 1 1 1 1,0.04888888888888889,success,False,False,
pm_stb,654,30,10,20,,4 2 2 1 1 1 1 1 1 1 1 1 1 1 1 1 1 1 1 1 1 1 1 1 1,0.051111111111111114,success,False,False,
pm_stb,438,30,10,20,,2 1 1 1 1 1 1 1 1 1 1 1 1 1 1 1 1 1 1 1 1 1 1 1 1 1 1 1 1,0.035555555555555556,success,False,False,
pm_stb,433,30,10,20,,2 1 1 1 1 1 1 1 1 1 1 1 1 1 1 1 1 1 1 1 1 1 1 1 1 1 1 1 1,0.035555555555555556,success,False,False,
pm_stb,858,30,10,20,,2 2 2 2 1 1 1 1 1 1 1 1 1 1 1 1 1 1 1 1 1 1 1 1 1 1,0.042222222222222223,success,False,False,
pm_stb,85,30,10,20,,2 2 2 2 2 1 1 1 1 1 1 1 1 1 1 1 1 1 1 1 1 1 1 1 1,0.044444444444444446,success,False,False,
pm_stb,697,30,10,20,,2 1 1 1 1 1 1 1 1 1 1 1 1 1 1 1 1 1 1 1 1 1 1 1 1 1 1 1 1,0.035555555555555556,success,False,False,
pm_stb,201,30,10,20,,2 2 1 1 1 1 1 1 1 1 1 1 1 1 1 1 1 1 1 1 1 1 1 1 1 1 1 1,0.03777777777777778,success,False,False,
pm_stb,94,30,10,20,,2 2 1 1 1 1 1 1 1 1 1 1 1 1 1 1 1 1 1 1 1 1 1 1 1 1 1 1,0.03777777777777778,success,False,False,
pm_stb,89,30,8,22,,4 2 2 2 1 1 1 1 1 1 1 1 1 1 1 1 1 1 1 1 1 1 1 1,0.05333333333333334,success,False,False,
pm_stb,773,30,8,22,,2 1 1 1 1 1 1 1 1 1 1 1 1 1 1 1 1 1 1 1 1 1 1 1 1 1 1 1 1,0.035555555555555556,success,False,False,
pm_stb,654,30,8,22,,2 2 1 1 1 1 1 1 1 1 1 1 1 1 1 1 1 1 1 1 1 1 1 1 1 1 1 1,0.03777777777777778,success,False,False,
pm_stb,438,30,8,22,,2 2 2 1 1 1 1 1 1 1 1 1 1 1 1 1 1 1 1 1 1 1 1 1 1 1 1,0.04,success,False,False,
pm_stb,433,30,8,22,,2 2 2 1 1 1 1 1 1 1 1 1 1 1 1 1 1 1 1 1 1 1 1 1 1 1 1,0.04,success,False,False,
pm_stb,858,30,8,22,,2 2 2 1 1 1 1 1 1 1 1 1 1 1 1 1 1 1 1 1 1 1 1 1 1 1 1,0.04,success,False,False,
pm_stb,85,30,8,22,,2 1 1 1 1 1 1 1 1 1 1 1 1 1 1 1 1 1 1 1 1 1 1 1 1 1 1 1 1,0.035555555555555556,success,False,False,
pm_stb,697,30,8,22,,2 2 2 2 2 2 1 1 1 1 1 1 1 1 1 1 1 1 1 1 1 1 1 1,0.04666666666666667,success,False,False,
pm_stb,201,30,8,22,,2 2 1 1 1 1 1 1 1 1 1 1 1 1 1 1 1 1 1 1 1 1 1 1 1 1 1 1,0.03777777777777778,success,False,False,
pm_stb,94,30,8,22,,4 1 1 1 1 1 1 1 1 1 1 1 1 1 1 1 1 1 1 1 1 1 1 1 1 1 1,0.04666666666666667,success,False,False,
pm_stb,89,32,10,22,,2 2 2 2 1 1 1 1 1 1 1 1 1 1 1 1 1 1 1 1 1 1 1 1 1 1 1 1,0.0390625,success,False,False,
pm_stb,773,32,10,22,,2 2 2 2 1 1 1 1 1 1 1 1 1 1 1 1 1 1 1 1 1 1 1 1 1 1 1 1,0.0390625,success,False,False,
pm_stb,654,32,10,22,,3 2 2 1 1 1 1 1 1 1 1 1 1 1 1 1 1 1 1 1 1 1 1 1 1 1 1 1,0.041015625,success,False,False,
pm_stb,438,32,10,22,,2 2 1 1 1 1 1 1 1 1 1 1 1 1 1 1 1 1 1 1 1 1 1 1 1 1 1 1 1 1,0.03515625,success,False,False,
pm_stb,433,32,10,22,,2 1 1 1 1 1 1 1 1 1 1 1 1 1 1 1 1 1 1 1 1 1 1 1 1 1 1 1 1 1 1,0.033203125,success,False,False,
pm_stb,858,32,10,22,,3 2 2 1 1 1 1 1 1 1 1 1 1 1 1 1 1 1 1 1 1 1 1 1 1 1 1 1,0.041015625,success,False,False,
pm_stb,85,32,10,22,,1 1 1 1 1 1 1 1 1 1 1 1 1 1 1 1 1 1 1 1 1 1 1 1 1 1 1 1 1 1 1 1,0.03125,success,False,False,
pm_stb,697,32,10,22,,2 1 1 1 1 1 1 1 1 1 1 1 1 1 1 1 1 1 1 1 1 1 1 1 1 1 1 1 1 1 1,0.033203125,success,False,False,
pm_stb,201,32,10,22,,2 2 2 2 1 1 1 1 1 1 1 1 1 1 1 1 1 1 1 1 1 1 1 1 1 1 1 1,0.0390625,success,False,False,
pm_stb,94,32,10,22,,2 1 1 1 1 1 1 1 1 1 1 1 1 1 1 1 1 1 1 1 1 1 1 1 1 1 1 1 1 1 1,0.033203125,success,False,False,
pm_stb,89,37,15,22,,2 2 1 1 1 1 1 1 1 1 1 1 1 1 1 1 1 1 1 1 1 1 1 1 1 1 1 1 1 1 1 1 1 1 1,0.029948867786705625,success,False,False,
pm_stb,773,37,15,22,,2 2 2 2 2 2 2 1 1 1 1 1 1 1 1 1 1 1 1 1 1 1 1 1 1 1 1 1 1 1,0.03725346968590212,success,False,False,
pm_stb,654,37,15,22,,2 1 1 1 1 1 1 1 1 1 1 1 1 1 1 1 1 1 1 1 1 1 1 1 1 1 1 1 1 1 1 1 1 1 1 1,0.028487947406866325,success,False,False,
pm_stb,438,37,15,22,,2 1 1 1 1 1 1 1 1 1 1 1 1 1 1 1 1 1 1 1 1 1 1 1 1 1 1 1 1 1 1 1 1 1 1 1,0.028487947406866325,success,False,False,
pm_stb,433,37,15,22,,2 1 1 1 1 1 1 1 1 1 1 1 1 1 1 1 1 1 1 1 1 1 1 1 1 1 1 1 1 1 1 1 1 1 1 1,0.028487947406866325,success,False,False,
pm_stb,858,37,15,22,,2 2 1 1 1 1 1 1 1 1 1 1 1 1 1 1 1 1 1 1 1 1 1 1 1 1 1 1 1 1 1 1 1 1 1,0.029948867786705625,success,False,False,
pm_stb,85,37,15,22,,2 2 1 1 1 1 1 1 1 1 1 1 1 1 1 1 1 1 1 1 1 1 1 1 1 1 1 1 1 1 1 1 1 1 1,0.029948867786705625,success,False,False,
pm_stb,697,37,15,22,,3 2 2 2 2 2 2 1 1 1 1 1 1 1 1 1 1 1 1 1 1 1 1 1 1 1 1 1 1,0.04017531044558072,success,False,False,
pm_stb,201,37,15,22,,2 2 1 1 1 1 1 1 1 1 1 1 1 1 1 1 1 1 1 1 1 1 1 1 1 1 1 1 1 1 1 1 1 1 1,0.029948867786705625,success,False,False,
pm_stb,94,37,15,22,,2 2 2 2 2 2 2 2 1 1 1 1 1 1 1 1 1 1 1 1 1 1 1 1 1 1 1 1 1,0.03871439006574142,success,False,False,
pm_stb,89,42,20,22,,2 2 2 2 1 1 1 1 1 1 1 1 1 1 1 1 1 1 1 1 1 1 1 1 1 1 1 1 1 1 1 1 1 1 1 1 1 1,0.02834467120181406,success,False,False,
pm_stb,773,42,20,22,,2 2 2 1 1 1 1 1 1 1 1 1 1 1 1 1 1 1 1 1 1 1 1 1 1 1 1 1 1 1 1 1 1 1 1 1 1 1 1,0.027210884353741496,success,False,False,
pm_stb,654,42,20,22,,2 2 2 2 1 1 1 1 1 1 1 1 1 1 1 1 1 1 1 1 1 1 1 1 1 1 1 1 1 1 1 1 1 1 1 1 1 1,0.02834467120181406,success,False,False,
pm_stb,438,42,20,22,,2 2 2 1 1 1 1 1 1 1 1 1 1 1 1 1 1 1 1 1 1 1 1 1 1 1 1 1 1 1 1 1 1 1 1 1 1 1 1,0.027210884353741496,success,False,False,
pm_stb,433,42,20,22,,2 2 2 1 1 1 1 1 1 1 1 1 1 1 1 1 1 1 1 1 1 1 1 1 1 1 1 1 1 1 1 1 1 1 1 1 1 1 1,0.027210884353741496,success,False,False,
pm_stb,858,42,20,22,,2 2 2 1 1 1 1 1 1 1 1 1 1 1 1 1 1 1 1 1 1 1 1 1 1 1 1 1 1 1 1 1 1 1 1 1 1 1 1,0.027210884353741496,success,False,False,
pm_stb,85,42,20,22,,1 1 1 1 1 1 1 1 1 1 1 1 1 1 1 1 1 1 1 1 1 1 1 1 1 1 1 1 1 1 1 1 1 1 1 1 1 1 1 1 1 1,0.023809523809523808,success,False,False,
pm_stb,697,42,20,22,,2 2 1 1 1 1 1 1 1 1 1 1 1 1 1 1 1 1 1 1 1 1 1 1 1 1 1 1 1 1 1 1 1 1 1 1 1 1 1 1,0.026077097505668934,success,False,False,
pm_stb,201,42,20,22,,2 2 2 2 2 2 1 1 1 1 1 1 1 1 1 1 1 1 1 1 1 1 1 1 1 1 1 1 1 1 1 1 1 1 1 1,0.030612244897959183,success,False,False,
pm_stb,94,42,20,22,,2 2 2 2 1 1 1 1 1 1 1 1 1 1 1 1 1 1 1 1 1 1 1 1 1 1 1 1 1 1 1 1 1 1 1 1 1 1,0.02834467120181406,success,False,False,
pm_stb,89,47,25,22,,3 3 2 2 2 2 2 2 1 1 1 1 1 1 1 1 1 1 1 1 1 1 1 1 1 1 1 1 1 1 1 1 1 1 1 1 1,0.03214124038026256,success,False,False,
pm_stb,773,47,25,22,,4 2 2 2 2 2 2 2 1 1 1 1 1 1 1 1 1 1 1 1 1 1 1 1 1 1 1 1 1 1 1 1 1 1 1 1 1,0.033046627433227706,success,False,False,
pm_stb,654,47,25,22,,4 2 2 2 2 2 2 1 1 1 1 1 1 1 1 1 1 1 1 1 1 1 1 1 1 1 1 1 1 1 1 1 1 1 1 1 1 1,0.03214124038026256,success,False,False,
pm_stb,438,47,25,22,,2 2 2 2 2 2 1 1 1 1 1 1 1 1 1 1 1 1 1 1 1 1 1 1 1 1 1 1 1 1 1 1 1 1 1 1 1 1 1 1 1,0.026708918062471707,success,False,False,
pm_stb,433,47,25,22,,2 2 2 2 2 2 1 1 1 1 1 1 1 1 1 1 1 1 1 1 1 1 1 1 1 1 1 1 1 1 1 1 1 1 1 1 1 1 1 1 1,0.026708918062471707,success,False,False,
pm_stb,858,47,25,22,,2 2 2 2 2 1 1 1 1 1 1 1 1 1 1 1 1 1 1 1 1 1 1 1 1 1 1 1 1 1 1 1 1 1 1 1 1 1 1 1 1 1,0.025803531009506563,success,False,False,
pm_stb,85,47,25,22,,2 2 2 2 2 2 2 2 2 2 1 1 1 1 1 1 1 1 1 1 1 1 1 1 1 1 1 1 1 1 1 1 1 1 1 1 1,0.030330466274332276,success,False,False,
pm_stb,697,47,25,22,,2 2 2 1 1 1 1 1 1 1 1 1 1 1 1 1 1 1 1 1 1 1 1 1 1 1 1 1 1 1 1 1 1 1 1 1 1 1 1 1 1 1 1 1,0.02399275690357628,success,False,False,
pm_stb,201,47,25,22,,3 3 2 2 2 2 2 1 1 1 1 1 1 1 1 1 1 1 1 1 1 1 1 1 1 1 1 1 1 1 1 1 1 1 1 1 1 1,0.03123585332729742,success,False,False,
pm_stb,94,47,25,22,,2 2 1 1 1 1 1 1 1 1 1 1 1 1 1 1 1 1 1 1 1 1 1 1 1 1 1 1 1 1 1 1 1 1 1 1 1 1 1 1 1 1 1 1 1,0.023087369850611137,success,False,False,
pm_stb,89,32,8,24,,2 2 2 2 1 1 1 1 1 1 1 1 1 1 1 1 1 1 1 1 1 1 1 1 1 1 1 1,0.0390625,success,False,False,
pm_stb,773,32,8,24,,2 2 2 1 1 1 1 1 1 1 1 1 1 1 1 1 1 1 1 1 1 1 1 1 1 1 1 1 1,0.037109375,success,False,False,
pm_stb,654,32,8,24,,2 1 1 1 1 1 1 1 1 1 1 1 1 1 1 1 1 1 1 1 1 1 1 1 1 1 1 1 1 1 1,0.033203125,success,False,False,
pm_stb,438,32,8,24,,2 2 2 1 1 1 1 1 1 1 1 1 1 1 1 1 1 1 1 1 1 1 1 1 1 1 1 1 1,0.037109375,success,False,False,
pm_stb,433,32,8,24,,2 2 1 1 1 1 1 1 1 1 1 1 1 1 1 1 1 1 1 1 1 1 1 1 1 1 1 1 1 1,0.03515625,success,False,False,
pm_stb,858,32,8,24,,2 2 2 1 1 1 1 1 1 1 1 1 1 1 1 1 1 1 1 1 1 1 1 1 1 1 1 1 1,0.037109375,success,False,False,
pm_stb,85,32,8,24,,2 2 2 1 1 1 1 1 1 1 1 1 1 1 1 1 1 1 1 1 1 1 1 1 1 1 1 1 1,0.037109375,success,False,False,
pm_stb,697,32,8,24,,2 2 2 1 1 1 1 1 1 1 1 1 1 1 1 1 1 1 1 1 1 1 1 1 1 1 1 1 1,0.037109375,success,False,False,
pm_stb,201,32,8,24,,2 1 1 1 1 1 1 1 1 1 1 1 1 1 1 1 1 1 1 1 1 1 1 1 1 1 1 1 1 1 1,0.033203125,success,False,False,
pm_stb,94,32,8,24,,2 2 2 1 1 1 1 1 1 1 1 1 1 1 1 1 1 1 1 1 1 1 1 1 1 1 1 1 1,0.037109375,success,False,False,
pm_stb,89,30,5,25,,3 2 2 1 1 1 1 1 1 1 1 1 1 1 1 1 1 1 1 1 1 1 1 1 1 1,0.044444444444444446,success,False,False,
pm_stb,773,30,5,25,,2 2 1 1 1 1 1 1 1 1 1 1 1 1 1 1 1 1 1 1 1 1 1 1 1 1 1 1,0.03777777777777778,success,False,False,
pm_stb,654,30,5,25,,2 2 2 1 1 1 1 1 1 1 1 1 1 1 1 1 1 1 1 1 1 1 1 1 1 1 1,0.04,success,False,False,
pm_stb,438,30,5,25,,2 2 1 1 1 1 1 1 1 1 1 1 1 1 1 1 1 1 1 1 1 1 1 1 1 1 1 1,0.03777777777777778,success,False,False,
pm_stb,433,30,5,25,,3 2 2 2 1 1 1 1 1 1 1 1 1 1 1 1 1 1 1 1 1 1 1 1 1,0.04666666666666667,success,False,False,
pm_stb,858,30,5,25,,2 2 1 1 1 1 1 1 1 1 1 1 1 1 1 1 1 1 1 1 1 1 1 1 1 1 1 1,0.03777777777777778,success,False,False,
pm_stb,85,30,5,25,,2 2 1 1 1 1 1 1 1 1 1 1 1 1 1 1 1 1 1 1 1 1 1 1 1 1 1 1,0.03777777777777778,success,False,False,
pm_stb,697,30,5,25,,2 2 2 1 1 1 1 1 1 1 1 1 1 1 1 1 1 1 1 1 1 1 1 1 1 1 1,0.04,success,False,False,
pm_stb,201,30,5,25,,2 2 2 1 1 1 1 1 1 1 1 1 1 1 1 1 1 1 1 1 1 1 1 1 1 1 1,0.04,success,False,False,
pm_stb,94,30,5,25,,3 2 1 1 1 1 1 1 1 1 1 1 1 1 1 1 1 1 1 1 1 1 1 1 1 1 1,0.042222222222222223,success,False,False,
pm_stb,89,30,4,26,,4 2 2 2 1 1 1 1 1 1 1 1 1 1 1 1 1 1 1 1 1 1 1 1,0.05333333333333334,success,False,False,
pm_stb,773,30,4,26,,3 2 2 2 2 2 2 2 1 1 1 1 1 1 1 1 1 1 1 1 1,0.05555555555555555,success,False,False,
pm_stb,654,30,4,26,,3 2 2 2 2 2 2 2 1 1 1 1 1 1 1 1 1 1 1 1 1,0.05555555555555555,success,False,False,
pm_stb,438,30,4,26,,2 2 2 1 1 1 1 1 1 1 1 1 1 1 1 1 1 1 1 1 1 1 1 1 1 1 1,0.04,success,False,False,
pm_stb,433,30,4,26,,2 2 2 2 2 1 1 1 1 1 1 1 1 1 1 1 1 1 1 1 1 1 1 1 1,0.044444444444444446,success,False,False,
pm_stb,858,30,4,26,,1 1 1 1 1 1 1 1 1 1 1 1 1 1 1 1 1 1 1 1 1 1 1 1 1 1 1 1 1 1,0.03333333333333333,success,False,False,
pm_stb,85,30,4,26,,3 2 2 2 2 1 1 1 1 1 1 1 1 1 1 1 1 1 1 1 1 1 1 1,0.04888888888888889,success,False,False,
pm_stb,697,30,4,26,,2 2 2 2 2 2 1 1 1 1 1 1 1 1 1 1 1 1 1 1 1 1 1 1,0.04666666666666667,success,False,False,
pm_stb,201,30,4,26,,2 1 1 1 1 1 1 1 1 1 1 1 1 1 1 1 1 1 1 1 1 1 1 1 1 1 1 1 1,0.035555555555555556,success,False,False,
pm_stb,94,30,4,26,,2 2 2 2 2 1 1 1 1 1 1 1 1 1 1 1 1 1 1 1 1 1 1 1 1,0.044444444444444446,success,False,False,
pm_stb,89,32,5,27,,2 2 1 1 1 1 1 1 1 1 1 1 1 1 1 1 1 1 1 1 1 1 1 1 1 1 1 1 1 1,0.03515625,success,False,False,
pm_stb,773,32,5,27,,2 2 2 1 1 1 1 1 1 1 1 1 1 1 1 1 1 1 1 1 1 1 1 1 1 1 1 1 1,0.037109375,success,False,False,
pm_stb,654,32,5,27,,1 1 1 1 1 1 1 1 1 1 1 1 1 1 1 1 1 1 1 1 1 1 1 1 1 1 1 1 1 1 1 1,0.03125,success,False,False,
pm_stb,438,32,5,27,,2 2 2 2 2 1 1 1 1 1 1 1 1 1 1 1 1 1 1 1 1 1 1 1 1 1 1,0.041015625,success,False,False,
pm_stb,433,32,5,27,,3 2 2 2 2 2 1 1 1 1 1 1 1 1 1 1 1 1 1 1 1 1 1 1 1,0.046875,success,False,False,
pm_stb,858,32,5,27,,3 2 2 1 1 1 1 1 1 1 1 1 1 1 1 1 1 1 1 1 1 1 1 1 1 1 1 1,0.041015625,success,False,False,
pm_stb,85,32,5,27,,2 1 1 1 1 1 1 1 1 1 1 1 1 1 1 1 1 1 1 1 1 1 1 1 1 1 1 1 1 1 1,0.033203125,success,False,False,
pm_stb,697,32,5,27,,2 2 2 2 1 1 1 1 1 1 1 1 1 1 1 1 1 1 1 1 1 1 1 1 1 1 1 1,0.0390625,success,False,False,
pm_stb,201,32,5,27,,3 2 2 2 2 2 1 1 1 1 1 1 1 1 1 1 1 1 1 1 1 1 1 1 1,0.046875,success,False,False,
pm_stb,94,32,5,27,,2 2 2 1 1 1 1 1 1 1 1 1 1 1 1 1 1 1 1 1 1 1 1 1 1 1 1 1 1,0.037109375,success,False,False,
pm_stb,89,37,10,27,,2 1 1 1 1 1 1 1 1 1 1 1 1 1 1 1 1 1 1 1 1 1 1 1 1 1 1 1 1 1 1 1 1 1 1 1,0.028487947406866325,success,False,False,
pm_stb,773,37,10,27,,2 2 2 2 2 2 2 1 1 1 1 1 1 1 1 1 1 1 1 1 1 1 1 1 1 1 1 1 1 1,0.03725346968590212,success,False,False,
pm_stb,654,37,10,27,,2 2 2 1 1 1 1 1 1 1 1 1 1 1 1 1 1 1 1 1 1 1 1 1 1 1 1 1 1 1 1 1 1 1,0.031409788166544925,success,False,False,
pm_stb,438,37,10,27,,2 2 2 1 1 1 1 1 1 1 1 1 1 1 1 1 1 1 1 1 1 1 1 1 1 1 1 1 1 1 1 1 1 1,0.031409788166544925,success,False,False,
pm_stb,433,37,10,27,,3 2 2 2 1 1 1 1 1 1 1 1 1 1 1 1 1 1 1 1 1 1 1 1 1 1 1 1 1 1 1 1,0.03579254930606282,success,False,False,
pm_stb,858,37,10,27,,2 1 1 1 1 1 1 1 1 1 1 1 1 1 1 1 1 1 1 1 1 1 1 1 1 1 1 1 1 1 1 1 1 1 1 1,0.028487947406866325,success,False,False,
pm_stb,85,37,10,27,,2 2 2 2 1 1 1 1 1 1 1 1 1 1 1 1 1 1 1 1 1 1 1 1 1 1 1 1 1 1 1 1 1,0.03287070854638422,success,False,False,
pm_stb,697,37,10,27,,2 2 2 2 2 2 2 1 1 1 1 1 1 1 1 1 1 1 1 1 1 1 1 1 1 1 1 1 1 1,0.03725346968590212,success,False,False,
pm_stb,201,37,10,27,,4 2 2 2 2 2 2 1 1 1 1 1 1 1 1 1 1 1 1 1 1 1 1 1 1 1 1 1,0.04455807158509861,success,False,False,
pm_stb,94,37,10,27,,3 2 2 2 2 1 1 1 1 1 1 1 1 1 1 1 1 1 1 1 1 1 1 1 1 1 1 1 1 1 1,0.03725346968590212,success,False,False,
pm_stb,89,42,15,27,,2 2 2 1 1 1 1 1 1 1 1 1 1 1 1 1 1 1 1 1 1 1 1 1 1 1 1 1 1 1 1 1 1 1 1 1 1 1 1,0.027210884353741496,success,False,False,
pm_stb,773,42,15,27,,2 2 1 1 1 1 1 1 1 1 1 1 1 1 1 1 1 1 1 1 1 1 1 1 1 1 1 1 1 1 1 1 1 1 1 1 1 1 1 1,0.026077097505668934,success,False,False,
pm_stb,654,42,15,27,,2 2 2 2 1 1 1 1 1 1 1 1 1 1 1 1 1 1 1 1 1 1 1 1 1 1 1 1 1 1 1 1 1 1 1 1 1 1,0.02834467120181406,success,False,False,
pm_stb,438,42,15,27,,2 2 1 1 1 1 1 1 1 1 1 1 1 1 1 1 1 1 1 1 1 1 1 1 1 1 1 1 1 1 1 1 1 1 1 1 1 1 1 1,0.026077097505668934,success,False,False,
pm_stb,433,42,15,27,,2 2 2 2 2 2 2 2 1 1 1 1 1 1 1 1 1 1 1 1 1 1 1 1 1 1 1 1 1 1 1 1 1 1,0.032879818594104306,success,False,False,
pm_stb,858,42,15,27,,2 2 2 2 2 1 1 1 1 1 1 1 1 1 1 1 1 1 1 1 1 1 1 1 1 1 1 1 1 1 1 1 1 1 1 1 1,0.02947845804988662,success,False,False,
pm_stb,85,42,15,27,,3 2 2 2 1 1 1 1 1 1 1 1 1 1 1 1 1 1 1 1 1 1 1 1 1 1 1 1 1 1 1 1 1 1 1 1 1,0.030612244897959183,success,False,False,
pm_stb,697,42,15,27,,2 1 1 1 1 1 1 1 1 1 1 1 1 1 1 1 1 1 1 1 1 1 1 1 1 1 1 1 1 1 1 1 1 1 1 1 1 1 1 1 1,0.024943310657596373,success,False,False,
pm_stb,201,42,15,27,,2 2 2 2 2 1 1 1 1 1 1 1 1 1 1 1 1 1 1 1 1 1 1 1 1 1 1 1 1 1 1 1 1 1 1 1 1,0.02947845804988662,success,False,False,
pm_stb,94,42,15,27,,2 2 2 2 1 1 1 1 1 1 1 1 1 1 1 1 1 1 1 1 1 1 1 1 1 1 1 1 1 1 1 1 1 1 1 1 1 1,0.02834467120181406,success,False,False,
pm_stb,89,47,20,27,,2 2 2 1 1 1 1 1 1 1 1 1 1 1 1 1 1 1 1 1 1 1 1 1 1 1 1 1 1 1 1 1 1 1 1 1 1 1 1 1 1 1 1 1,0.02399275690357628,success,False,False,
pm_stb,773,47,20,27,,2 2 1 1 1 1 1 1 1 1 1 1 1 1 1 1 1 1 1 1 1 1 1 1 1 1 1 1 1 1 1 1 1 1 1 1 1 1 1 1 1 1 1 1 1,0.023087369850611137,success,False,False,
pm_stb,654,47,20,27,,2 2 2 1 1 1 1 1 1 1 1 1 1 1 1 1 1 1 1 1 1 1 1 1 1 1 1 1 1 1 1 1 1 1 1 1 1 1 1 1 1 1 1 1,0.02399275690357628,success,False,False,
pm_stb,438,47,20,27,,4 2 2 2 2 2 2 1 1 1 1 1 1 1 1 1 1 1 1 1 1 1 1 1 1 1 1 1 1 1 1 1 1 1 1 1 1 1,0.03214124038026256,success,False,False,
pm_stb,433,47,20,27,,2 2 2 1 1 1 1 1 1 1 1 1 1 1 1 1 1 1 1 1 1 1 1 1 1 1 1 1 1 1 1 1 1 1 1 1 1 1 1 1 1 1 1 1,0.02399275690357628,success,False,False,
pm_stb,858,47,20,27,,2 2 2 2 2 1 1 1 1 1 1 1 1 1 1 1 1 1 1 1 1 1 1 1 1 1 1 1 1 1 1 1 1 1 1 1 1 1 1 1 1 1,0.025803531009506563,success,False,False,
pm_stb,85,47,20,27,,2 2 2 2 2 2 1 1 1 1 1 1 1 1 1 1 1 1 1 1 1 1 1 1 1 1 1 1 1 1 1 1 1 1 1 1 1 1 1 1 1,0.026708918062471707,success,False,False,
pm_stb,697,47,20,27,,2 2 2 1 1 1 1 1 1 1 1 1 1 1 1 1 1 1 1 1 1 1 1 1 1 1 1 1 1 1 1 1 1 1 1 1 1 1 1 1 1 1 1 1,0.02399275690357628,success,False,False,
pm_stb,201,47,20,27,,2 2 2 2 2 2 1 1 1 1 1 1 1 1 1 1 1 1 1 1 1 1 1 1 1 1 1 1 1 1 1 1 1 1 1 1 1 1 1 1 1,0.026708918062471707,success,False,False,
pm_stb,94,47,20,27,,2 2 1 1 1 1 1 1 1 1 1 1 1 1 1 1 1 1 1 1 1 1 1 1 1 1 1 1 1 1 1 1 1 1 1 1 1 1 1 1 1 1 1 1 1,0.023087369850611137,success,False,False,
pm_stb,89,32,4,28,,2 1 1 1 1 1 1 1 1 1 1 1 1 1 1 1 1 1 1 1 1 1 1 1 1 1 1 1 1 1 1,0.033203125,success,False,False,
pm_stb,773,32,4,28,,2 2 1 1 1 1 1 1 1 1 1 1 1 1 1 1 1 1 1 1 1 1 1 1 1 1 1 1 1 1,0.03515625,success,False,False,
pm_stb,654,32,4,28,,3 2 2 1 1 1 1 1 1 1 1 1 1 1 1 1 1 1 1 1 1 1 1 1 1 1 1 1,0.041015625,success,False,False,
pm_stb,438,32,4,28,,2 2 1 1 1 1 1 1 1 1 1 1 1 1 1 1 1 1 1 1 1 1 1 1 1 1 1 1 1 1,0.03515625,success,False,False,
pm_stb,433,32,4,28,,3 2 1 1 1 1 1 1 1 1 1 1 1 1 1 1 1 1 1 1 1 1 1 1 1 1 1 1 1,0.0390625,success,False,False,
pm_stb,858,32,4,28,,4 3 2 2 2 2 1 1 1 1 1 1 1 1 1 1 1 1 1 1 1 1 1,0.056640625,success,False,False,
pm_stb,85,32,4,28,,4 2 2 2 2 1 1 1 1 1 1 1 1 1 1 1 1 1 1 1 1 1 1 1 1,0.05078125,success,False,False,
pm_stb,697,32,4,28,,2 2 2 2 2 2 1 1 1 1 1 1 1 1 1 1 1 1 1 1 1 1 1 1 1 1,0.04296875,success,False,False,
pm_stb,201,32,4,28,,3 2 2 2 1 1 1 1 1 1 1 1 1 1 1 1 1 1 1 1 1 1 1 1 1 1 1,0.04296875,success,False,False,
pm_stb,94,32,4,28,,2 2 2 2 1 1 1 1 1 1 1 1 1 1 1 1 1 1 1 1 1 1 1 1 1 1 1 1,0.0390625,success,False,False,
pm_stb,89,37,8,29,,2 2 1 1 1 1 1 1 1 1 1 1 1 1 1 1 1 1 1 1 1 1 1 1 1 1 1 1 1 1 1 1 1 1 1,0.029948867786705625,success,False,False,
pm_stb,773,37,8,29,,,,timeout,True,False,
pm_stb,654,37,8,29,,,,timeout,True,False,
pm_stb,438,37,8,29,,,,timeout,True,False,
pm_stb,433,37,8,29,,,,timeout,True,False,
pm_stb,858,37,8,29,,,,timeout,True,False,
pm_stb,85,37,8,29,,,,timeout,True,False,
pm_stb,697,37,8,29,,,,timeout,True,False,
pm_stb,201,37,8,29,,,,timeout,True,False,
pm_stb,94,37,8,29,,,,timeout,True,False,
pm_stb,438,30,0,30,,,,timeout,True,False,
pm_stb,433,30,0,30,,,,timeout,True,False,
pm_stb,858,30,0,30,,,,timeout,True,False,
pm_stb,85,30,0,30,,,,timeout,True,False,
pm_stb,697,30,0,30,,,,timeout,True,False,
pm_stb,201,30,0,30,,,,timeout,True,False,
pm_stb,94,30,0,30,,,,timeout,True,False,
pm_stb,89,32,0,32,,,,timeout,True,False,
pm_stb,773,32,0,32,,,,timeout,True,False,
pm_stb,654,32,0,32,,,,timeout,True,False,
pm_stb,438,32,0,32,,,,timeout,True,False,
pm_stb,433,32,0,32,,,,timeout,True,False,
pm_stb,858,32,0,32,,,,timeout,True,False,
pm_stb,85,32,0,32,,,,timeout,True,False,
pm_stb,697,32,0,32,,,,timeout,True,False,
pm_stb,201,32,0,32,,,,timeout,True,False,
pm_stb,94,32,0,32,,,,timeout,True,False,
pm_stb,89,37,5,32,,,,timeout,True,False,
pm_stb,773,37,5,32,,,,timeout,True,False,
pm_stb,654,37,5,32,,,,timeout,True,False,
pm_stb,438,37,5,32,,,,timeout,True,False,
pm_stb,433,37,5,32,,,,timeout,True,False,
pm_stb,858,37,5,32,,,,timeout,True,False,
pm_stb,85,37,5,32,,,,timeout,True,False,
pm_stb,697,37,5,32,,,,timeout,True,False,
pm_stb,201,37,5,32,,,,timeout,True,False,
pm_stb,94,37,5,32,,,,timeout,True,False,
pm_stb,89,42,10,32,,,,timeout,True,False,
pm_stb,773,42,10,32,,,,timeout,True,False,
pm_stb,654,42,10,32,,,,timeout,True,False,
pm_stb,438,42,10,32,,,,timeout,True,False,
pm_stb,433,42,10,32,,,,timeout,True,False,
pm_stb,858,42,10,32,,,,timeout,True,False,
pm_stb,85,42,10,32,,,,timeout,True,False,
pm_stb,697,42,10,32,,,,timeout,True,False,
pm_stb,201,42,10,32,,,,timeout,True,False,
pm_stb,94,42,10,32,,,,timeout,True,False,
pm_stb,89,47,15,32,,,,timeout,True,False,
pm_stb,773,47,15,32,,,,timeout,True,False,
pm_stb,654,47,15,32,,,,timeout,True,False,
pm_stb,438,47,15,32,,,,timeout,True,False,
pm_stb,433,47,15,32,,,,timeout,True,False,
pm_stb,858,47,15,32,,,,timeout,True,False,
pm_stb,85,47,15,32,,,,timeout,True,False,
pm_stb,697,47,15,32,,,,timeout,True,False,
pm_stb,201,47,15,32,,,,timeout,True,False,
pm_stb,94,47,15,32,,,,timeout,True,False,
pm_stb,89,37,4,33,,,,timeout,True,False,
pm_stb,773,37,4,33,,,,timeout,True,False,
pm_stb,654,37,4,33,,,,timeout,True,False,
pm_stb,438,37,4,33,,,,timeout,True,False,
pm_stb,433,37,4,33,,,,timeout,True,False,
pm_stb,858,37,4,33,,,,timeout,True,False,
pm_stb,85,37,4,33,,,,timeout,True,False,
pm_stb,697,37,4,33,,,,timeout,True,False,
pm_stb,201,37,4,33,,,,timeout,True,False,
pm_stb,94,37,4,33,,,,timeout,True,False,
pm_stb,89,42,8,34,,,,timeout,True,False,
pm_stb,773,42,8,34,,,,timeout,True,False,
pm_stb,654,42,8,34,,,,timeout,True,False,
pm_stb,438,42,8,34,,,,timeout,True,False,
pm_stb,433,42,8,34,,,,timeout,True,False,
pm_stb,858,42,8,34,,,,timeout,True,False,
pm_stb,85,42,8,34,,,,timeout,True,False,
pm_stb,697,42,8,34,,,,timeout,True,False,
pm_stb,201,42,8,34,,,,timeout,True,False,
pm_stb,94,42,8,34,,,,timeout,True,False,
pm_stb,89,37,0,37,,,,timeout,True,False,
pm_stb,773,37,0,37,,,,timeout,True,False,
pm_stb,654,37,0,37,,,,timeout,True,False,
pm_stb,438,37,0,37,,,,timeout,True,False,
pm_stb,433,37,0,37,,,,timeout,True,False,
pm_stb,858,37,0,37,,,,timeout,True,False,
pm_stb,85,37,0,37,,,,timeout,True,False,
pm_stb,697,37,0,37,,,,timeout,True,False,
pm_stb,201,37,0,37,,,,timeout,True,False,
pm_stb,94,37,0,37,,,,timeout,True,False,
pm_stb,89,42,5,37,,,,timeout,True,False,
pm_stb,773,42,5,37,,,,timeout,True,False,
pm_stb,654,42,5,37,,,,timeout,True,False,
pm_stb,438,42,5,37,,,,timeout,True,False,
pm_stb,433,42,5,37,,,,timeout,True,False,
pm_stb,858,42,5,37,,,,timeout,True,False,
pm_stb,85,42,5,37,,,,timeout,True,False,
pm_stb,697,42,5,37,,,,timeout,True,False,
pm_stb,201,42,5,37,,,,timeout,True,False,
pm_stb,94,42,5,37,,,,timeout,True,False,
pm_stb,89,47,10,37,,,,timeout,True,False,
pm_stb,773,47,10,37,,,,timeout,True,False,
pm_stb,654,47,10,37,,,,timeout,True,False,
pm_stb,438,47,10,37,,,,timeout,True,False,
pm_stb,433,47,10,37,,,,timeout,True,False,
pm_stb,858,47,10,37,,,,timeout,True,False,
pm_stb,85,47,10,37,,,,timeout,True,False,
pm_stb,697,47,10,37,,,,timeout,True,False,
pm_stb,201,47,10,37,,,,timeout,True,False,
pm_stb,94,47,10,37,,,,timeout,True,False,
pm_stb,89,42,4,38,,,,timeout,True,False,
pm_stb,773,42,4,38,,,,timeout,True,False,
pm_stb,654,42,4,38,,,,timeout,True,False,
pm_stb,438,42,4,38,,,,timeout,True,False,
pm_stb,433,42,4,38,,,,timeout,True,False,
pm_stb,858,42,4,38,,,,timeout,True,False,
pm_stb,85,42,4,38,,,,timeout,True,False,
pm_stb,697,42,4,38,,,,timeout,True,False,
pm_stb,201,42,4,38,,,,timeout,True,False,
pm_stb,94,42,4,38,,,,timeout,True,False,
pm_stb,89,47,8,39,,,,timeout,True,False,
pm_stb,773,47,8,39,,,,timeout,True,False,
pm_stb,654,47,8,39,,,,timeout,True,False,
pm_stb,438,47,8,39,,,,timeout,True,False,
pm_stb,433,47,8,39,,,,timeout,True,False,
pm_stb,858,47,8,39,,,,timeout,True,False,
pm_stb,85,47,8,39,,,,timeout,True,False,
pm_stb,697,47,8,39,,,,timeout,True,False,
pm_stb,201,47,8,39,,,,timeout,True,False,
pm_stb,94,47,8,39,,,,timeout,True,False,
pm_stb,89,42,0,42,,,,timeout,True,False,
pm_stb,773,42,0,42,,,,timeout,True,False,
pm_stb,654,42,0,42,,,,timeout,True,False,
pm_stb,438,42,0,42,,,,timeout,True,False,
pm_stb,433,42,0,42,,,,timeout,True,False,
pm_stb,858,42,0,42,,,,timeout,True,False,
pm_stb,85,42,0,42,,,,timeout,True,False,
pm_stb,697,42,0,42,,,,timeout,True,False,
pm_stb,201,42,0,42,,,,timeout,True,False,
pm_stb,94,42,0,42,,,,timeout,True,False,
pm_stb,89,47,5,42,,,,timeout,True,False,
pm_stb,773,47,5,42,,,,timeout,True,False,
pm_stb,654,47,5,42,,,,timeout,True,False,
pm_stb,438,47,5,42,,,,timeout,True,False,
pm_stb,433,47,5,42,,,,timeout,True,False,
pm_stb,858,47,5,42,,,,timeout,True,False,
pm_stb,85,47,5,42,,,,timeout,True,False,
pm_stb,697,47,5,42,,,,timeout,True,False,
pm_stb,201,47,5,42,,,,timeout,True,False,
pm_stb,94,47,5,42,,,,timeout,True,False,
pm_stb,89,47,4,43,,,,timeout,True,False,
pm_stb,773,47,4,43,,,,timeout,True,False,
pm_stb,654,47,4,43,,,,timeout,True,False,
pm_stb,438,47,4,43,,,,timeout,True,False,
pm_stb,433,47,4,43,,,,timeout,True,False,
pm_stb,858,47,4,43,,,,timeout,True,False,
pm_stb,85,47,4,43,,,,timeout,True,False,
pm_stb,697,47,4,43,,,,timeout,True,False,
pm_stb,201,47,4,43,,,,timeout,True,False,
pm_stb,94,47,4,43,,,,timeout,True,False,
pm_stb,89,47,0,47,,,,timeout,True,False,
pm_stb,773,47,0,47,,,,timeout,True,False,
pm_stb,654,47,0,47,,,,timeout,True,False,
pm_stb,438,47,0,47,,,,timeout,True,False,
pm_stb,433,47,0,47,,,,timeout,True,False,
pm_stb,858,47,0,47,,,,timeout,True,False,
pm_stb,85,47,0,47,,,,timeout,True,False,
pm_stb,697,47,0,47,,,,timeout,True,False,
pm_stb,201,47,0,47,,,,timeout,True,False,
pm_stb,94,47,0,47,,,,timeout,True,False,
